{
    "input_params": {
        "polymer_type": "ring",
        "knot_type": "Trefoil",
        "configuration": "input/init_config_Z/TrefoilN64M40H20.00rho0.30.dat",
        "mu_b": 0.870821,
        "M": 40,
        "init_N": 64,
        "rho_b": 0.3,
        "box_xy": 20.65591117977289,
        "H": 20.0,
        "rcut": 1.0,
        "max_N": 213,
        "potential_type": "custom"
    },
    "simulation_params": {
        "EPS_TRANS": 0.05,
        "ROT_RATIO": 0.3,
        "K_MAX": 10,
        "sample_interval": 100,
        "sample_time": 40000,
        "sample_block": 4,
        "dz": 0.02
    },
    "Vext_params": {
        "An": [
            0.9992043920994932,
            -2.1853167630540176,
            -0.9547656200389387,
            0.24558715852074373
        ],
        "phi_n": [
            3.1945165600627807,
            4.947186730579539,
            1.75015308317072,
            5.930038867518276
        ],
        "Vlin_par": [
            [
                0.525368630836877,
                -0.6321985119691776,
                -0.6636284538016007,
                2.1290351730190076
            ],
            [
                0.7516000445952737,
                -2.0343555631302963,
                -0.6165481456035095,
                0.3667452399826361
            ]
        ],
        "x_tar": [
            [
                0.01125891607214946,
                -8.36306852689141,
                -8.79219291923263,
                -6.107440948612711
            ],
            [
                6.144721852430859,
                9.234743821720791,
                -5.0680935651086845,
                4.436299476962846
            ]
        ],
        "C": 1.0
    },
    "output_params": {
        "output_dir": "output/OUT_config_0007_KnotTrefoil_H20.0_rho0.30",
        "output_prefix": "mc_sim_Trefoil_H20.0_rho0.30_M40"
    }
}