{
    "input_params": {
        "polymer_type": "ring",
        "knot_type": "5_1Knot",
        "configuration": "input/init_config_Z/5_1KnotN64M40H20.00rho0.50.dat",
        "mu_b": 0.870821,
        "M": 40,
        "init_N": 64,
        "rho_b": 0.5,
        "box_xy": 16.0,
        "H": 20.0,
        "rcut": 1.0,
        "max_N": 128,
        "potential_type": "custom"
    },
    "simulation_params": {
        "EPS_TRANS": 0.02,
        "ROT_RATIO": 0.3,
        "K_MAX": 10,
        "sample_interval": 100,
        "sample_time": 40000,
        "sample_block": 4,
        "dz": 0.02
    },
    "Vext_params": {
        "An": [
            -1.0361408184591063,
            0.019696691341463197,
            -3.2062839624613764,
            -0.24106698714817157
        ],
        "phi_n": [
            1.0885960415264233,
            1.7810730412896827,
            6.074385114067875,
            3.9315202721442515
        ],
        "Vlin_par": [
            [
                1.0100665002182798,
                0.5961509678551514,
                -1.0060616631625285,
                1.7922033637335928
            ],
            [
                -0.031033791370131715,
                2.7518267532663665,
                1.6608316278413455,
                4.59386806295615
            ]
        ],
        "x_tar": [
            [
                8.628816716951814,
                -0.6362347811506037,
                -6.690107553212927,
                -9.470860205757813
            ],
            [
                9.1095886596535,
                9.187924819946115,
                5.341179953111109,
                -6.602348305347312
            ]
        ],
        "C": 1.0
    },
    "output_params": {
        "output_dir": "output/OUT_config_0017_Knot5_1Knot_H20.0_rho0.50",
        "output_prefix": "mc_sim_5_1Knot_H20.0_rho0.50_M40"
    }
}