{
    "input_params": {
        "polymer_type": "ring",
        "knot_type": "4_1Knot",
        "configuration": "input/init_config_Z/4_1KnotN64M40H20.00rho0.10.dat",
        "mu_b": 0.870821,
        "M": 40,
        "init_N": 64,
        "rho_b": 0.1,
        "box_xy": 35.77708763999664,
        "H": 20.0,
        "rcut": 1.0,
        "max_N": 640,
        "potential_type": "custom"
    },
    "simulation_params": {
        "EPS_TRANS": 0.1,
        "ROT_RATIO": 0.3,
        "K_MAX": 10,
        "sample_interval": 100,
        "sample_time": 40000,
        "sample_block": 4,
        "dz": 0.02
    },
    "Vext_params": {
        "An": [
            0.4548742385873685,
            -0.41989865703409246,
            -0.720397393660526,
            1.9330126442936462
        ],
        "phi_n": [
            5.626279920568356,
            2.431652691660864,
            0.026087335432219604,
            4.762491209526543
        ],
        "Vlin_par": [
            [
                -2.571755147544187,
                3.6416340319186644,
                -1.4112072553509483,
                -0.4826925958999328
            ],
            [
                2.6220290402126016,
                1.9695403351818057,
                -0.9471508436304389,
                -1.6571153679487565
            ]
        ],
        "x_tar": [
            [
                -8.249155240031047,
                -9.21334747128057,
                -9.789493066140295,
                -8.622736297109753
            ],
            [
                5.094820552232083,
                -7.160561967365348,
                0.9668026943042207,
                9.86728118841891
            ]
        ],
        "C": 1.0
    },
    "output_params": {
        "output_dir": "output/OUT_config_0003_Knot4_1Knot_H20.0_rho0.10",
        "output_prefix": "mc_sim_4_1Knot_H20.0_rho0.10_M40"
    }
}