{
    "input_params": {
        "polymer_type": "ring",
        "knot_type": "Trefoil",
        "configuration": "input/init_config_Z/TrefoilN64M40H20.00rho0.50.dat",
        "mu_b": 0.870821,
        "M": 40,
        "init_N": 64,
        "rho_b": 0.5,
        "box_xy": 16.0,
        "H": 20.0,
        "rcut": 1.0,
        "max_N": 128,
        "potential_type": "custom"
    },
    "simulation_params": {
        "EPS_TRANS": 0.02,
        "ROT_RATIO": 0.3,
        "K_MAX": 10,
        "sample_interval": 100,
        "sample_time": 40000,
        "sample_block": 4,
        "dz": 0.02
    },
    "Vext_params": {
        "An": [
            0.6719968256598609,
            0.8902724936425563,
            -0.7852576661805948,
            -0.2772786780501955
        ],
        "phi_n": [
            1.8307966747513813,
            2.3410416329834733,
            5.236340650309704,
            5.214086142129313
        ],
        "Vlin_par": [
            [
                -4.0165609882642626,
                -2.1350364454716995,
                0.5596870206377531,
                -1.1421686758313156
            ],
            [
                -2.5473358392902505,
                -0.975371603869395,
                -1.8100687289909794,
                1.0420079938547282
            ]
        ],
        "x_tar": [
            [
                -7.479447836460771,
                -0.05013129070249356,
                -7.854089996126524,
                -3.759407484268631
            ],
            [
                7.425102887455598,
                1.6164741575615018,
                9.629595233981298,
                9.59352125492476
            ]
        ],
        "C": 1.0
    },
    "output_params": {
        "output_dir": "output/OUT_config_0013_KnotTrefoil_H20.0_rho0.50",
        "output_prefix": "mc_sim_Trefoil_H20.0_rho0.50_M40"
    }
}