{
    "input_params": {
        "polymer_type": "ring",
        "knot_type": "Trefoil",
        "configuration": "input/init_config_Z/TrefoilN64M40H20.00rho0.10.dat",
        "mu_b": 0.870821,
        "M": 40,
        "init_N": 64,
        "rho_b": 0.1,
        "box_xy": 35.77708763999664,
        "H": 20.0,
        "rcut": 1.0,
        "max_N": 640,
        "potential_type": "custom"
    },
    "simulation_params": {
        "EPS_TRANS": 0.1,
        "ROT_RATIO": 0.3,
        "K_MAX": 10,
        "sample_interval": 100,
        "sample_time": 40000,
        "sample_block": 4,
        "dz": 0.02
    },
    "Vext_params": {
        "An": [
            -1.1496026459769848,
            -0.3520018630724355,
            -1.0518426800192862,
            0.6292744431097916
        ],
        "phi_n": [
            5.875673020725793,
            1.4063910925678984,
            4.545630988964532,
            2.1524991742037485
        ],
        "Vlin_par": [
            [
                2.8162711142107275,
                -2.643028056960858,
                -2.379888344108352,
                0.4872689072039386
            ],
            [
                0.12246356528586133,
                1.7161317050718217,
                0.49122659587463374,
                -0.2878453609268931
            ]
        ],
        "x_tar": [
            [
                -5.8468192136315995,
                -0.3527670278683921,
                -5.517429810843879,
                -6.505223229294601
            ],
            [
                7.419276188669684,
                3.2132344745261303,
                -4.188959490348337,
                8.430255902870147
            ]
        ],
        "C": 1.0
    },
    "output_params": {
        "output_dir": "output/OUT_config_0001_KnotTrefoil_H20.0_rho0.10",
        "output_prefix": "mc_sim_Trefoil_H20.0_rho0.10_M40"
    }
}