{
    "input_params": {
        "polymer_type": "ring",
        "knot_type": "5_1Knot",
        "configuration": "input/init_config_Z/5_1KnotN64M40H20.00rho0.30.dat",
        "mu_b": 0.870821,
        "M": 40,
        "init_N": 64,
        "rho_b": 0.3,
        "box_xy": 20.65591117977289,
        "H": 20.0,
        "rcut": 1.0,
        "max_N": 213,
        "potential_type": "custom"
    },
    "simulation_params": {
        "EPS_TRANS": 0.05,
        "ROT_RATIO": 0.3,
        "K_MAX": 10,
        "sample_interval": 100,
        "sample_time": 40000,
        "sample_block": 4,
        "dz": 0.02
    },
    "Vext_params": {
        "An": [
            1.2117687392746703,
            -1.7421419972261567,
            0.2395718290177759,
            -2.339461516217632
        ],
        "phi_n": [
            2.678938857317417,
            2.7187320965262414,
            1.4451290309882088,
            1.903724783861913
        ],
        "Vlin_par": [
            [
                1.6759680640220147,
                -0.49831755878357187,
                -3.5265654637971067,
                -1.452483638969424
            ],
            [
                -0.683114624868739,
                -2.112162799758769,
                -2.027261602888285,
                -2.6126064456809748
            ]
        ],
        "x_tar": [
            [
                -7.648478787793107,
                -5.063970003312514,
                0.3768034457770515,
                -8.00604413419223
            ],
            [
                5.59716621576764,
                3.5944704458347765,
                9.098915235933987,
                -0.6450551530003512
            ]
        ],
        "C": 1.0
    },
    "output_params": {
        "output_dir": "output/OUT_config_0011_Knot5_1Knot_H20.0_rho0.30",
        "output_prefix": "mc_sim_5_1Knot_H20.0_rho0.30_M40"
    }
}