{
    "input_params": {
        "polymer_type": "ring",
        "knot_type": "4_1Knot",
        "configuration": "input/init_config_Z/4_1KnotN64M40H20.00rho0.50.dat",
        "mu_b": 0.870821,
        "M": 40,
        "init_N": 64,
        "rho_b": 0.5,
        "box_xy": 16.0,
        "H": 20.0,
        "rcut": 1.0,
        "max_N": 128,
        "potential_type": "custom"
    },
    "simulation_params": {
        "EPS_TRANS": 0.02,
        "ROT_RATIO": 0.3,
        "K_MAX": 10,
        "sample_interval": 100,
        "sample_time": 40000,
        "sample_block": 4,
        "dz": 0.02
    },
    "Vext_params": {
        "An": [
            -0.5154852661019734,
            -1.1090557250288975,
            -0.6453502711026644,
            4.136307309382564
        ],
        "phi_n": [
            4.81217759864852,
            4.923753482000125,
            0.9899388665906009,
            3.793212217926818
        ],
        "Vlin_par": [
            [
                -1.87057853869661,
                0.953530718782607,
                0.10485584886655445,
                0.755425154550643
            ],
            [
                -2.305405883245192,
                -1.7377720076615797,
                3.1067457855927105,
                -0.4550433087210097
            ]
        ],
        "x_tar": [
            [
                -9.357242654481404,
                -4.097265057887121,
                1.8576475428334245,
                -0.898848304110242
            ],
            [
                -1.7358493657081038,
                2.0949445623815457,
                6.264433095792551,
                0.2894929078232895
            ]
        ],
        "C": 1.0
    },
    "output_params": {
        "output_dir": "output/OUT_config_0015_Knot4_1Knot_H20.0_rho0.50",
        "output_prefix": "mc_sim_4_1Knot_H20.0_rho0.50_M40"
    }
}