{
    "input_params": {
        "polymer_type": "ring",
        "knot_type": "5_1Knot",
        "configuration": "input/init_config_Z/5_1KnotN64M40H20.00rho0.10.dat",
        "mu_b": 0.870821,
        "M": 40,
        "init_N": 64,
        "rho_b": 0.1,
        "box_xy": 35.77708763999664,
        "H": 20.0,
        "rcut": 1.0,
        "max_N": 640,
        "potential_type": "custom"
    },
    "simulation_params": {
        "EPS_TRANS": 0.1,
        "ROT_RATIO": 0.3,
        "K_MAX": 10,
        "sample_interval": 100,
        "sample_time": 40000,
        "sample_block": 4,
        "dz": 0.02
    },
    "Vext_params": {
        "An": [
            1.2037012826327802,
            2.4701491685988284,
            0.7386688836461803,
            -2.8830906249396246
        ],
        "phi_n": [
            1.8714928365508816,
            1.1715017590109873,
            6.1156675898190835,
            0.9625319708773052
        ],
        "Vlin_par": [
            [
                0.5600447591413377,
                -1.2399048718030592,
                1.3927377917193289,
                0.2683836309022889
            ],
            [
                0.8109718312803776,
                1.4363408490734786,
                -0.07119478362582546,
                -0.23573356912380036
            ]
        ],
        "x_tar": [
            [
                3.8287094044752443,
                -2.262482584400491,
                5.6767835847500905,
                -3.0571995629341426
            ],
            [
                6.342775064238907,
                2.927438401174868,
                6.359154370748058,
                1.6367619192155818
            ]
        ],
        "C": 1.0
    },
    "output_params": {
        "output_dir": "output/OUT_config_0005_Knot5_1Knot_H20.0_rho0.10",
        "output_prefix": "mc_sim_5_1Knot_H20.0_rho0.10_M40"
    }
}