{
    "input_params": {
        "polymer_type": "ring",
        "knot_type": "4_1Knot",
        "configuration": "input/init_config_Z/4_1KnotN64M40H20.00rho0.30.dat",
        "mu_b": 0.870821,
        "M": 40,
        "init_N": 64,
        "rho_b": 0.3,
        "box_xy": 20.65591117977289,
        "H": 20.0,
        "rcut": 1.0,
        "max_N": 213,
        "potential_type": "custom"
    },
    "simulation_params": {
        "EPS_TRANS": 0.05,
        "ROT_RATIO": 0.3,
        "K_MAX": 10,
        "sample_interval": 100,
        "sample_time": 40000,
        "sample_block": 4,
        "dz": 0.02
    },
    "Vext_params": {
        "An": [
            1.0064851369490857,
            2.24661711584317,
            -0.5448036270103797,
            0.6913832950917799
        ],
        "phi_n": [
            5.854450293840526,
            6.012165374520067,
            5.866145590930852,
            2.926109873733466
        ],
        "Vlin_par": [
            [
                1.1002612909294003,
                -1.1139806709401578,
                -0.9801243755590555,
                -0.4905701907979355
            ],
            [
                2.53563531756197,
                -2.7646746309014154,
                -1.1429934711969516,
                -1.804609788850653
            ]
        ],
        "x_tar": [
            [
                2.7855153051809634,
                -9.8638553326021,
                4.060882713992715,
                0.2549668978916575
            ],
            [
                3.089981438969737,
                8.499508605253709,
                5.775425423587812,
                8.081001919839107
            ]
        ],
        "C": 1.0
    },
    "output_params": {
        "output_dir": "output/OUT_config_0009_Knot4_1Knot_H20.0_rho0.30",
        "output_prefix": "mc_sim_4_1Knot_H20.0_rho0.30_M40"
    }
}