{
    "input_params": {
        "polymer_type": "Linear",
        "knot_type": "Linear",
        "configuration": "input/init_config_Z/LinearN64M6H6.00rho0.10.dat",
        "mu_b": -1.52904,
        "M": 6,
        "init_N": 64,
        "rho_b": 0.1,
        "box_xy": 25.298221281347033,
        "H": 6.0,
        "rcut": 1.0,
        "max_N": 639,
        "external_potential": "custom"
    },
    "simulation_params": {
        "EPS_TRANS": 0.1,
        "ROT_RATIO": 0.3,
        "K_MAX": 10,
        "sample_interval": 10,
        "sample_time": 40000,
        "sample_block": 4,
        "dz": 0.05
    },
    "Vext_params": {
        "An": [
            -1.8931644187189949,
            -0.6107428647412035,
            0.8036339626195359,
            1.8519229701224607
        ],
        "phi_n": [
            1.4950162296539218,
            0.33099901518245006,
            1.9653788322900045,
            1.2164948012002976
        ],
        "Vlin_par": [
            [
                -0.8486886714576632,
                0.8043614228255933,
                0.685887983821461,
                0.21645421973534099
            ],
            [
                -0.7009001858375555,
                -0.5184285668856965,
                -3.035628381047743,
                2.483500936438991
            ]
        ],
        "x_tar": [
            [
                3.4327177448111375,
                0.7891588145958865,
                1.2328261884752385,
                0.6045009919947637
            ],
            [
                4.882982351922844,
                4.045487063556196,
                4.201461366537842,
                2.353954465885735
            ]
        ],
        "C": 1.0
    },
    "output_params": {
        "output_dir": "output/OUT_config_0000_M6_Linear_H6.0_mu-1.53",
        "output_prefix": "mc_sim_Linear_H6.0_mub-1.53_M6"
    }
}