{
    "input_params": {
        "polymer_type": "Linear",
        "knot_type": "Linear",
        "configuration": "input/init_config_Z/LinearN64M6H6.00rho0.10.dat",
        "mu_b": 0.5,
        "M": 6,
        "init_N": 64,
        "rho_b": 0.1,
        "box_xy": 25.298221281347033,
        "H": 6.0,
        "rcut": 1.0,
        "max_N": 639,
        "external_potential": "custom"
    },
    "simulation_params": {
        "EPS_TRANS": 0.05,
        "ROT_RATIO": 0.3,
        "K_MAX": 10,
        "sample_interval": 8,
        "sample_time": 50000,
        "sample_block": 3,
        "dz": 0.01
    },
    "Vext_params": {
        "potential_type": "custom",
        "An": [
            1.7308242988042215,
            -0.1712039254537692,
            -0.66545538874948,
            0.37423449098462624
        ],
        "phi_n": [
            0.8422206812197532,
            0.3124713234067721,
            3.7258218292740692,
            3.97440056527189
        ],
        "Vlin_par": [
            [
                3.5760292347925553,
                2.5328118113660025,
                2.3040485209579487,
                1.5147355617335156
            ],
            [
                0.3751250538447082,
                0.9361975219059909,
                -0.23499532223347225,
                -1.6037403223737507
            ]
        ],
        "x_tar": [
            [
                3.666879051056952,
                0.9510277850903384,
                4.981620137721535,
                1.5997721607948259
            ],
            [
                4.395045598133305,
                1.356131592658605,
                5.422011958754744,
                2.670891633557935
            ]
        ],
        "C": 0.4
    },
    "output_params": {
        "output_dir": "output/OUT_config_0000_M6_Linear_H6.0_mu0.50",
        "output_prefix": "mc_sim_Linear_H6.0_mub0.50_M6"
    }
}