{
    "input_params": {
        "polymer_type": "Linear",
        "knot_type": "Linear",
        "configuration": "input/init_config_Z/LinearN64M6H6.00rho0.10.dat",
        "mu_b": 1.5,
        "M": 6,
        "init_N": 64,
        "rho_b": 0.1,
        "box_xy": 25.298221281347033,
        "H": 6.0,
        "rcut": 1.0,
        "max_N": 639,
        "external_potential": "custom"
    },
    "simulation_params": {
        "EPS_TRANS": 0.05,
        "ROT_RATIO": 0.3,
        "K_MAX": 10,
        "sample_interval": 8,
        "sample_time": 50000,
        "sample_block": 3,
        "dz": 0.01
    },
    "Vext_params": {
        "potential_type": "custom",
        "An": [
            -0.009639479128430996,
            -0.7156686985632963,
            -0.14526787033965707,
            0.20463464561939224
        ],
        "phi_n": [
            1.0849637467379611,
            1.2295036497722127,
            3.9784385965691986,
            0.39351725549873984
        ],
        "Vlin_par": [
            [
                1.701778773170103,
                -1.927526840982846,
                0.6514061555463111,
                0.015766573839431124
            ],
            [
                -1.965610579389838,
                -1.3809013547286162,
                -0.5323203191948636,
                0.10711583785226206
            ]
        ],
        "x_tar": [
            [
                0.6112011176027097,
                5.803153760517116,
                0.33421718312040904,
                2.7199842047984903
            ],
            [
                3.921994191779944,
                5.924735183889477,
                1.9589126051899366,
                4.595283082796317
            ]
        ],
        "C": 0.4
    },
    "output_params": {
        "output_dir": "output/OUT_config_0002_M6_Linear_H6.0_mu1.50",
        "output_prefix": "mc_sim_Linear_H6.0_mub1.50_M6"
    }
}