{
    "input_params": {
        "polymer_type": "Linear",
        "knot_type": "Linear",
        "configuration": "input/init_config_Z/LinearN64M6H6.00rho0.10.dat",
        "mu_b": 3.7061,
        "M": 6,
        "init_N": 64,
        "rho_b": 0.1,
        "box_xy": 25.298221281347033,
        "H": 6.0,
        "rcut": 1.0,
        "max_N": 639,
        "external_potential": "custom"
    },
    "simulation_params": {
        "EPS_TRANS": 0.05,
        "ROT_RATIO": 0.3,
        "K_MAX": 6,
        "sample_interval": 5,
        "sample_time": 100000,
        "sample_block": 2,
        "dz": 0.05
    },
    "Vext_params": {
        "An": [
            1.6176319114605286,
            1.1678804825527729,
            0.48166218917431125,
            -3.374315584086443
        ],
        "phi_n": [
            4.909025839723987,
            2.6148293290224127,
            1.343358161517039,
            5.515979182888683
        ],
        "Vlin_par": [
            [
                0.2605159545433697,
                0.8598381369655824,
                1.4016516237408723,
                0.6511344286746932
            ],
            [
                0.2426165603390302,
                -1.386276013738549,
                -0.8139821973913605,
                -1.6308690712496632
            ]
        ],
        "x_tar": [
            [
                5.330097605245876,
                5.033750285245353,
                0.510149624694157,
                0.4739893443280163
            ],
            [
                5.8603167976221355,
                5.142071235962994,
                3.2854027973210207,
                1.4780266423789667
            ]
        ],
        "C": 0.25
    },
    "output_params": {
        "output_dir": "output/OUT_config_0002_M6_Linear_H6.0_mu3.71",
        "output_prefix": "mc_sim_Linear_H6.0_mub3.71_M6"
    }
}