{
    "input_params": {
        "polymer_type": "Linear",
        "knot_type": "Linear",
        "configuration": "input/init_config_Z/LinearN64M6H6.00rho0.10.dat",
        "mu_b": 1.5,
        "M": 6,
        "init_N": 64,
        "rho_b": 0.1,
        "box_xy": 25.298221281347033,
        "H": 6.0,
        "rcut": 1.0,
        "max_N": 639,
        "external_potential": "custom"
    },
    "simulation_params": {
        "EPS_TRANS": 0.05,
        "ROT_RATIO": 0.3,
        "K_MAX": 10,
        "sample_interval": 8,
        "sample_time": 50000,
        "sample_block": 3,
        "dz": 0.01
    },
    "Vext_params": {
        "potential_type": "custom",
        "An": [
            -3.396263790488374,
            -2.1368421290765607,
            -0.8603168038870816,
            1.5188257165938712
        ],
        "phi_n": [
            2.8172990124911044,
            4.250969010204405,
            5.3785225298746555,
            0.1669852785485112
        ],
        "Vlin_par": [
            [
                2.5615532785346486,
                0.11427787874070178,
                0.9827857101352846,
                2.7503542134003256
            ],
            [
                0.9851424154109536,
                2.277472001828803,
                0.1132693744245368,
                -2.610228609802693
            ]
        ],
        "x_tar": [
            [
                0.906559600979779,
                3.7132230685095786,
                1.3986702195237948,
                3.704028111106383
            ],
            [
                2.068841640140168,
                4.180351294878943,
                4.852778278034744,
                4.502239502159295
            ]
        ],
        "C": 0.4
    },
    "output_params": {
        "output_dir": "output/OUT_config_0002_M6_Linear_H6.0_mu1.50",
        "output_prefix": "mc_sim_Linear_H6.0_mub1.50_M6"
    }
}