{
    "input_params": {
        "polymer_type": "Linear",
        "knot_type": "Linear",
        "configuration": "input/init_config_Z/LinearN64M6H6.00rho0.10.dat",
        "mu_b": -1.5,
        "M": 6,
        "init_N": 64,
        "rho_b": 0.1,
        "box_xy": 25.298221281347033,
        "H": 6.0,
        "rcut": 1.0,
        "max_N": 639,
        "external_potential": "custom"
    },
    "simulation_params": {
        "EPS_TRANS": 0.05,
        "ROT_RATIO": 0.3,
        "K_MAX": 10,
        "sample_interval": 8,
        "sample_time": 50000,
        "sample_block": 3,
        "dz": 0.01
    },
    "Vext_params": {
        "potential_type": "custom",
        "An": [
            -0.9978620170628472,
            -1.2051557741936711,
            -0.3783833673850378,
            -1.3413462713431747
        ],
        "phi_n": [
            1.0091544180738377,
            2.148908009024994,
            4.719751104179487,
            1.5885819167397466
        ],
        "Vlin_par": [
            [
                -0.5014016010182409,
                -1.926924444928809,
                -0.5999567448806535,
                2.7659940393025892
            ],
            [
                0.24062112887238374,
                -1.918135442499635,
                0.16519952104225882,
                1.0802319284873476
            ]
        ],
        "x_tar": [
            [
                2.375992050177044,
                3.0198819528795005,
                0.7116606089562414,
                2.282842577079733
            ],
            [
                2.959541460164023,
                5.231963778148501,
                3.1326308018408207,
                5.741076891197036
            ]
        ],
        "C": 0.4
    },
    "output_params": {
        "output_dir": "output/OUT_config_0001_M6_Linear_H6.0_mu-1.50",
        "output_prefix": "mc_sim_Linear_H6.0_mub-1.50_M6"
    }
}