{
    "input_params": {
        "polymer_type": "Linear",
        "knot_type": "Linear",
        "configuration": "input/init_config_Z/LinearN64M6H6.00rho0.10.dat",
        "mu_b": 0.5,
        "M": 6,
        "init_N": 64,
        "rho_b": 0.1,
        "box_xy": 25.298221281347033,
        "H": 6.0,
        "rcut": 1.0,
        "max_N": 639,
        "external_potential": "custom"
    },
    "simulation_params": {
        "EPS_TRANS": 0.05,
        "ROT_RATIO": 0.3,
        "K_MAX": 10,
        "sample_interval": 8,
        "sample_time": 50000,
        "sample_block": 3,
        "dz": 0.01
    },
    "Vext_params": {
        "potential_type": "custom",
        "An": [
            -0.3033723072702075,
            1.5147086258446363,
            1.4984806798309702,
            -4.035737094691719
        ],
        "phi_n": [
            0.34254510777011654,
            3.214900732918938,
            3.613790193176874,
            2.9957006522528973
        ],
        "Vlin_par": [
            [
                -2.044154570177519,
                -1.6513660713006593,
                -0.6824099253347584,
                1.1406051050478745
            ],
            [
                -0.9269027503578364,
                -0.58069006727067,
                -0.5196166942382642,
                -3.725232161046476
            ]
        ],
        "x_tar": [
            [
                0.7879459145614673,
                2.1163696784409014,
                0.9792428964580437,
                0.9142658716417971
            ],
            [
                5.056102649791761,
                5.866152242698345,
                1.5205931290839536,
                4.1205765378075245
            ]
        ],
        "C": 0.4
    },
    "output_params": {
        "output_dir": "output/OUT_config_0000_M6_Linear_H6.0_mu0.50",
        "output_prefix": "mc_sim_Linear_H6.0_mub0.50_M6"
    }
}