{
    "input_params": {
        "polymer_type": "Linear",
        "knot_type": "Linear",
        "configuration": "input/init_config_Z/LinearN64M6H6.00rho0.10.dat",
        "mu_b": -1.5,
        "M": 6,
        "init_N": 64,
        "rho_b": 0.1,
        "box_xy": 25.298221281347033,
        "H": 6.0,
        "rcut": 1.0,
        "max_N": 639,
        "external_potential": "custom"
    },
    "simulation_params": {
        "EPS_TRANS": 0.05,
        "ROT_RATIO": 0.3,
        "K_MAX": 10,
        "sample_interval": 8,
        "sample_time": 50000,
        "sample_block": 3,
        "dz": 0.01
    },
    "Vext_params": {
        "potential_type": "custom",
        "An": [
            -0.4898963279494532,
            1.1038006082275384,
            -0.08350289276687362,
            -0.2425114262986013
        ],
        "phi_n": [
            4.088325740769255,
            2.4933617602913922,
            2.076961067363296,
            3.5367538745997473
        ],
        "Vlin_par": [
            [
                1.9500067677525683,
                -1.664186764478147,
                -0.8790626803224801,
                -0.7520880832352683
            ],
            [
                1.9885667275535286,
                -0.19431651803961214,
                4.556011314873113,
                -2.399087380385048
            ]
        ],
        "x_tar": [
            [
                0.21794240519009533,
                4.290001396319363,
                3.167329257300886,
                0.26050702327834485
            ],
            [
                4.135499972216509,
                5.995763853238109,
                4.784257281531792,
                3.48347538222846
            ]
        ],
        "C": 0.4
    },
    "output_params": {
        "output_dir": "output/OUT_config_0001_M6_Linear_H6.0_mu-1.50",
        "output_prefix": "mc_sim_Linear_H6.0_mub-1.50_M6"
    }
}