{
    "input_params": {
        "polymer_type": "Ring",
        "knot_type": "Trivial",
        "configuration": "input/init_config_Z/TrivialN64M8H20.00rho0.10.dat",
        "mu_b": 2.0,
        "M": 8,
        "init_N": 64,
        "rho_b": 0.1,
        "box_xy": 16.0,
        "H": 20.0,
        "rcut": 1.0,
        "max_N": 640,
        "external_potential": "custom"
    },
    "simulation_params": {
        "EPS_TRANS": 0.05,
        "ROT_RATIO": 0.3,
        "K_MAX": 10,
        "sample_interval": 5,
        "sample_time": 40000,
        "sample_block": 10,
        "dz": 0.02
    },
    "Vext_params": {
        "potential_type": "custom",
        "An": [
            0.07701470714851034,
            1.244937994363927,
            0.04156901463692774,
            0.4607808238583659
        ],
        "phi_n": [
            1.7707365057753195,
            5.618657664875945,
            6.205073132650398,
            2.7233686069071874
        ],
        "Vlin_par": [
            [
                -1.7962265032151912,
                4.3997136541628095,
                -2.632853062018118,
                0.03696470115550927
            ],
            [
                -0.7188461514343316,
                0.7813056055296125,
                0.47587362609483447,
                -1.5320037140546534
            ]
        ],
        "x_tar": [
            [
                13.16193164949097,
                6.005591058092978,
                11.072124478734155,
                12.794372176232017
            ],
            [
                15.0856487994913,
                13.45255778533954,
                12.45141518899738,
                13.360492888349633
            ]
        ],
        "C": 0.2
    },
    "output_params": {
        "output_dir": "output/OUT_config_0000_M8_Trivial_H20.0_mu2.00",
        "output_prefix": "mc_sim_Trivial_H20.0_mub2.00_M8"
    }
}