{
    "input_params": {
        "polymer_type": "Ring",
        "knot_type": "Trivial",
        "configuration": "input/init_config_Z/TrivialN64M8H20.00rho0.10.dat",
        "mu_b": 4.0,
        "M": 8,
        "init_N": 64,
        "rho_b": 0.1,
        "box_xy": 16.0,
        "H": 20.0,
        "rcut": 1.0,
        "max_N": 640,
        "external_potential": "custom"
    },
    "simulation_params": {
        "EPS_TRANS": 0.05,
        "ROT_RATIO": 0.3,
        "K_MAX": 10,
        "sample_interval": 5,
        "sample_time": 40000,
        "sample_block": 10,
        "dz": 0.02
    },
    "Vext_params": {
        "potential_type": "custom",
        "An": [
            -0.2823707737669098,
            0.09586360619095793,
            -1.2972555581460299,
            -0.17651812462694208
        ],
        "phi_n": [
            3.822163721989398,
            0.17893889725271456,
            1.8142381329661124,
            1.9912060443222372
        ],
        "Vlin_par": [
            [
                -1.1464777833998152,
                -3.3244860605660773,
                -0.3888278164128252,
                -1.1803914155046145
            ],
            [
                -1.6199408442176333,
                -0.08541659412889165,
                -2.2885671626730257,
                0.40655161961734226
            ]
        ],
        "x_tar": [
            [
                7.325673890209421,
                1.5176876044739385,
                1.3857108888871505,
                10.823752681512296
            ],
            [
                10.867412764596782,
                11.861314919027791,
                6.7974801289837234,
                16.07704273491882
            ]
        ],
        "C": 0.2
    },
    "output_params": {
        "output_dir": "output/OUT_config_0002_M8_Trivial_H20.0_mu4.00",
        "output_prefix": "mc_sim_Trivial_H20.0_mub4.00_M8"
    }
}