{
    "input_params": {
        "polymer_type": "Ring",
        "knot_type": "Trivial",
        "configuration": "input/init_config_Z/TrivialN64M8H20.00rho0.10.dat",
        "mu_b": 3.0,
        "M": 8,
        "init_N": 64,
        "rho_b": 0.1,
        "box_xy": 16.0,
        "H": 20.0,
        "rcut": 1.0,
        "max_N": 640,
        "external_potential": "custom"
    },
    "simulation_params": {
        "EPS_TRANS": 0.05,
        "ROT_RATIO": 0.3,
        "K_MAX": 10,
        "sample_interval": 5,
        "sample_time": 40000,
        "sample_block": 1,
        "dz": 0.02
    },
    "Vext_params": {
        "potential_type": "custom",
        "An": [
            2.5920461963777877,
            -2.7390277392249467,
            0.2102099292243852,
            1.3942164991466404
        ],
        "phi_n": [
            4.0908409725643455,
            4.299748726612391,
            6.163414555026561,
            3.5288131341307927
        ],
        "Vlin_par": [
            [
                0.8298487302758853,
                -0.16044437933124012,
                -1.231307874383597,
                -1.913909500931811
            ],
            [
                -3.4842061537820346,
                -0.03127256313400363,
                -4.790520574403854,
                1.4785706082515904
            ]
        ],
        "x_tar": [
            [
                5.156945043826163,
                12.329958303532287,
                1.6823094709591802,
                3.2896943505728404
            ],
            [
                18.997086401237798,
                19.377823559209574,
                3.1156952979619823,
                16.741123959230396
            ]
        ],
        "C": 0.2
    },
    "output_params": {
        "output_dir": "output/OUT_config_0001_M8_Trivial_H20.0_mu3.00",
        "output_prefix": "mc_sim_Trivial_H20.0_mub3.00_M8"
    }
}