{
    "input_params": {
        "polymer_type": "Linear",
        "knot_type": "Linear",
        "configuration": "input/init_config_Z/LinearN64M6H6.00rho0.10.dat",
        "mu_b": -1.52904,
        "M": 6,
        "init_N": 64,
        "rho_b": 0.1,
        "box_xy": 25.298221281347033,
        "H": 6.0,
        "rcut": 1.0,
        "max_N": 639,
        "external_potential": "custom"
    },
    "simulation_params": {
        "EPS_TRANS": 0.05,
        "ROT_RATIO": 0.3,
        "K_MAX": 6,
        "sample_interval": 5,
        "sample_time": 100000,
        "sample_block": 2,
        "dz": 0.05
    },
    "Vext_params": {
        "An": [
            0.4303035878996075,
            -2.494697024754837,
            0.0637350765864078,
            -0.9067351227176244
        ],
        "phi_n": [
            0.5561790220994984,
            0.9091992360933906,
            0.10435813740356412,
            2.9865451746782354
        ],
        "Vlin_par": [
            [
                -0.3212522139982064,
                -0.6671239283329787,
                0.23754046554696437,
                -2.6076852911846484
            ],
            [
                0.599421564885276,
                -2.009447095951125,
                0.7067515263723375,
                -0.7954125722889949
            ]
        ],
        "x_tar": [
            [
                3.026504512343121,
                0.48204107328169465,
                2.0355650336285684,
                2.3963501756102326
            ],
            [
                5.010136455890841,
                2.5604757037447334,
                5.729330355317967,
                3.5719173293239295
            ]
        ],
        "C": 0.25
    },
    "output_params": {
        "output_dir": "output/OUT_config_0000_M6_Linear_H6.0_mu-1.53",
        "output_prefix": "mc_sim_Linear_H6.0_mub-1.53_M6"
    }
}