{
    "input_params": {
        "polymer_type": "Linear",
        "knot_type": "Linear",
        "configuration": "input/init_config_Z/LinearN64M6H6.00rho0.10.dat",
        "mu_b": 0.8272,
        "M": 6,
        "init_N": 64,
        "rho_b": 0.1,
        "box_xy": 25.298221281347033,
        "H": 6.0,
        "rcut": 1.0,
        "max_N": 639,
        "external_potential": "custom"
    },
    "simulation_params": {
        "EPS_TRANS": 0.05,
        "ROT_RATIO": 0.3,
        "K_MAX": 6,
        "sample_interval": 5,
        "sample_time": 100000,
        "sample_block": 2,
        "dz": 0.05
    },
    "Vext_params": {
        "An": [
            2.9041119683856844,
            -1.3561670975102122,
            -1.585153324733405,
            0.3915391358171929
        ],
        "phi_n": [
            1.7664083743837513,
            1.7072856765190187,
            3.7447406999868047,
            2.8560745018022797
        ],
        "Vlin_par": [
            [
                0.26381494793282495,
                2.364003782987325,
                0.5570026468006473,
                0.494187691824352
            ],
            [
                -4.949415074048576,
                -1.6125429990613294,
                -1.2700164289389506,
                1.1850043489427216
            ]
        ],
        "x_tar": [
            [
                0.5405431676361474,
                3.5741212175345987,
                0.6145758669594263,
                0.8075993362777745
            ],
            [
                4.260132675563248,
                3.576422349259417,
                4.8242783848280615,
                4.457881678587988
            ]
        ],
        "C": 0.25
    },
    "output_params": {
        "output_dir": "output/OUT_config_0001_M6_Linear_H6.0_mu0.83",
        "output_prefix": "mc_sim_Linear_H6.0_mub0.83_M6"
    }
}