{
    "input_params": {
        "polymer_type": "Ring",
        "knot_type": "Trivial",
        "configuration": "input/init_config_Z/TrivialN64M8H20.00rho0.10.dat",
        "mu_b": 3.559008829104423,
        "M": 8,
        "init_N": 64,
        "rho_b": 0.1,
        "box_xy": 16.0,
        "H": 20.0,
        "rcut": 1.0,
        "max_N": 640,
        "external_potential": "custom"
    },
    "simulation_params": {
        "EPS_TRANS": 0.05,
        "ROT_RATIO": 0.3,
        "K_MAX": 10,
        "sample_interval": 5,
        "sample_time": 40000,
        "sample_block": 4,
        "dz": 0.02
    },
    "Vext_params": {
        "potential_type": "custom",
        "An": [
            2.673107278831502,
            -2.429900352472366,
            -0.20374329208696626,
            -0.06096671412918699
        ],
        "phi_n": [
            1.0695935745946767,
            3.9337591133732035,
            1.2755378637115788,
            5.919367066637082
        ],
        "Vlin_par": [
            [
                1.3286303201933107,
                0.3491187618397045,
                -2.2916156711846627,
                1.0573033898913033
            ],
            [
                3.1902202894559952,
                -3.2407590966607027,
                -2.448101188630574,
                1.2685161826732176
            ]
        ],
        "x_tar": [
            [
                1.8302285714652644,
                11.294941657811195,
                2.7422295622680615,
                9.32574164487405
            ],
            [
                5.845526497284707,
                17.685291234916765,
                17.948980942054373,
                13.85448462839138
            ]
        ],
        "C": 0.2
    },
    "output_params": {
        "output_dir": "output/OUT_config_0516_M8_Trivial_H20.0_mu3.56",
        "output_prefix": "mc_sim_Trivial_H20.0_mub3.56_M8"
    }
}