{
    "input_params": {
        "polymer_type": "Ring",
        "knot_type": "Trivial",
        "configuration": "input/init_config_Z/TrivialN64M8H20.00rho0.10.dat",
        "mu_b": 5.991572282861648,
        "M": 8,
        "init_N": 64,
        "rho_b": 0.1,
        "box_xy": 16.0,
        "H": 20.0,
        "rcut": 1.0,
        "max_N": 640,
        "external_potential": "custom"
    },
    "simulation_params": {
        "EPS_TRANS": 0.05,
        "ROT_RATIO": 0.3,
        "K_MAX": 10,
        "sample_interval": 5,
        "sample_time": 40000,
        "sample_block": 4,
        "dz": 0.02
    },
    "Vext_params": {
        "potential_type": "custom",
        "An": [
            0.7113174410011044,
            0.4845469311141692,
            -1.2625608952710106,
            -0.2667081237691846
        ],
        "phi_n": [
            0.6964313186913824,
            5.471331613192152,
            2.3114926575995627,
            2.6063844192806216
        ],
        "Vlin_par": [
            [
                4.299656277983799,
                0.22643588132833742,
                3.4019074968323912,
                -0.7797258329093121
            ],
            [
                0.9745097312156586,
                -0.4413242950622575,
                -0.09600002509201308,
                0.9529945149416771
            ]
        ],
        "x_tar": [
            [
                3.8442002362271244,
                15.1282285985861,
                12.085807733141312,
                3.04637610165305
            ],
            [
                7.442216387226761,
                17.221286345119744,
                12.087793733960211,
                18.133343737749687
            ]
        ],
        "C": 0.2
    },
    "output_params": {
        "output_dir": "output/OUT_config_0025_M8_Trivial_H20.0_mu5.99",
        "output_prefix": "mc_sim_Trivial_H20.0_mub5.99_M8"
    }
}