{
    "input_params": {
        "polymer_type": "Ring",
        "knot_type": "Trivial",
        "configuration": "input/init_config_Z/TrivialN64M8H20.00rho0.10.dat",
        "mu_b": 0.7952319639092709,
        "M": 8,
        "init_N": 64,
        "rho_b": 0.1,
        "box_xy": 16.0,
        "H": 20.0,
        "rcut": 1.0,
        "max_N": 640,
        "external_potential": "custom"
    },
    "simulation_params": {
        "EPS_TRANS": 0.05,
        "ROT_RATIO": 0.3,
        "K_MAX": 10,
        "sample_interval": 5,
        "sample_time": 40000,
        "sample_block": 4,
        "dz": 0.02
    },
    "Vext_params": {
        "potential_type": "custom",
        "An": [
            0.08981342684572426,
            1.6420243161925507,
            -2.344421678650506,
            2.147086929891497
        ],
        "phi_n": [
            2.647210425137407,
            1.394042756673292,
            1.0486442478269578,
            5.089395120304767
        ],
        "Vlin_par": [
            [
                -0.07553684312219257,
                1.1761085441343873,
                -2.8426235099617547,
                0.2642631806589058
            ],
            [
                -3.9673512323344196,
                2.1952769916962875,
                -1.5292208376124994,
                -0.9942153602806221
            ]
        ],
        "x_tar": [
            [
                6.674438766511761,
                5.518831316627832,
                11.680880314599262,
                4.14746296479265
            ],
            [
                12.228770250767766,
                17.072577323211288,
                17.821818202367115,
                19.16213797392783
            ]
        ],
        "C": 0.2
    },
    "output_params": {
        "output_dir": "output/OUT_config_0056_M8_Trivial_H20.0_mu0.80",
        "output_prefix": "mc_sim_Trivial_H20.0_mub0.80_M8"
    }
}