{
    "input_params": {
        "polymer_type": "Ring",
        "knot_type": "Trivial",
        "configuration": "input/init_config_Z/TrivialN64M8H20.00rho0.10.dat",
        "mu_b": 0.18602179964277932,
        "M": 8,
        "init_N": 64,
        "rho_b": 0.1,
        "box_xy": 16.0,
        "H": 20.0,
        "rcut": 1.0,
        "max_N": 640,
        "external_potential": "custom"
    },
    "simulation_params": {
        "EPS_TRANS": 0.05,
        "ROT_RATIO": 0.3,
        "K_MAX": 10,
        "sample_interval": 5,
        "sample_time": 40000,
        "sample_block": 4,
        "dz": 0.02
    },
    "Vext_params": {
        "potential_type": "custom",
        "An": [
            4.664710970783003,
            0.11658283542553116,
            2.4475027896694996,
            -2.7463375781954658
        ],
        "phi_n": [
            5.868287860147681,
            2.1257020645201776,
            2.0234256796648573,
            5.662960585340826
        ],
        "Vlin_par": [
            [
                1.7337104301860997,
                0.37853067489312997,
                -4.648662604686701,
                4.132794413245564
            ],
            [
                2.289977848319226,
                2.50375763289888,
                0.8589058169692171,
                -1.243633448639753
            ]
        ],
        "x_tar": [
            [
                4.649202571902002,
                13.098230961618334,
                0.08052411050649244,
                0.04819195473526383
            ],
            [
                5.7575517948825645,
                19.09063697998156,
                2.2545113470819955,
                4.588870659376976
            ]
        ],
        "C": 0.2
    },
    "output_params": {
        "output_dir": "output/OUT_config_0230_M8_Trivial_H20.0_mu0.19",
        "output_prefix": "mc_sim_Trivial_H20.0_mub0.19_M8"
    }
}