{
    "input_params": {
        "polymer_type": "Ring",
        "knot_type": "Trivial",
        "configuration": "input/init_config_Z/TrivialN64M8H20.00rho0.10.dat",
        "mu_b": 2.0341972121310037,
        "M": 8,
        "init_N": 64,
        "rho_b": 0.1,
        "box_xy": 16.0,
        "H": 20.0,
        "rcut": 1.0,
        "max_N": 640,
        "external_potential": "custom"
    },
    "simulation_params": {
        "EPS_TRANS": 0.05,
        "ROT_RATIO": 0.3,
        "K_MAX": 10,
        "sample_interval": 5,
        "sample_time": 40000,
        "sample_block": 4,
        "dz": 0.02
    },
    "Vext_params": {
        "potential_type": "custom",
        "An": [
            -0.03530590427616686,
            -0.7218801062599797,
            -1.4131541458162784,
            -2.40192565978728
        ],
        "phi_n": [
            3.65821942846099,
            0.8642027243422379,
            1.597230364640115,
            5.320748083579543
        ],
        "Vlin_par": [
            [
                -3.8929892321459976,
                5.008329196425447,
                1.2681542999327011,
                1.252783843725179
            ],
            [
                1.6285028518960867,
                1.566544598650658,
                3.9743509045369136,
                -1.134637429429524
            ]
        ],
        "x_tar": [
            [
                5.996494271894008,
                0.311551863301025,
                4.083684825487033,
                10.727984144683678
            ],
            [
                7.9841241134403855,
                11.203961695946568,
                8.67793265518837,
                16.93049931242207
            ]
        ],
        "C": 0.2
    },
    "output_params": {
        "output_dir": "output/OUT_config_0591_M8_Trivial_H20.0_mu2.03",
        "output_prefix": "mc_sim_Trivial_H20.0_mub2.03_M8"
    }
}