{
    "input_params": {
        "polymer_type": "Ring",
        "knot_type": "Trivial",
        "configuration": "input/init_config_Z/TrivialN64M8H20.00rho0.10.dat",
        "mu_b": 1.3066659104592553,
        "M": 8,
        "init_N": 64,
        "rho_b": 0.1,
        "box_xy": 16.0,
        "H": 20.0,
        "rcut": 1.0,
        "max_N": 640,
        "external_potential": "custom"
    },
    "simulation_params": {
        "EPS_TRANS": 0.05,
        "ROT_RATIO": 0.3,
        "K_MAX": 10,
        "sample_interval": 5,
        "sample_time": 40000,
        "sample_block": 4,
        "dz": 0.02
    },
    "Vext_params": {
        "potential_type": "custom",
        "An": [
            -0.3971887544606889,
            0.703112533340997,
            0.4669057740615167,
            1.2394045601494645
        ],
        "phi_n": [
            5.287700399928234,
            5.491779380374639,
            5.542906732290796,
            3.0273827224585017
        ],
        "Vlin_par": [
            [
                1.9571876160856059,
                -4.025760620178415,
                -3.1612848110788554,
                -0.4184567847340592
            ],
            [
                -3.7974638623667114,
                0.31305318398183113,
                1.3969001735169537,
                -1.5216507144757596
            ]
        ],
        "x_tar": [
            [
                15.371707556585712,
                12.351069726256531,
                17.44227620137909,
                9.620751426719016
            ],
            [
                19.145406391951326,
                14.609332690776842,
                17.611996260665308,
                14.282770020781026
            ]
        ],
        "C": 0.2
    },
    "output_params": {
        "output_dir": "output/OUT_config_0176_M8_Trivial_H20.0_mu1.31",
        "output_prefix": "mc_sim_Trivial_H20.0_mub1.31_M8"
    }
}