{
    "input_params": {
        "polymer_type": "Ring",
        "knot_type": "Trivial",
        "configuration": "input/init_config_Z/TrivialN64M8H20.00rho0.10.dat",
        "mu_b": 3.084429080067526,
        "M": 8,
        "init_N": 64,
        "rho_b": 0.1,
        "box_xy": 16.0,
        "H": 20.0,
        "rcut": 1.0,
        "max_N": 640,
        "external_potential": "custom"
    },
    "simulation_params": {
        "EPS_TRANS": 0.05,
        "ROT_RATIO": 0.3,
        "K_MAX": 10,
        "sample_interval": 5,
        "sample_time": 40000,
        "sample_block": 4,
        "dz": 0.02
    },
    "Vext_params": {
        "potential_type": "custom",
        "An": [
            -1.7780780508246765,
            1.9416349584119652,
            -0.012948865683320977,
            -1.716510625384159
        ],
        "phi_n": [
            1.4921018290602108,
            4.277142110729541,
            1.8928653223168914,
            3.908796501385305
        ],
        "Vlin_par": [
            [
                0.4660806469756618,
                -0.8339464940442847,
                0.16133163818312948,
                5.516005388496587
            ],
            [
                -1.8526754996391905,
                1.4501695782200692,
                1.579159148654262,
                -4.424026089046664
            ]
        ],
        "x_tar": [
            [
                7.535212280911459,
                10.401174001012283,
                0.4625133756428723,
                3.7041462231386735
            ],
            [
                19.14607595153793,
                17.085654555431336,
                2.861943943500258,
                16.306751413400562
            ]
        ],
        "C": 0.2
    },
    "output_params": {
        "output_dir": "output/OUT_config_0570_M8_Trivial_H20.0_mu3.08",
        "output_prefix": "mc_sim_Trivial_H20.0_mub3.08_M8"
    }
}