{
    "input_params": {
        "polymer_type": "Ring",
        "knot_type": "Trivial",
        "configuration": "input/init_config_Z/TrivialN64M8H20.00rho0.10.dat",
        "mu_b": 1.9375320714277287,
        "M": 8,
        "init_N": 64,
        "rho_b": 0.1,
        "box_xy": 16.0,
        "H": 20.0,
        "rcut": 1.0,
        "max_N": 640,
        "external_potential": "custom"
    },
    "simulation_params": {
        "EPS_TRANS": 0.05,
        "ROT_RATIO": 0.3,
        "K_MAX": 10,
        "sample_interval": 5,
        "sample_time": 40000,
        "sample_block": 4,
        "dz": 0.02
    },
    "Vext_params": {
        "potential_type": "custom",
        "An": [
            -0.48317288104681966,
            -1.0951857626913915,
            -1.6099822012460396,
            -1.4770536189044232
        ],
        "phi_n": [
            5.016837552318431,
            5.56225291006624,
            4.738743977347945,
            6.133034201345024
        ],
        "Vlin_par": [
            [
                0.14818140451565018,
                0.284120637315841,
                2.2680534196793185,
                3.9314736156196126
            ],
            [
                1.0421365697258493,
                0.6872645342252363,
                1.879473035923521,
                -2.725158203988706
            ]
        ],
        "x_tar": [
            [
                7.790449033049082,
                4.927130385846457,
                0.4424435662527393,
                1.912124442724774
            ],
            [
                12.210911315278816,
                9.822398587587294,
                7.441067157195526,
                8.863837934433088
            ]
        ],
        "C": 0.2
    },
    "output_params": {
        "output_dir": "output/OUT_config_0574_M8_Trivial_H20.0_mu1.94",
        "output_prefix": "mc_sim_Trivial_H20.0_mub1.94_M8"
    }
}