{
    "input_params": {
        "polymer_type": "Ring",
        "knot_type": "Trivial",
        "configuration": "input/init_config_Z/TrivialN64M8H20.00rho0.10.dat",
        "mu_b": 5.285520069696134,
        "M": 8,
        "init_N": 64,
        "rho_b": 0.1,
        "box_xy": 16.0,
        "H": 20.0,
        "rcut": 1.0,
        "max_N": 640,
        "external_potential": "custom"
    },
    "simulation_params": {
        "EPS_TRANS": 0.05,
        "ROT_RATIO": 0.3,
        "K_MAX": 10,
        "sample_interval": 5,
        "sample_time": 40000,
        "sample_block": 4,
        "dz": 0.02
    },
    "Vext_params": {
        "potential_type": "custom",
        "An": [
            0.9967372597505157,
            -4.417571020481404,
            -0.0018164497131264085,
            -0.4713859669424465
        ],
        "phi_n": [
            2.0626721817143965,
            3.0644864474641387,
            2.447457117668838,
            5.118689499195927
        ],
        "Vlin_par": [
            [
                3.7702585259783366,
                -3.3412811752774227,
                1.5034040040783476,
                -1.618914492814079
            ],
            [
                -0.918856596996242,
                3.3587420244518573,
                -0.1900969110972295,
                -2.1628120983122225
            ]
        ],
        "x_tar": [
            [
                6.363626217907747,
                7.927578615274287,
                10.804306097173093,
                10.92267528809025
            ],
            [
                12.70847413753697,
                15.088274663106455,
                17.86334527096399,
                15.820530023093307
            ]
        ],
        "C": 0.2
    },
    "output_params": {
        "output_dir": "output/OUT_config_0367_M8_Trivial_H20.0_mu5.29",
        "output_prefix": "mc_sim_Trivial_H20.0_mub5.29_M8"
    }
}