{
    "input_params": {
        "polymer_type": "Ring",
        "knot_type": "Trivial",
        "configuration": "input/init_config_Z/TrivialN64M8H20.00rho0.10.dat",
        "mu_b": 0.8922633333036174,
        "M": 8,
        "init_N": 64,
        "rho_b": 0.1,
        "box_xy": 16.0,
        "H": 20.0,
        "rcut": 1.0,
        "max_N": 640,
        "external_potential": "custom"
    },
    "simulation_params": {
        "EPS_TRANS": 0.05,
        "ROT_RATIO": 0.3,
        "K_MAX": 10,
        "sample_interval": 5,
        "sample_time": 40000,
        "sample_block": 4,
        "dz": 0.02
    },
    "Vext_params": {
        "potential_type": "custom",
        "An": [
            2.426350449144917,
            -2.1188336217855075,
            0.314970638916593,
            -0.7350103893762656
        ],
        "phi_n": [
            1.5114409543970277,
            4.013865205522177,
            3.1988038692871705,
            3.8243484909801193
        ],
        "Vlin_par": [
            [
                0.4691422691111505,
                -2.831897434675161,
                3.415263285378601,
                -2.339853086329051
            ],
            [
                -1.5886484680863513,
                1.1446083615991056,
                0.4782874784962189,
                -2.2831694402507035
            ]
        ],
        "x_tar": [
            [
                10.475812003114806,
                8.814359720721445,
                0.5995518220937157,
                8.107837902685338
            ],
            [
                13.877264991055533,
                14.488357829723167,
                10.053543735182782,
                16.372483340950982
            ]
        ],
        "C": 0.2
    },
    "output_params": {
        "output_dir": "output/OUT_config_0589_M8_Trivial_H20.0_mu0.89",
        "output_prefix": "mc_sim_Trivial_H20.0_mub0.89_M8"
    }
}