{
    "input_params": {
        "polymer_type": "Ring",
        "knot_type": "Trivial",
        "configuration": "input/init_config_Z/TrivialN64M8H20.00rho0.10.dat",
        "mu_b": 4.507317992527254,
        "M": 8,
        "init_N": 64,
        "rho_b": 0.1,
        "box_xy": 16.0,
        "H": 20.0,
        "rcut": 1.0,
        "max_N": 640,
        "external_potential": "custom"
    },
    "simulation_params": {
        "EPS_TRANS": 0.05,
        "ROT_RATIO": 0.3,
        "K_MAX": 10,
        "sample_interval": 5,
        "sample_time": 40000,
        "sample_block": 4,
        "dz": 0.02
    },
    "Vext_params": {
        "potential_type": "custom",
        "An": [
            -0.18651064981463994,
            0.11313616543321234,
            0.7568470023225821,
            0.9129523370579852
        ],
        "phi_n": [
            6.045923346934889,
            3.2821186386960624,
            1.3925780946622879,
            5.610913869783946
        ],
        "Vlin_par": [
            [
                -0.762317076994704,
                -2.0374809934659983,
                2.4534926998740616,
                2.9721968700053303
            ],
            [
                -2.4351543467689254,
                2.973022063035052,
                0.585600603189808,
                0.152751432405636
            ]
        ],
        "x_tar": [
            [
                13.793666970456302,
                2.846989509418707,
                4.029015044501434,
                7.396101302382223
            ],
            [
                16.38347705526791,
                4.8273557596376175,
                6.697747240346732,
                7.570196810608967
            ]
        ],
        "C": 0.2
    },
    "output_params": {
        "output_dir": "output/OUT_config_0527_M8_Trivial_H20.0_mu4.51",
        "output_prefix": "mc_sim_Trivial_H20.0_mub4.51_M8"
    }
}