{
    "input_params": {
        "polymer_type": "Ring",
        "knot_type": "Trivial",
        "configuration": "input/init_config_Z/TrivialN64M8H20.00rho0.10.dat",
        "mu_b": 5.884751932642391,
        "M": 8,
        "init_N": 64,
        "rho_b": 0.1,
        "box_xy": 16.0,
        "H": 20.0,
        "rcut": 1.0,
        "max_N": 640,
        "external_potential": "custom"
    },
    "simulation_params": {
        "EPS_TRANS": 0.05,
        "ROT_RATIO": 0.3,
        "K_MAX": 10,
        "sample_interval": 5,
        "sample_time": 40000,
        "sample_block": 4,
        "dz": 0.02
    },
    "Vext_params": {
        "potential_type": "custom",
        "An": [
            1.237144742192426,
            0.9114964474164914,
            -0.634496372981125,
            -1.4838967034974955
        ],
        "phi_n": [
            4.266518881093027,
            2.292591012235568,
            4.037644746221889,
            5.120078816245617
        ],
        "Vlin_par": [
            [
                1.0358787317578197,
                -3.0375551575208677,
                -1.9699975632542899,
                -0.14134890783309095
            ],
            [
                1.3335613732647897,
                -0.9651491668875899,
                -2.9539651974653505,
                2.6543995861263827
            ]
        ],
        "x_tar": [
            [
                1.5269320517049367,
                7.125786340708813,
                1.2950497206219658,
                3.461258805197016
            ],
            [
                12.453624088575294,
                13.835078550787554,
                2.8276984447276465,
                12.960167957872148
            ]
        ],
        "C": 0.2
    },
    "output_params": {
        "output_dir": "output/OUT_config_0357_M8_Trivial_H20.0_mu5.88",
        "output_prefix": "mc_sim_Trivial_H20.0_mub5.88_M8"
    }
}