{
    "input_params": {
        "polymer_type": "Ring",
        "knot_type": "Trivial",
        "configuration": "input/init_config_Z/TrivialN64M8H20.00rho0.10.dat",
        "mu_b": 0.5693229051606039,
        "M": 8,
        "init_N": 64,
        "rho_b": 0.1,
        "box_xy": 16.0,
        "H": 20.0,
        "rcut": 1.0,
        "max_N": 640,
        "external_potential": "custom"
    },
    "simulation_params": {
        "EPS_TRANS": 0.05,
        "ROT_RATIO": 0.3,
        "K_MAX": 10,
        "sample_interval": 5,
        "sample_time": 40000,
        "sample_block": 4,
        "dz": 0.02
    },
    "Vext_params": {
        "potential_type": "custom",
        "An": [
            -2.481056360443104,
            1.7020710287742864,
            -0.5147538573496911,
            -1.2174020999394022
        ],
        "phi_n": [
            4.1798828409465525,
            2.6176959573264638,
            4.755072164023763,
            2.3517108012046317
        ],
        "Vlin_par": [
            [
                2.7486913374137707,
                1.5924053276216832,
                -2.5280361398845446,
                -3.3649110898042043
            ],
            [
                3.792217285880557,
                -1.5363680987183348,
                1.8939721355685386,
                0.9215876379478962
            ]
        ],
        "x_tar": [
            [
                3.550476271693781,
                17.16429402370139,
                12.988753163591053,
                6.356797779489156
            ],
            [
                15.010001095596845,
                18.986666339460914,
                19.020140235640334,
                14.039658264422263
            ]
        ],
        "C": 0.2
    },
    "output_params": {
        "output_dir": "output/OUT_config_0319_M8_Trivial_H20.0_mu0.57",
        "output_prefix": "mc_sim_Trivial_H20.0_mub0.57_M8"
    }
}