{
    "input_params": {
        "polymer_type": "Ring",
        "knot_type": "Trivial",
        "configuration": "input/init_config_Z/TrivialN64M8H20.00rho0.10.dat",
        "mu_b": 1.8160948516225388,
        "M": 8,
        "init_N": 64,
        "rho_b": 0.1,
        "box_xy": 16.0,
        "H": 20.0,
        "rcut": 1.0,
        "max_N": 640,
        "external_potential": "custom"
    },
    "simulation_params": {
        "EPS_TRANS": 0.05,
        "ROT_RATIO": 0.3,
        "K_MAX": 10,
        "sample_interval": 5,
        "sample_time": 40000,
        "sample_block": 4,
        "dz": 0.02
    },
    "Vext_params": {
        "potential_type": "custom",
        "An": [
            -2.0141025725756916,
            -1.092760375947162,
            1.2810386529936768,
            -2.2164142113764087
        ],
        "phi_n": [
            3.336881608235389,
            2.2092127407096704,
            1.049297400340473,
            5.524997822649306
        ],
        "Vlin_par": [
            [
                1.7771080888860789,
                -4.327265422424918,
                -2.6281419234142547,
                1.0673952064016772
            ],
            [
                3.6838594181923274,
                -0.5984537411437345,
                -2.389557189717981,
                -0.9244702350848986
            ]
        ],
        "x_tar": [
            [
                5.024830730659453,
                1.709412732756408,
                4.832219788468752,
                6.223870095236849
            ],
            [
                8.148227848439983,
                15.50825666847231,
                8.1447151816607,
                11.936193531268923
            ]
        ],
        "C": 0.2
    },
    "output_params": {
        "output_dir": "output/OUT_config_0127_M8_Trivial_H20.0_mu1.82",
        "output_prefix": "mc_sim_Trivial_H20.0_mub1.82_M8"
    }
}