{
    "input_params": {
        "polymer_type": "Ring",
        "knot_type": "Trivial",
        "configuration": "input/init_config_Z/TrivialN64M8H20.00rho0.10.dat",
        "mu_b": 2.1259621950849508,
        "M": 8,
        "init_N": 64,
        "rho_b": 0.1,
        "box_xy": 16.0,
        "H": 20.0,
        "rcut": 1.0,
        "max_N": 640,
        "external_potential": "custom"
    },
    "simulation_params": {
        "EPS_TRANS": 0.05,
        "ROT_RATIO": 0.3,
        "K_MAX": 10,
        "sample_interval": 5,
        "sample_time": 40000,
        "sample_block": 4,
        "dz": 0.02
    },
    "Vext_params": {
        "potential_type": "custom",
        "An": [
            0.9883982818281585,
            -0.2510401439616681,
            -1.5734095440083196,
            -0.8779391596854914
        ],
        "phi_n": [
            4.897928239034015,
            1.4389763537038185,
            0.13454755682768296,
            0.01356774867710864
        ],
        "Vlin_par": [
            [
                3.181819745925861,
                1.203612081629868,
                -0.1633718334439234,
                -1.4313621800587562
            ],
            [
                -3.0193218865927522,
                0.7572975708769358,
                -4.16689044592481,
                0.8855945628577873
            ]
        ],
        "x_tar": [
            [
                8.768668170640993,
                1.2132538889134614,
                3.0933662736175815,
                3.708459372721824
            ],
            [
                11.321076058519221,
                10.850124687366494,
                13.36481194091208,
                15.331521040040991
            ]
        ],
        "C": 0.2
    },
    "output_params": {
        "output_dir": "output/OUT_config_0447_M8_Trivial_H20.0_mu2.13",
        "output_prefix": "mc_sim_Trivial_H20.0_mub2.13_M8"
    }
}