{
    "input_params": {
        "polymer_type": "Ring",
        "knot_type": "Trivial",
        "configuration": "input/init_config_Z/TrivialN64M8H20.00rho0.10.dat",
        "mu_b": -0.3999540672350327,
        "M": 8,
        "init_N": 64,
        "rho_b": 0.1,
        "box_xy": 16.0,
        "H": 20.0,
        "rcut": 1.0,
        "max_N": 640,
        "external_potential": "custom"
    },
    "simulation_params": {
        "EPS_TRANS": 0.05,
        "ROT_RATIO": 0.3,
        "K_MAX": 10,
        "sample_interval": 5,
        "sample_time": 40000,
        "sample_block": 4,
        "dz": 0.02
    },
    "Vext_params": {
        "potential_type": "custom",
        "An": [
            1.5989714967557815,
            -2.9077660532565064,
            3.265586343741414,
            -0.5196960801046867
        ],
        "phi_n": [
            4.905981303062397,
            2.0276396896533737,
            1.8087651903709974,
            0.5056653491622363
        ],
        "Vlin_par": [
            [
                -2.859958574094068,
                2.5235991957859722,
                -0.23442691014819111,
                -3.9137024309084136
            ],
            [
                -3.477986317463554,
                0.6007936381055079,
                0.46600497728454165,
                0.005272486812155216
            ]
        ],
        "x_tar": [
            [
                2.922986110007937,
                7.098775322058472,
                12.884024576984812,
                5.987984423285255
            ],
            [
                19.218595801202802,
                18.52649793478315,
                16.53058008539679,
                14.56327084670769
            ]
        ],
        "C": 0.2
    },
    "output_params": {
        "output_dir": "output/OUT_config_0222_M8_Trivial_H20.0_mu-0.40",
        "output_prefix": "mc_sim_Trivial_H20.0_mub-0.40_M8"
    }
}