{
    "input_params": {
        "polymer_type": "Ring",
        "knot_type": "Trivial",
        "configuration": "input/init_config_Z/TrivialN64M8H20.00rho0.10.dat",
        "mu_b": 3.7243991431434402,
        "M": 8,
        "init_N": 64,
        "rho_b": 0.1,
        "box_xy": 16.0,
        "H": 20.0,
        "rcut": 1.0,
        "max_N": 640,
        "external_potential": "custom"
    },
    "simulation_params": {
        "EPS_TRANS": 0.05,
        "ROT_RATIO": 0.3,
        "K_MAX": 10,
        "sample_interval": 5,
        "sample_time": 40000,
        "sample_block": 4,
        "dz": 0.02
    },
    "Vext_params": {
        "potential_type": "custom",
        "An": [
            -2.3416172699972155,
            0.7089888970358437,
            2.1162006580120716,
            -0.2797572598175217
        ],
        "phi_n": [
            5.991086140923404,
            1.6401589091805897,
            6.05355057212387,
            1.7643848084886364
        ],
        "Vlin_par": [
            [
                3.1629501383133967,
                4.67442841843005,
                1.261794519784782,
                1.28003148036975
            ],
            [
                0.4040989758533883,
                -0.6244963440524537,
                1.0196164023756045,
                -1.2941374494605828
            ]
        ],
        "x_tar": [
            [
                0.5889169592941257,
                0.3644590587507923,
                6.513937518190467,
                1.845912316456726
            ],
            [
                9.880965020572528,
                14.393728976576872,
                9.502607954688624,
                12.38347470883454
            ]
        ],
        "C": 0.2
    },
    "output_params": {
        "output_dir": "output/OUT_config_0462_M8_Trivial_H20.0_mu3.72",
        "output_prefix": "mc_sim_Trivial_H20.0_mub3.72_M8"
    }
}