{
    "input_params": {
        "polymer_type": "Ring",
        "knot_type": "Trivial",
        "configuration": "input/init_config_Z/TrivialN64M8H20.00rho0.10.dat",
        "mu_b": 4.497785478703235,
        "M": 8,
        "init_N": 64,
        "rho_b": 0.1,
        "box_xy": 16.0,
        "H": 20.0,
        "rcut": 1.0,
        "max_N": 640,
        "external_potential": "custom"
    },
    "simulation_params": {
        "EPS_TRANS": 0.05,
        "ROT_RATIO": 0.3,
        "K_MAX": 10,
        "sample_interval": 5,
        "sample_time": 40000,
        "sample_block": 4,
        "dz": 0.02
    },
    "Vext_params": {
        "potential_type": "custom",
        "An": [
            0.9434608573779991,
            1.2146415684476544,
            -1.1874906736763104,
            -2.128283034657474
        ],
        "phi_n": [
            0.6725317123684792,
            2.152622447315152,
            5.046766777416881,
            2.9749249925871983
        ],
        "Vlin_par": [
            [
                3.162183134296492,
                -0.4323105847113134,
                -1.0404880482156058,
                -0.021947558599746616
            ],
            [
                0.7035638623411731,
                1.8779762949137175,
                0.641828006995893,
                -3.2796158985484993
            ]
        ],
        "x_tar": [
            [
                8.265611802053915,
                4.582338126001746,
                5.1182929196055476,
                10.398223803838961
            ],
            [
                18.69784959994543,
                11.411516591092406,
                6.830610751785993,
                15.083700367266378
            ]
        ],
        "C": 0.2
    },
    "output_params": {
        "output_dir": "output/OUT_config_0407_M8_Trivial_H20.0_mu4.50",
        "output_prefix": "mc_sim_Trivial_H20.0_mub4.50_M8"
    }
}