{
    "input_params": {
        "polymer_type": "Ring",
        "knot_type": "Trivial",
        "configuration": "input/init_config_Z/TrivialN64M8H20.00rho0.10.dat",
        "mu_b": 1.419952551493732,
        "M": 8,
        "init_N": 64,
        "rho_b": 0.1,
        "box_xy": 16.0,
        "H": 20.0,
        "rcut": 1.0,
        "max_N": 640,
        "external_potential": "custom"
    },
    "simulation_params": {
        "EPS_TRANS": 0.05,
        "ROT_RATIO": 0.3,
        "K_MAX": 10,
        "sample_interval": 5,
        "sample_time": 40000,
        "sample_block": 4,
        "dz": 0.02
    },
    "Vext_params": {
        "potential_type": "custom",
        "An": [
            0.4945202182472571,
            -0.19694659390366084,
            -0.8694334894163174,
            -0.14528801644350922
        ],
        "phi_n": [
            6.045673413584775,
            5.990252335922614,
            3.3590118527697173,
            5.678366999801411
        ],
        "Vlin_par": [
            [
                4.146044973714425,
                0.08215301310539967,
                0.011799921695578298,
                0.46442870931809455
            ],
            [
                -1.7954192571248029,
                4.047079316221456,
                -2.3058777047692756,
                -0.9048940451225903
            ]
        ],
        "x_tar": [
            [
                3.838614809001639,
                3.342782418231345,
                1.4315073138104184,
                2.8860304686005667
            ],
            [
                4.4353698589260375,
                9.113237765189693,
                17.28039850672043,
                4.813533215904149
            ]
        ],
        "C": 0.2
    },
    "output_params": {
        "output_dir": "output/OUT_config_0262_M8_Trivial_H20.0_mu1.42",
        "output_prefix": "mc_sim_Trivial_H20.0_mub1.42_M8"
    }
}