{
    "input_params": {
        "polymer_type": "Ring",
        "knot_type": "Trivial",
        "configuration": "input/init_config_Z/TrivialN64M8H20.00rho0.10.dat",
        "mu_b": 0.8417977802527972,
        "M": 8,
        "init_N": 64,
        "rho_b": 0.1,
        "box_xy": 16.0,
        "H": 20.0,
        "rcut": 1.0,
        "max_N": 640,
        "external_potential": "custom"
    },
    "simulation_params": {
        "EPS_TRANS": 0.05,
        "ROT_RATIO": 0.3,
        "K_MAX": 10,
        "sample_interval": 5,
        "sample_time": 40000,
        "sample_block": 4,
        "dz": 0.02
    },
    "Vext_params": {
        "potential_type": "custom",
        "An": [
            1.2346230718160536,
            -0.05866260388744824,
            -0.7891107318025968,
            -1.7577944151239913
        ],
        "phi_n": [
            5.408275887215331,
            2.176041909382582,
            1.605835718188227,
            6.06790825322175
        ],
        "Vlin_par": [
            [
                -1.1334079198907971,
                -1.7708178504565992,
                3.722904172637118,
                0.2575180980939081
            ],
            [
                1.4599418649434028,
                1.5831127358919395,
                -2.166616960324291,
                1.3555246034645076
            ]
        ],
        "x_tar": [
            [
                5.276147462781906,
                4.799851401978799,
                11.625834140824567,
                2.1412356136616495
            ],
            [
                18.47652029435164,
                6.053847896112368,
                18.591226003091094,
                16.297384601677955
            ]
        ],
        "C": 0.2
    },
    "output_params": {
        "output_dir": "output/OUT_config_0355_M8_Trivial_H20.0_mu0.84",
        "output_prefix": "mc_sim_Trivial_H20.0_mub0.84_M8"
    }
}