{
    "input_params": {
        "polymer_type": "Ring",
        "knot_type": "Trivial",
        "configuration": "input/init_config_Z/TrivialN64M8H20.00rho0.10.dat",
        "mu_b": 1.311229985450888,
        "M": 8,
        "init_N": 64,
        "rho_b": 0.1,
        "box_xy": 16.0,
        "H": 20.0,
        "rcut": 1.0,
        "max_N": 640,
        "external_potential": "custom"
    },
    "simulation_params": {
        "EPS_TRANS": 0.05,
        "ROT_RATIO": 0.3,
        "K_MAX": 10,
        "sample_interval": 5,
        "sample_time": 40000,
        "sample_block": 4,
        "dz": 0.02
    },
    "Vext_params": {
        "potential_type": "custom",
        "An": [
            -1.4405607286766484,
            1.897587502284801,
            1.838934303580813,
            0.7042914426022738
        ],
        "phi_n": [
            4.342854500368831,
            5.167752113793475,
            4.016104221329747,
            0.20286259130283063
        ],
        "Vlin_par": [
            [
                -4.101484900782186,
                1.222804818462031,
                0.92537100770557,
                0.7353272047056646
            ],
            [
                4.02591927040265,
                0.44021076575023743,
                1.72086089071964,
                1.3644940707273858
            ]
        ],
        "x_tar": [
            [
                13.09460599337477,
                3.7904795117464207,
                6.5530095929613115,
                10.194034343947433
            ],
            [
                19.787512830534176,
                10.39679773026294,
                8.975665073296408,
                17.061556174979586
            ]
        ],
        "C": 0.2
    },
    "output_params": {
        "output_dir": "output/OUT_config_0289_M8_Trivial_H20.0_mu1.31",
        "output_prefix": "mc_sim_Trivial_H20.0_mub1.31_M8"
    }
}