{
    "input_params": {
        "polymer_type": "Ring",
        "knot_type": "Trivial",
        "configuration": "input/init_config_Z/TrivialN64M8H20.00rho0.10.dat",
        "mu_b": 5.6205324177141955,
        "M": 8,
        "init_N": 64,
        "rho_b": 0.1,
        "box_xy": 16.0,
        "H": 20.0,
        "rcut": 1.0,
        "max_N": 640,
        "external_potential": "custom"
    },
    "simulation_params": {
        "EPS_TRANS": 0.05,
        "ROT_RATIO": 0.3,
        "K_MAX": 10,
        "sample_interval": 5,
        "sample_time": 40000,
        "sample_block": 4,
        "dz": 0.02
    },
    "Vext_params": {
        "potential_type": "custom",
        "An": [
            -0.034522038726209923,
            0.12445416578047754,
            -1.8173315598732154,
            0.805356128938195
        ],
        "phi_n": [
            3.207504736927479,
            5.598564973838488,
            4.917734296609149,
            4.263683791162141
        ],
        "Vlin_par": [
            [
                1.3080608855200182,
                -0.10009872533408418,
                -1.3429808504569296,
                -0.09698580204055274
            ],
            [
                -0.5381702529832083,
                0.9783612378077543,
                -0.10124833272505479,
                2.268798856339437
            ]
        ],
        "x_tar": [
            [
                7.382128772550461,
                4.145490301840564,
                1.241187349811843,
                3.4008627333035113
            ],
            [
                14.890817057578596,
                9.976423580520997,
                10.129994749629198,
                17.410369326568617
            ]
        ],
        "C": 0.2
    },
    "output_params": {
        "output_dir": "output/OUT_config_0453_M8_Trivial_H20.0_mu5.62",
        "output_prefix": "mc_sim_Trivial_H20.0_mub5.62_M8"
    }
}