{
    "input_params": {
        "polymer_type": "Ring",
        "knot_type": "Trivial",
        "configuration": "input/init_config_Z/TrivialN64M8H20.00rho0.10.dat",
        "mu_b": 0.2923993543397567,
        "M": 8,
        "init_N": 64,
        "rho_b": 0.1,
        "box_xy": 16.0,
        "H": 20.0,
        "rcut": 1.0,
        "max_N": 640,
        "external_potential": "custom"
    },
    "simulation_params": {
        "EPS_TRANS": 0.05,
        "ROT_RATIO": 0.3,
        "K_MAX": 10,
        "sample_interval": 5,
        "sample_time": 40000,
        "sample_block": 4,
        "dz": 0.02
    },
    "Vext_params": {
        "potential_type": "custom",
        "An": [
            1.8161967584003575,
            1.1012397338964335,
            -2.029623968961148,
            1.4628409902949255
        ],
        "phi_n": [
            5.878945152815285,
            2.111976898813267,
            1.4770269868187726,
            1.6075150215713212
        ],
        "Vlin_par": [
            [
                -0.5210283014508547,
                1.2478052410909881,
                -0.01961566460685755,
                -0.3760388723644154
            ],
            [
                -3.8917280392937874,
                3.4285116518039276,
                -3.4977109817548455,
                0.22982464152097498
            ]
        ],
        "x_tar": [
            [
                5.181812109676418,
                3.665840465319161,
                6.929499539246167,
                1.277445042146752
            ],
            [
                13.926380221232677,
                9.681465190874999,
                16.771503424912552,
                4.975113628651535
            ]
        ],
        "C": 0.2
    },
    "output_params": {
        "output_dir": "output/OUT_config_0285_M8_Trivial_H20.0_mu0.29",
        "output_prefix": "mc_sim_Trivial_H20.0_mub0.29_M8"
    }
}