{
    "input_params": {
        "polymer_type": "Ring",
        "knot_type": "Trivial",
        "configuration": "input/init_config_Z/TrivialN64M8H20.00rho0.10.dat",
        "mu_b": -0.5682987385997804,
        "M": 8,
        "init_N": 64,
        "rho_b": 0.1,
        "box_xy": 16.0,
        "H": 20.0,
        "rcut": 1.0,
        "max_N": 640,
        "external_potential": "custom"
    },
    "simulation_params": {
        "EPS_TRANS": 0.05,
        "ROT_RATIO": 0.3,
        "K_MAX": 10,
        "sample_interval": 5,
        "sample_time": 40000,
        "sample_block": 4,
        "dz": 0.02
    },
    "Vext_params": {
        "potential_type": "custom",
        "An": [
            2.1597691220886546,
            1.6225953377205964,
            2.7181894521925423,
            -3.988621084610835
        ],
        "phi_n": [
            2.5896130769714394,
            0.18756158571749648,
            1.1302546605043997,
            0.2364945308277013
        ],
        "Vlin_par": [
            [
                -1.5572937463436587,
                0.12642076569554514,
                2.3375699782726254,
                2.6702006106820138
            ],
            [
                2.14837846462383,
                -0.016457740165084563,
                -0.3504338146324775,
                1.8696624664877644
            ]
        ],
        "x_tar": [
            [
                0.895105856038152,
                6.317852377633725,
                13.472046344418722,
                10.242681140107946
            ],
            [
                16.34929503251111,
                13.129238519219644,
                15.081846239156926,
                19.317944093704714
            ]
        ],
        "C": 0.2
    },
    "output_params": {
        "output_dir": "output/OUT_config_0536_M8_Trivial_H20.0_mu-0.57",
        "output_prefix": "mc_sim_Trivial_H20.0_mub-0.57_M8"
    }
}