{
    "input_params": {
        "polymer_type": "Ring",
        "knot_type": "Trivial",
        "configuration": "input/init_config_Z/TrivialN64M8H20.00rho0.10.dat",
        "mu_b": 5.885706919195644,
        "M": 8,
        "init_N": 64,
        "rho_b": 0.1,
        "box_xy": 16.0,
        "H": 20.0,
        "rcut": 1.0,
        "max_N": 640,
        "external_potential": "custom"
    },
    "simulation_params": {
        "EPS_TRANS": 0.05,
        "ROT_RATIO": 0.3,
        "K_MAX": 10,
        "sample_interval": 5,
        "sample_time": 40000,
        "sample_block": 4,
        "dz": 0.02
    },
    "Vext_params": {
        "potential_type": "custom",
        "An": [
            -1.5692795540598328,
            1.1682446234246662,
            -0.07536599740131274,
            0.75980502027295
        ],
        "phi_n": [
            1.1712750114615573,
            4.786250738726907,
            0.45632337915450677,
            2.1568043205289666
        ],
        "Vlin_par": [
            [
                -1.6776616482185902,
                -3.1139048665560707,
                -1.1544840641317886,
                -4.259098836774907
            ],
            [
                0.42785993254208127,
                -1.3185386191278625,
                -2.024021224127646,
                1.5240500245023527
            ]
        ],
        "x_tar": [
            [
                0.7823310191709898,
                7.717327495766155,
                1.814381869679571,
                5.089228084365294
            ],
            [
                0.9773794746801467,
                8.149984149480598,
                5.349387549208364,
                7.736981667401512
            ]
        ],
        "C": 0.2
    },
    "output_params": {
        "output_dir": "output/OUT_config_0067_M8_Trivial_H20.0_mu5.89",
        "output_prefix": "mc_sim_Trivial_H20.0_mub5.89_M8"
    }
}