{
    "input_params": {
        "polymer_type": "Ring",
        "knot_type": "Trivial",
        "configuration": "input/init_config_Z/TrivialN64M8H20.00rho0.10.dat",
        "mu_b": 0.8818966784806757,
        "M": 8,
        "init_N": 64,
        "rho_b": 0.1,
        "box_xy": 16.0,
        "H": 20.0,
        "rcut": 1.0,
        "max_N": 640,
        "external_potential": "custom"
    },
    "simulation_params": {
        "EPS_TRANS": 0.05,
        "ROT_RATIO": 0.3,
        "K_MAX": 10,
        "sample_interval": 5,
        "sample_time": 40000,
        "sample_block": 4,
        "dz": 0.02
    },
    "Vext_params": {
        "potential_type": "custom",
        "An": [
            1.3634725975506086,
            1.22177637574353,
            2.2205455107326206,
            -0.27332068904581114
        ],
        "phi_n": [
            2.5146186301303066,
            0.9100061027455718,
            6.143445433390162,
            0.7383173579453179
        ],
        "Vlin_par": [
            [
                -1.637994096884026,
                0.8900160781864338,
                3.650717411959055,
                2.388707721967759
            ],
            [
                0.8514950931793462,
                -2.669341487754168,
                0.7126907346548929,
                1.8411402653538496
            ]
        ],
        "x_tar": [
            [
                3.3305747105131234,
                13.291861475016503,
                8.981159447892876,
                3.2545386361456785
            ],
            [
                18.751529439622853,
                19.0081601400826,
                14.98891556780928,
                7.311800957913086
            ]
        ],
        "C": 0.2
    },
    "output_params": {
        "output_dir": "output/OUT_config_0489_M8_Trivial_H20.0_mu0.88",
        "output_prefix": "mc_sim_Trivial_H20.0_mub0.88_M8"
    }
}