{
    "input_params": {
        "polymer_type": "Ring",
        "knot_type": "Trivial",
        "configuration": "input/init_config_Z/TrivialN64M8H20.00rho0.10.dat",
        "mu_b": -0.23578725723585892,
        "M": 8,
        "init_N": 64,
        "rho_b": 0.1,
        "box_xy": 16.0,
        "H": 20.0,
        "rcut": 1.0,
        "max_N": 640,
        "external_potential": "custom"
    },
    "simulation_params": {
        "EPS_TRANS": 0.05,
        "ROT_RATIO": 0.3,
        "K_MAX": 10,
        "sample_interval": 5,
        "sample_time": 40000,
        "sample_block": 4,
        "dz": 0.02
    },
    "Vext_params": {
        "potential_type": "custom",
        "An": [
            -2.2306255814183857,
            5.822187908805832,
            0.5203683719694455,
            -0.4957890911560844
        ],
        "phi_n": [
            3.1531132546458904,
            3.8533780883280375,
            6.117861898214445,
            3.4666808343335815
        ],
        "Vlin_par": [
            [
                -2.0839945184412874,
                0.4345698009557953,
                -1.9159102446102176,
                1.8850354083135357
            ],
            [
                0.7621987138453288,
                -0.48508850263302355,
                -1.965689430678635,
                -1.441654852260889
            ]
        ],
        "x_tar": [
            [
                10.234911621297337,
                9.97413997426553,
                14.99577131608097,
                6.2316395449202755
            ],
            [
                16.16107791881217,
                10.332951761074284,
                18.06845258502939,
                14.207556207113058
            ]
        ],
        "C": 0.2
    },
    "output_params": {
        "output_dir": "output/OUT_config_0117_M8_Trivial_H20.0_mu-0.24",
        "output_prefix": "mc_sim_Trivial_H20.0_mub-0.24_M8"
    }
}