{
    "input_params": {
        "polymer_type": "Ring",
        "knot_type": "Trivial",
        "configuration": "input/init_config_Z/TrivialN64M8H20.00rho0.10.dat",
        "mu_b": 4.207655639020087,
        "M": 8,
        "init_N": 64,
        "rho_b": 0.1,
        "box_xy": 16.0,
        "H": 20.0,
        "rcut": 1.0,
        "max_N": 640,
        "external_potential": "custom"
    },
    "simulation_params": {
        "EPS_TRANS": 0.05,
        "ROT_RATIO": 0.3,
        "K_MAX": 10,
        "sample_interval": 5,
        "sample_time": 40000,
        "sample_block": 4,
        "dz": 0.02
    },
    "Vext_params": {
        "potential_type": "custom",
        "An": [
            0.5839434536631732,
            0.38097912501693276,
            1.5319666307455364,
            -1.885677002747091
        ],
        "phi_n": [
            3.2518030614482356,
            0.6608052995100014,
            5.734780538374316,
            4.634611550438231
        ],
        "Vlin_par": [
            [
                -4.102799072286096,
                -1.4456882291710929,
                2.4001899460789056,
                -0.593370586331184
            ],
            [
                -0.5244929865837995,
                -1.101828252325973,
                0.09193214243354896,
                1.774408472770644
            ]
        ],
        "x_tar": [
            [
                0.8838242525492723,
                4.6571029057163855,
                2.8759308886083623,
                4.73098716013663
            ],
            [
                7.698111780644368,
                12.001248364189756,
                6.388443650786888,
                14.713065494825049
            ]
        ],
        "C": 0.2
    },
    "output_params": {
        "output_dir": "output/OUT_config_0423_M8_Trivial_H20.0_mu4.21",
        "output_prefix": "mc_sim_Trivial_H20.0_mub4.21_M8"
    }
}