{
    "input_params": {
        "polymer_type": "Ring",
        "knot_type": "Trivial",
        "configuration": "input/init_config_Z/TrivialN64M8H20.00rho0.10.dat",
        "mu_b": 5.432868926876587,
        "M": 8,
        "init_N": 64,
        "rho_b": 0.1,
        "box_xy": 16.0,
        "H": 20.0,
        "rcut": 1.0,
        "max_N": 640,
        "external_potential": "custom"
    },
    "simulation_params": {
        "EPS_TRANS": 0.05,
        "ROT_RATIO": 0.3,
        "K_MAX": 10,
        "sample_interval": 5,
        "sample_time": 40000,
        "sample_block": 4,
        "dz": 0.02
    },
    "Vext_params": {
        "potential_type": "custom",
        "An": [
            -0.8083581691088738,
            -2.6181325283983488,
            -3.099608434775236,
            -1.658001222491679
        ],
        "phi_n": [
            3.5035535406941203,
            3.941570542719972,
            4.648972736537004,
            3.613260698416629
        ],
        "Vlin_par": [
            [
                -1.2204812042274331,
                2.290936689521333,
                0.4507972855865455,
                2.120308532819976
            ],
            [
                0.5200173326351594,
                -0.3516057782114841,
                3.75135246223191,
                -2.4471931568017236
            ]
        ],
        "x_tar": [
            [
                3.9233998431617167,
                0.3297698902120705,
                3.3559643047932886,
                1.9037172332192176
            ],
            [
                11.861753240495748,
                17.556613052424503,
                19.43714571831844,
                13.060998792351858
            ]
        ],
        "C": 0.2
    },
    "output_params": {
        "output_dir": "output/OUT_config_0554_M8_Trivial_H20.0_mu5.43",
        "output_prefix": "mc_sim_Trivial_H20.0_mub5.43_M8"
    }
}