{
    "input_params": {
        "polymer_type": "Ring",
        "knot_type": "Trivial",
        "configuration": "input/init_config_Z/TrivialN64M8H20.00rho0.10.dat",
        "mu_b": 4.643607794260672,
        "M": 8,
        "init_N": 64,
        "rho_b": 0.1,
        "box_xy": 16.0,
        "H": 20.0,
        "rcut": 1.0,
        "max_N": 640,
        "external_potential": "custom"
    },
    "simulation_params": {
        "EPS_TRANS": 0.05,
        "ROT_RATIO": 0.3,
        "K_MAX": 10,
        "sample_interval": 5,
        "sample_time": 40000,
        "sample_block": 4,
        "dz": 0.02
    },
    "Vext_params": {
        "potential_type": "custom",
        "An": [
            0.4272524932328821,
            0.1493495297669844,
            -0.45815869787081814,
            -1.035566564539358
        ],
        "phi_n": [
            4.881094029283363,
            5.515651740551002,
            5.466313755087517,
            4.872746306561199
        ],
        "Vlin_par": [
            [
                -3.397682618352441,
                0.048796192771964945,
                2.833315785399871,
                -1.4141373793713845
            ],
            [
                1.6689204496963637,
                2.0388443545595156,
                -0.6312447344373433,
                2.3032317125774924
            ]
        ],
        "x_tar": [
            [
                2.214606720853476,
                0.5904852668209992,
                6.203971175907068,
                5.883552840907733
            ],
            [
                15.434735126660918,
                12.912135118282194,
                14.566619270319926,
                12.438901182941555
            ]
        ],
        "C": 0.2
    },
    "output_params": {
        "output_dir": "output/OUT_config_0535_M8_Trivial_H20.0_mu4.64",
        "output_prefix": "mc_sim_Trivial_H20.0_mub4.64_M8"
    }
}