{
    "input_params": {
        "polymer_type": "Ring",
        "knot_type": "Trivial",
        "configuration": "input/init_config_Z/TrivialN64M8H20.00rho0.10.dat",
        "mu_b": 4.873297947122486,
        "M": 8,
        "init_N": 64,
        "rho_b": 0.1,
        "box_xy": 16.0,
        "H": 20.0,
        "rcut": 1.0,
        "max_N": 640,
        "external_potential": "custom"
    },
    "simulation_params": {
        "EPS_TRANS": 0.05,
        "ROT_RATIO": 0.3,
        "K_MAX": 10,
        "sample_interval": 5,
        "sample_time": 40000,
        "sample_block": 4,
        "dz": 0.02
    },
    "Vext_params": {
        "potential_type": "custom",
        "An": [
            -0.30432065536890823,
            -1.4237981102967507,
            1.5678875044453975,
            -0.27560326112052164
        ],
        "phi_n": [
            6.123618538800973,
            6.138957053710759,
            2.3518042576983413,
            2.150594996385166
        ],
        "Vlin_par": [
            [
                1.3475479711358798,
                3.115661928387235,
                4.157748682747133,
                -0.7094339928449711
            ],
            [
                -0.9701895887620025,
                -0.06479600040131817,
                -0.5692089812548673,
                1.3927224232742432
            ]
        ],
        "x_tar": [
            [
                1.2344610970095093,
                6.039892151407602,
                3.823015555179845,
                3.7175648469591183
            ],
            [
                12.325434021882844,
                14.258951941038001,
                15.968859949016888,
                3.7199499967640137
            ]
        ],
        "C": 0.2
    },
    "output_params": {
        "output_dir": "output/OUT_config_0086_M8_Trivial_H20.0_mu4.87",
        "output_prefix": "mc_sim_Trivial_H20.0_mub4.87_M8"
    }
}