{
    "input_params": {
        "polymer_type": "Ring",
        "knot_type": "Trivial",
        "configuration": "input/init_config_Z/TrivialN64M8H20.00rho0.10.dat",
        "mu_b": 5.804746950584047,
        "M": 8,
        "init_N": 64,
        "rho_b": 0.1,
        "box_xy": 16.0,
        "H": 20.0,
        "rcut": 1.0,
        "max_N": 640,
        "external_potential": "custom"
    },
    "simulation_params": {
        "EPS_TRANS": 0.05,
        "ROT_RATIO": 0.3,
        "K_MAX": 10,
        "sample_interval": 5,
        "sample_time": 40000,
        "sample_block": 4,
        "dz": 0.02
    },
    "Vext_params": {
        "potential_type": "custom",
        "An": [
            0.7910248851059386,
            -2.674466598752588,
            2.2535971226585594,
            0.5783845602785448
        ],
        "phi_n": [
            3.777803973594634,
            3.6113921913869778,
            1.4514116008101512,
            1.1227462047022287
        ],
        "Vlin_par": [
            [
                0.7939210844843116,
                -3.3841071078236316,
                -3.828196812140508,
                0.3173782628158218
            ],
            [
                0.29083640173409336,
                0.6147997519797899,
                3.0797641026369895,
                2.6089047087695327
            ]
        ],
        "x_tar": [
            [
                4.163969061211339,
                2.346832858949852,
                12.060566534343906,
                14.351375882357427
            ],
            [
                18.098633103097622,
                6.512854217120864,
                12.561180133612362,
                17.278275927764156
            ]
        ],
        "C": 0.2
    },
    "output_params": {
        "output_dir": "output/OUT_config_0412_M8_Trivial_H20.0_mu5.80",
        "output_prefix": "mc_sim_Trivial_H20.0_mub5.80_M8"
    }
}