{
    "input_params": {
        "polymer_type": "Ring",
        "knot_type": "Trivial",
        "configuration": "input/init_config_Z/TrivialN64M8H20.00rho0.10.dat",
        "mu_b": 4.065128838265042,
        "M": 8,
        "init_N": 64,
        "rho_b": 0.1,
        "box_xy": 16.0,
        "H": 20.0,
        "rcut": 1.0,
        "max_N": 640,
        "external_potential": "custom"
    },
    "simulation_params": {
        "EPS_TRANS": 0.05,
        "ROT_RATIO": 0.3,
        "K_MAX": 10,
        "sample_interval": 5,
        "sample_time": 40000,
        "sample_block": 4,
        "dz": 0.02
    },
    "Vext_params": {
        "potential_type": "custom",
        "An": [
            -1.190870226401321,
            0.9262108143070255,
            0.29955365727878236,
            -0.37264154363858687
        ],
        "phi_n": [
            2.1422246713011535,
            4.26964657009098,
            0.455578006542702,
            3.6770600866497425
        ],
        "Vlin_par": [
            [
                2.0683394078849897,
                0.7214024974438333,
                2.4324665788840267,
                4.045296142737561
            ],
            [
                1.7172074373080506,
                -2.9149557150893273,
                2.7620307824669066,
                -0.9754676299568737
            ]
        ],
        "x_tar": [
            [
                13.977362246596634,
                5.654065712891773,
                11.41404456942456,
                13.759483070185883
            ],
            [
                19.208553315994905,
                17.762261537255913,
                13.828848860170229,
                13.899318808610788
            ]
        ],
        "C": 0.2
    },
    "output_params": {
        "output_dir": "output/OUT_config_0068_M8_Trivial_H20.0_mu4.07",
        "output_prefix": "mc_sim_Trivial_H20.0_mub4.07_M8"
    }
}