{
    "input_params": {
        "polymer_type": "Ring",
        "knot_type": "Trivial",
        "configuration": "input/init_config_Z/TrivialN64M8H20.00rho0.10.dat",
        "mu_b": -0.9354773718867304,
        "M": 8,
        "init_N": 64,
        "rho_b": 0.1,
        "box_xy": 16.0,
        "H": 20.0,
        "rcut": 1.0,
        "max_N": 640,
        "external_potential": "custom"
    },
    "simulation_params": {
        "EPS_TRANS": 0.05,
        "ROT_RATIO": 0.3,
        "K_MAX": 10,
        "sample_interval": 5,
        "sample_time": 40000,
        "sample_block": 4,
        "dz": 0.02
    },
    "Vext_params": {
        "potential_type": "custom",
        "An": [
            -4.589312838199458,
            0.8453226888614481,
            -0.7715130626873518,
            -0.9623548110468342
        ],
        "phi_n": [
            4.822959867145992,
            1.3584130377966306,
            0.013898586422300636,
            1.4022448676571442
        ],
        "Vlin_par": [
            [
                1.1287235114546699,
                0.16724076551502215,
                0.990003515503902,
                -2.3230386181694986
            ],
            [
                -1.579354082240429,
                2.8589283394921434,
                0.14074275335200606,
                -1.9858776184784717
            ]
        ],
        "x_tar": [
            [
                3.8038492765389464,
                6.01711657150505,
                0.24521434003642595,
                6.56716051982438
            ],
            [
                13.661732606064811,
                11.096573843431699,
                0.27156828626139884,
                18.419411591764195
            ]
        ],
        "C": 0.2
    },
    "output_params": {
        "output_dir": "output/OUT_config_0312_M8_Trivial_H20.0_mu-0.94",
        "output_prefix": "mc_sim_Trivial_H20.0_mub-0.94_M8"
    }
}