{
    "input_params": {
        "polymer_type": "Ring",
        "knot_type": "Trivial",
        "configuration": "input/init_config_Z/TrivialN64M8H20.00rho0.10.dat",
        "mu_b": 4.8319911454720055,
        "M": 8,
        "init_N": 64,
        "rho_b": 0.1,
        "box_xy": 16.0,
        "H": 20.0,
        "rcut": 1.0,
        "max_N": 640,
        "external_potential": "custom"
    },
    "simulation_params": {
        "EPS_TRANS": 0.05,
        "ROT_RATIO": 0.3,
        "K_MAX": 10,
        "sample_interval": 5,
        "sample_time": 40000,
        "sample_block": 4,
        "dz": 0.02
    },
    "Vext_params": {
        "potential_type": "custom",
        "An": [
            -1.471997988523991,
            1.015266234633299,
            0.6273785742660228,
            2.2369084925500595
        ],
        "phi_n": [
            0.021750962702568193,
            4.385599269869134,
            1.5778481411871341,
            2.8058512277863255
        ],
        "Vlin_par": [
            [
                -2.7782501022463917,
                1.5822252317361776,
                0.8215385278089605,
                -0.4664671857959189
            ],
            [
                -0.8735703202507477,
                -1.6185715819669493,
                -3.2552605487908877,
                0.09834846901453066
            ]
        ],
        "x_tar": [
            [
                12.321355010026183,
                17.414530604796543,
                5.008327986773391,
                11.437666997174338
            ],
            [
                15.484618341961312,
                19.711322987342204,
                17.18973393169304,
                12.471720301551269
            ]
        ],
        "C": 0.2
    },
    "output_params": {
        "output_dir": "output/OUT_config_0145_M8_Trivial_H20.0_mu4.83",
        "output_prefix": "mc_sim_Trivial_H20.0_mub4.83_M8"
    }
}