{
    "input_params": {
        "polymer_type": "Ring",
        "knot_type": "Trivial",
        "configuration": "input/init_config_Z/TrivialN64M8H20.00rho0.10.dat",
        "mu_b": 0.07070867451121643,
        "M": 8,
        "init_N": 64,
        "rho_b": 0.1,
        "box_xy": 16.0,
        "H": 20.0,
        "rcut": 1.0,
        "max_N": 640,
        "external_potential": "custom"
    },
    "simulation_params": {
        "EPS_TRANS": 0.05,
        "ROT_RATIO": 0.3,
        "K_MAX": 10,
        "sample_interval": 5,
        "sample_time": 40000,
        "sample_block": 4,
        "dz": 0.02
    },
    "Vext_params": {
        "potential_type": "custom",
        "An": [
            -1.0038640813415207,
            1.446877245498205,
            -0.8200574278312013,
            -0.02402636993633836
        ],
        "phi_n": [
            3.4251869917074496,
            2.5502557770378833,
            0.6116397153742953,
            4.010526396499656
        ],
        "Vlin_par": [
            [
                -1.4258735462103151,
                0.2511896805681566,
                -1.8013463294062881,
                -0.5913587144590685
            ],
            [
                3.7895704485112103,
                1.6881934538098247,
                1.0117076886392535,
                2.3180400157594425
            ]
        ],
        "x_tar": [
            [
                4.794595524227012,
                1.989741136182288,
                6.598298680067282,
                2.4609730394828744
            ],
            [
                17.991413121456876,
                19.697850441498606,
                16.763362371528988,
                9.98504966579021
            ]
        ],
        "C": 0.2
    },
    "output_params": {
        "output_dir": "output/OUT_config_0160_M8_Trivial_H20.0_mu0.07",
        "output_prefix": "mc_sim_Trivial_H20.0_mub0.07_M8"
    }
}