{
    "input_params": {
        "polymer_type": "Ring",
        "knot_type": "Trivial",
        "configuration": "input/init_config_Z/TrivialN64M8H20.00rho0.10.dat",
        "mu_b": 0.23488585264074024,
        "M": 8,
        "init_N": 64,
        "rho_b": 0.1,
        "box_xy": 16.0,
        "H": 20.0,
        "rcut": 1.0,
        "max_N": 640,
        "external_potential": "custom"
    },
    "simulation_params": {
        "EPS_TRANS": 0.05,
        "ROT_RATIO": 0.3,
        "K_MAX": 10,
        "sample_interval": 5,
        "sample_time": 40000,
        "sample_block": 4,
        "dz": 0.02
    },
    "Vext_params": {
        "potential_type": "custom",
        "An": [
            -0.6513702723199267,
            3.3792475276109215,
            -0.056370890818096854,
            0.33106497022174103
        ],
        "phi_n": [
            1.3574680524983362,
            1.9166049062240897,
            1.0449242516631931,
            3.3088599730636914
        ],
        "Vlin_par": [
            [
                -1.3700230370407425,
                3.539388407857182,
                0.20239825638436107,
                1.6960085473793625
            ],
            [
                -0.1879974989728428,
                0.5615404833795322,
                1.0825608644709432,
                1.147905351679131
            ]
        ],
        "x_tar": [
            [
                12.087336733432277,
                14.327502319402562,
                2.0129962187364336,
                14.341477608349853
            ],
            [
                13.231834164849804,
                18.788316132716826,
                10.980313654712276,
                19.923143289154726
            ]
        ],
        "C": 0.2
    },
    "output_params": {
        "output_dir": "output/OUT_config_0088_M8_Trivial_H20.0_mu0.23",
        "output_prefix": "mc_sim_Trivial_H20.0_mub0.23_M8"
    }
}