{
    "input_params": {
        "polymer_type": "Ring",
        "knot_type": "Trivial",
        "configuration": "input/init_config_Z/TrivialN64M8H20.00rho0.10.dat",
        "mu_b": 0.6692090160813857,
        "M": 8,
        "init_N": 64,
        "rho_b": 0.1,
        "box_xy": 16.0,
        "H": 20.0,
        "rcut": 1.0,
        "max_N": 640,
        "external_potential": "custom"
    },
    "simulation_params": {
        "EPS_TRANS": 0.05,
        "ROT_RATIO": 0.3,
        "K_MAX": 10,
        "sample_interval": 5,
        "sample_time": 40000,
        "sample_block": 4,
        "dz": 0.02
    },
    "Vext_params": {
        "potential_type": "custom",
        "An": [
            -0.40378313399465243,
            1.0187791850832442,
            0.7326802434801224,
            -0.4869187128591511
        ],
        "phi_n": [
            4.127272089565691,
            4.390755051887891,
            4.700880262472902,
            4.86199842099392
        ],
        "Vlin_par": [
            [
                -1.5081554733508196,
                0.033010836973798065,
                -1.7780199570873645,
                -1.890515110496173
            ],
            [
                2.2990857176328414,
                2.2678381601160704,
                -1.3769021023061654,
                0.6583518841608895
            ]
        ],
        "x_tar": [
            [
                5.418326771079185,
                2.2086445332277704,
                7.55616530353624,
                3.001013868206832
            ],
            [
                10.056521443148048,
                16.988536327695346,
                11.915712228277327,
                19.19365787589643
            ]
        ],
        "C": 0.2
    },
    "output_params": {
        "output_dir": "output/OUT_config_0598_M8_Trivial_H20.0_mu0.67",
        "output_prefix": "mc_sim_Trivial_H20.0_mub0.67_M8"
    }
}