{
    "input_params": {
        "polymer_type": "Ring",
        "knot_type": "Trivial",
        "configuration": "input/init_config_Z/TrivialN64M8H20.00rho0.10.dat",
        "mu_b": 0.7713786646843455,
        "M": 8,
        "init_N": 64,
        "rho_b": 0.1,
        "box_xy": 16.0,
        "H": 20.0,
        "rcut": 1.0,
        "max_N": 640,
        "external_potential": "custom"
    },
    "simulation_params": {
        "EPS_TRANS": 0.05,
        "ROT_RATIO": 0.3,
        "K_MAX": 10,
        "sample_interval": 5,
        "sample_time": 40000,
        "sample_block": 4,
        "dz": 0.02
    },
    "Vext_params": {
        "potential_type": "custom",
        "An": [
            0.2631016351665928,
            0.7251595881638135,
            1.3183496490650477,
            0.5566854010748453
        ],
        "phi_n": [
            0.3002322283020283,
            4.3705169397007495,
            5.675084072913857,
            1.8603691827590394
        ],
        "Vlin_par": [
            [
                -2.140890107404189,
                1.562196758315272,
                -1.4270609035706487,
                -1.3495246302561275
            ],
            [
                -0.5373517410898969,
                -0.840820841467766,
                0.4549624973183491,
                0.14995934381938616
            ]
        ],
        "x_tar": [
            [
                2.009813053760816,
                2.3796172134107607,
                7.59814381826893,
                8.48753159895196
            ],
            [
                3.2489102029219152,
                17.696358110429202,
                8.65312209438981,
                14.647342179184843
            ]
        ],
        "C": 0.2
    },
    "output_params": {
        "output_dir": "output/OUT_config_0314_M8_Trivial_H20.0_mu0.77",
        "output_prefix": "mc_sim_Trivial_H20.0_mub0.77_M8"
    }
}