{
    "input_params": {
        "polymer_type": "Ring",
        "knot_type": "Trivial",
        "configuration": "input/init_config_Z/TrivialN64M8H20.00rho0.10.dat",
        "mu_b": 4.698590094725288,
        "M": 8,
        "init_N": 64,
        "rho_b": 0.1,
        "box_xy": 16.0,
        "H": 20.0,
        "rcut": 1.0,
        "max_N": 640,
        "external_potential": "custom"
    },
    "simulation_params": {
        "EPS_TRANS": 0.05,
        "ROT_RATIO": 0.3,
        "K_MAX": 10,
        "sample_interval": 5,
        "sample_time": 40000,
        "sample_block": 4,
        "dz": 0.02
    },
    "Vext_params": {
        "potential_type": "custom",
        "An": [
            -0.37954662695864455,
            -1.1339342939352812,
            0.3930125069610024,
            2.5435511113402356
        ],
        "phi_n": [
            5.418664609527388,
            5.109228753111235,
            4.0388575442028705,
            1.394191811918534
        ],
        "Vlin_par": [
            [
                -0.9455997178584306,
                0.20139793467778017,
                -2.6216241826845557,
                -0.2109200318348013
            ],
            [
                -2.116465994654229,
                -0.1411758656325238,
                0.4832055069841945,
                -0.30352037878515203
            ]
        ],
        "x_tar": [
            [
                12.109440632458009,
                3.803937713346468,
                12.168572638793151,
                0.6775328322838581
            ],
            [
                15.143238639959403,
                6.2415928742467,
                17.366311011482452,
                2.949631643516224
            ]
        ],
        "C": 0.2
    },
    "output_params": {
        "output_dir": "output/OUT_config_0582_M8_Trivial_H20.0_mu4.70",
        "output_prefix": "mc_sim_Trivial_H20.0_mub4.70_M8"
    }
}