{
    "input_params": {
        "polymer_type": "Ring",
        "knot_type": "Trivial",
        "configuration": "input/init_config_Z/TrivialN64M8H20.00rho0.10.dat",
        "mu_b": 0.127575361322243,
        "M": 8,
        "init_N": 64,
        "rho_b": 0.1,
        "box_xy": 16.0,
        "H": 20.0,
        "rcut": 1.0,
        "max_N": 640,
        "external_potential": "custom"
    },
    "simulation_params": {
        "EPS_TRANS": 0.05,
        "ROT_RATIO": 0.3,
        "K_MAX": 10,
        "sample_interval": 5,
        "sample_time": 40000,
        "sample_block": 4,
        "dz": 0.02
    },
    "Vext_params": {
        "potential_type": "custom",
        "An": [
            -2.601668210209878,
            -0.8133332250748351,
            0.48468906090096453,
            1.4869989492785263
        ],
        "phi_n": [
            4.96361490101496,
            0.6103697728153517,
            3.2728178126638965,
            5.903386690350444
        ],
        "Vlin_par": [
            [
                -2.5300387881391377,
                -1.480064690579186,
                1.7681333443947125,
                1.6811088976170783
            ],
            [
                1.842959826402235,
                -0.5484165220876075,
                1.9544873563094773,
                2.288851235653841
            ]
        ],
        "x_tar": [
            [
                5.768067266330943,
                10.469196500135778,
                12.56394571803262,
                4.233377020827039
            ],
            [
                16.564746145369686,
                18.61169900659733,
                14.940412343700544,
                13.56986765143427
            ]
        ],
        "C": 0.2
    },
    "output_params": {
        "output_dir": "output/OUT_config_0500_M8_Trivial_H20.0_mu0.13",
        "output_prefix": "mc_sim_Trivial_H20.0_mub0.13_M8"
    }
}