{
    "input_params": {
        "polymer_type": "Ring",
        "knot_type": "Trivial",
        "configuration": "input/init_config_Z/TrivialN64M8H20.00rho0.10.dat",
        "mu_b": 4.1623407987266745,
        "M": 8,
        "init_N": 64,
        "rho_b": 0.1,
        "box_xy": 16.0,
        "H": 20.0,
        "rcut": 1.0,
        "max_N": 640,
        "external_potential": "custom"
    },
    "simulation_params": {
        "EPS_TRANS": 0.05,
        "ROT_RATIO": 0.3,
        "K_MAX": 10,
        "sample_interval": 5,
        "sample_time": 40000,
        "sample_block": 4,
        "dz": 0.02
    },
    "Vext_params": {
        "potential_type": "custom",
        "An": [
            0.29680943014428596,
            -2.2239923782349735,
            -1.160352583976643,
            -3.08859587409274
        ],
        "phi_n": [
            5.879390103983138,
            2.416631827008569,
            5.088856391351138,
            0.539750908408769
        ],
        "Vlin_par": [
            [
                -2.1825182794850306,
                3.3573213684088556,
                -2.091137961895294,
                0.06351771751276404
            ],
            [
                1.5070004460441329,
                1.8108429856649781,
                -1.1826897591292511,
                -3.281239549167245
            ]
        ],
        "x_tar": [
            [
                1.9567730335756406,
                7.315600396590389,
                8.486985175628456,
                9.277550046830871
            ],
            [
                8.280138494199372,
                16.755448108172523,
                9.518010812137982,
                15.922922319452251
            ]
        ],
        "C": 0.2
    },
    "output_params": {
        "output_dir": "output/OUT_config_0405_M8_Trivial_H20.0_mu4.16",
        "output_prefix": "mc_sim_Trivial_H20.0_mub4.16_M8"
    }
}