{
    "input_params": {
        "polymer_type": "Ring",
        "knot_type": "Trivial",
        "configuration": "input/init_config_Z/TrivialN64M8H20.00rho0.10.dat",
        "mu_b": 0.7905681037820698,
        "M": 8,
        "init_N": 64,
        "rho_b": 0.1,
        "box_xy": 16.0,
        "H": 20.0,
        "rcut": 1.0,
        "max_N": 640,
        "external_potential": "custom"
    },
    "simulation_params": {
        "EPS_TRANS": 0.05,
        "ROT_RATIO": 0.3,
        "K_MAX": 10,
        "sample_interval": 5,
        "sample_time": 40000,
        "sample_block": 4,
        "dz": 0.02
    },
    "Vext_params": {
        "potential_type": "custom",
        "An": [
            -1.8395506138197457,
            -1.2528090828387188,
            -0.017679552105392418,
            1.2710984480378178
        ],
        "phi_n": [
            2.005684976112773,
            4.909283123334994,
            5.0872785175094615,
            2.6111408412183037
        ],
        "Vlin_par": [
            [
                2.060369175938159,
                0.4835079573865189,
                1.1651326656912098,
                1.3788077866756792
            ],
            [
                3.2801418619416745,
                3.004854341878675,
                -1.720669214815673,
                0.6258511224914992
            ]
        ],
        "x_tar": [
            [
                3.7367948117332728,
                12.844578081445018,
                9.505905849719575,
                11.203768198477363
            ],
            [
                15.223732461321084,
                13.33043652541493,
                15.028675270700798,
                14.802502069780934
            ]
        ],
        "C": 0.2
    },
    "output_params": {
        "output_dir": "output/OUT_config_0178_M8_Trivial_H20.0_mu0.79",
        "output_prefix": "mc_sim_Trivial_H20.0_mub0.79_M8"
    }
}