{
    "input_params": {
        "polymer_type": "Ring",
        "knot_type": "Trivial",
        "configuration": "input/init_config_Z/TrivialN64M8H20.00rho0.10.dat",
        "mu_b": 1.178410643238942,
        "M": 8,
        "init_N": 64,
        "rho_b": 0.1,
        "box_xy": 16.0,
        "H": 20.0,
        "rcut": 1.0,
        "max_N": 640,
        "external_potential": "custom"
    },
    "simulation_params": {
        "EPS_TRANS": 0.05,
        "ROT_RATIO": 0.3,
        "K_MAX": 10,
        "sample_interval": 5,
        "sample_time": 40000,
        "sample_block": 4,
        "dz": 0.02
    },
    "Vext_params": {
        "potential_type": "custom",
        "An": [
            -1.624508435285999,
            -2.0733192151220714,
            0.04877949771106372,
            1.0709187010009316
        ],
        "phi_n": [
            2.6627834373649213,
            2.5142584327276705,
            0.5919214427108654,
            1.3318615471786157
        ],
        "Vlin_par": [
            [
                -0.8532547907493069,
                1.7871922641805387,
                2.7388146094795127,
                -3.9207681480432277
            ],
            [
                2.5356418313816307,
                1.2461427678776154,
                -1.7817808549067269,
                -3.8500232597537822
            ]
        ],
        "x_tar": [
            [
                13.47628545162723,
                3.1244895927735272,
                8.679852787671393,
                6.56375062270617
            ],
            [
                13.561635106133812,
                18.651090038472418,
                17.906225209978256,
                19.051935351250883
            ]
        ],
        "C": 0.2
    },
    "output_params": {
        "output_dir": "output/OUT_config_0579_M8_Trivial_H20.0_mu1.18",
        "output_prefix": "mc_sim_Trivial_H20.0_mub1.18_M8"
    }
}