{
    "input_params": {
        "polymer_type": "Ring",
        "knot_type": "Trivial",
        "configuration": "input/init_config_Z/TrivialN64M8H20.00rho0.10.dat",
        "mu_b": 0.2617411990312819,
        "M": 8,
        "init_N": 64,
        "rho_b": 0.1,
        "box_xy": 16.0,
        "H": 20.0,
        "rcut": 1.0,
        "max_N": 640,
        "external_potential": "custom"
    },
    "simulation_params": {
        "EPS_TRANS": 0.05,
        "ROT_RATIO": 0.3,
        "K_MAX": 10,
        "sample_interval": 5,
        "sample_time": 40000,
        "sample_block": 4,
        "dz": 0.02
    },
    "Vext_params": {
        "potential_type": "custom",
        "An": [
            -0.8775711613498964,
            1.6620166462280015,
            -1.4606803613811785,
            -2.4145990482631023
        ],
        "phi_n": [
            1.150795600406263,
            5.651334314184586,
            2.754446019814987,
            5.501747418320338
        ],
        "Vlin_par": [
            [
                2.4007975578339384,
                -2.184033438802115,
                0.9583121888884591,
                1.644776269133175
            ],
            [
                0.47810136844424467,
                -1.2443159809801547,
                -0.15523229592749907,
                3.1628148895421444
            ]
        ],
        "x_tar": [
            [
                0.169008353515121,
                5.347997381400567,
                2.223465005340459,
                0.4398370466489676
            ],
            [
                6.684328450019315,
                9.456749788731113,
                9.11559872991778,
                11.14608280946775
            ]
        ],
        "C": 0.2
    },
    "output_params": {
        "output_dir": "output/OUT_config_0573_M8_Trivial_H20.0_mu0.26",
        "output_prefix": "mc_sim_Trivial_H20.0_mub0.26_M8"
    }
}