{
    "input_params": {
        "polymer_type": "Ring",
        "knot_type": "Trivial",
        "configuration": "input/init_config_Z/TrivialN64M8H20.00rho0.10.dat",
        "mu_b": 5.208031815906308,
        "M": 8,
        "init_N": 64,
        "rho_b": 0.1,
        "box_xy": 16.0,
        "H": 20.0,
        "rcut": 1.0,
        "max_N": 640,
        "external_potential": "custom"
    },
    "simulation_params": {
        "EPS_TRANS": 0.05,
        "ROT_RATIO": 0.3,
        "K_MAX": 10,
        "sample_interval": 5,
        "sample_time": 40000,
        "sample_block": 4,
        "dz": 0.02
    },
    "Vext_params": {
        "potential_type": "custom",
        "An": [
            -1.4641051476101106,
            3.1929500936767425,
            -0.10226425024606146,
            -2.30710113080443
        ],
        "phi_n": [
            1.0910498021459665,
            1.8985913041903508,
            5.4013277087262805,
            5.219286818434603
        ],
        "Vlin_par": [
            [
                0.3520454075903828,
                -0.5177872791934001,
                2.339243534882201,
                0.5237525868281486
            ],
            [
                -2.943671828125444,
                1.6581725425920248,
                0.8991618115506408,
                -1.424951668212738
            ]
        ],
        "x_tar": [
            [
                1.4516965840605023,
                15.331359886585235,
                12.005577292421298,
                6.2929310244413035
            ],
            [
                3.2330394261724615,
                19.17506323070333,
                13.139531789698594,
                17.78616596543646
            ]
        ],
        "C": 0.2
    },
    "output_params": {
        "output_dir": "output/OUT_config_0431_M8_Trivial_H20.0_mu5.21",
        "output_prefix": "mc_sim_Trivial_H20.0_mub5.21_M8"
    }
}