{
    "input_params": {
        "polymer_type": "Ring",
        "knot_type": "Trivial",
        "configuration": "input/init_config_Z/TrivialN64M8H20.00rho0.10.dat",
        "mu_b": 2.3551153387742976,
        "M": 8,
        "init_N": 64,
        "rho_b": 0.1,
        "box_xy": 16.0,
        "H": 20.0,
        "rcut": 1.0,
        "max_N": 640,
        "external_potential": "custom"
    },
    "simulation_params": {
        "EPS_TRANS": 0.05,
        "ROT_RATIO": 0.3,
        "K_MAX": 10,
        "sample_interval": 5,
        "sample_time": 40000,
        "sample_block": 4,
        "dz": 0.02
    },
    "Vext_params": {
        "potential_type": "custom",
        "An": [
            0.06107128281281849,
            0.20007028443166835,
            2.292840193908359,
            -0.21416808481947414
        ],
        "phi_n": [
            2.3283701190084014,
            1.7744948934604918,
            3.8408608998232596,
            4.185343518548637
        ],
        "Vlin_par": [
            [
                -2.1251909588575426,
                -1.3598996176573246,
                1.2790025123450282,
                -1.8602810591162124
            ],
            [
                3.0225812909284895,
                1.4394752737899879,
                -1.1359620969260302,
                2.0804578283028987
            ]
        ],
        "x_tar": [
            [
                4.685181958326686,
                1.4819502851914557,
                16.516604889432934,
                4.795374918222082
            ],
            [
                13.133745199758202,
                19.328168324721332,
                17.291665143042096,
                14.933976421777222
            ]
        ],
        "C": 0.2
    },
    "output_params": {
        "output_dir": "output/OUT_config_0580_M8_Trivial_H20.0_mu2.36",
        "output_prefix": "mc_sim_Trivial_H20.0_mub2.36_M8"
    }
}