{
    "input_params": {
        "polymer_type": "Ring",
        "knot_type": "Trivial",
        "configuration": "input/init_config_Z/TrivialN64M8H20.00rho0.10.dat",
        "mu_b": 3.5450152496026224,
        "M": 8,
        "init_N": 64,
        "rho_b": 0.1,
        "box_xy": 16.0,
        "H": 20.0,
        "rcut": 1.0,
        "max_N": 640,
        "external_potential": "custom"
    },
    "simulation_params": {
        "EPS_TRANS": 0.05,
        "ROT_RATIO": 0.3,
        "K_MAX": 10,
        "sample_interval": 5,
        "sample_time": 40000,
        "sample_block": 4,
        "dz": 0.02
    },
    "Vext_params": {
        "potential_type": "custom",
        "An": [
            -0.6644528893771742,
            0.04112222088421592,
            0.1267569988311056,
            2.543323991126358
        ],
        "phi_n": [
            3.4013447593907453,
            3.019053300237608,
            3.514526487600758,
            4.753929559976644
        ],
        "Vlin_par": [
            [
                1.0734850931445086,
                0.8463006344408663,
                0.9629053720473206,
                -0.5445548169285275
            ],
            [
                -0.20182265438532798,
                -2.4832079258709148,
                -3.3117478044533715,
                -0.6353617448301331
            ]
        ],
        "x_tar": [
            [
                6.087815819966076,
                2.9427703809302663,
                8.0994548662105,
                1.6020965667405473
            ],
            [
                13.249211024744765,
                4.501393840917906,
                12.024499593844615,
                14.00390394296636
            ]
        ],
        "C": 0.2
    },
    "output_params": {
        "output_dir": "output/OUT_config_0298_M8_Trivial_H20.0_mu3.55",
        "output_prefix": "mc_sim_Trivial_H20.0_mub3.55_M8"
    }
}