{
    "input_params": {
        "polymer_type": "Ring",
        "knot_type": "Trivial",
        "configuration": "input/init_config_Z/TrivialN64M8H20.00rho0.10.dat",
        "mu_b": 4.963402118530382,
        "M": 8,
        "init_N": 64,
        "rho_b": 0.1,
        "box_xy": 16.0,
        "H": 20.0,
        "rcut": 1.0,
        "max_N": 640,
        "external_potential": "custom"
    },
    "simulation_params": {
        "EPS_TRANS": 0.05,
        "ROT_RATIO": 0.3,
        "K_MAX": 10,
        "sample_interval": 5,
        "sample_time": 40000,
        "sample_block": 4,
        "dz": 0.02
    },
    "Vext_params": {
        "potential_type": "custom",
        "An": [
            -5.078342106354893,
            -0.040348171980910355,
            -1.1945427749738333,
            2.8069534750684255
        ],
        "phi_n": [
            1.0061060011924219,
            3.6765121966758647,
            5.506582985329747,
            4.197900616123088
        ],
        "Vlin_par": [
            [
                -1.4013129377719642,
                -2.3218234768855552,
                -1.1186185573467717,
                1.4683330623380182
            ],
            [
                -0.23505151300253266,
                -1.823871968143895,
                -6.3507215755022415,
                1.2289434677084958
            ]
        ],
        "x_tar": [
            [
                0.6066424620694644,
                19.066976773409102,
                16.074866859417433,
                7.0038807319416225
            ],
            [
                6.972059039660447,
                19.964072733539172,
                18.730224819348255,
                8.46256191202353
            ]
        ],
        "C": 0.2
    },
    "output_params": {
        "output_dir": "output/OUT_config_0515_M8_Trivial_H20.0_mu4.96",
        "output_prefix": "mc_sim_Trivial_H20.0_mub4.96_M8"
    }
}