{
    "input_params": {
        "polymer_type": "Ring",
        "knot_type": "Trivial",
        "configuration": "input/init_config_Z/TrivialN64M8H20.00rho0.10.dat",
        "mu_b": -0.29788219012896755,
        "M": 8,
        "init_N": 64,
        "rho_b": 0.1,
        "box_xy": 16.0,
        "H": 20.0,
        "rcut": 1.0,
        "max_N": 640,
        "external_potential": "custom"
    },
    "simulation_params": {
        "EPS_TRANS": 0.05,
        "ROT_RATIO": 0.3,
        "K_MAX": 10,
        "sample_interval": 5,
        "sample_time": 40000,
        "sample_block": 4,
        "dz": 0.02
    },
    "Vext_params": {
        "potential_type": "custom",
        "An": [
            -0.7234768922052436,
            -0.7925043129778719,
            0.6599014443872844,
            -1.260475393883383
        ],
        "phi_n": [
            1.9856125736044046,
            3.7256577588837496,
            0.8855034430049649,
            2.016243005016569
        ],
        "Vlin_par": [
            [
                0.8713797873249958,
                1.0019599003428286,
                -2.6655607729952355,
                -0.5978615476541307
            ],
            [
                1.1173367684771878,
                -0.38925963226166227,
                -0.47514305809569984,
                1.3053379107072998
            ]
        ],
        "x_tar": [
            [
                3.6893023704399086,
                0.19981621492278778,
                1.1644593184973084,
                7.698945741474237
            ],
            [
                11.426108589957636,
                13.79559875329629,
                19.424705978512222,
                11.09656682736058
            ]
        ],
        "C": 0.2
    },
    "output_params": {
        "output_dir": "output/OUT_config_0467_M8_Trivial_H20.0_mu-0.30",
        "output_prefix": "mc_sim_Trivial_H20.0_mub-0.30_M8"
    }
}