{
    "input_params": {
        "polymer_type": "Ring",
        "knot_type": "Trivial",
        "configuration": "input/init_config_Z/TrivialN64M8H20.00rho0.10.dat",
        "mu_b": 4.699433521162067,
        "M": 8,
        "init_N": 64,
        "rho_b": 0.1,
        "box_xy": 16.0,
        "H": 20.0,
        "rcut": 1.0,
        "max_N": 640,
        "external_potential": "custom"
    },
    "simulation_params": {
        "EPS_TRANS": 0.05,
        "ROT_RATIO": 0.3,
        "K_MAX": 10,
        "sample_interval": 5,
        "sample_time": 40000,
        "sample_block": 4,
        "dz": 0.02
    },
    "Vext_params": {
        "potential_type": "custom",
        "An": [
            2.3121419018795257,
            1.2699127179140326,
            -2.90394148613145,
            -0.16754555512703
        ],
        "phi_n": [
            2.194040289732075,
            2.9173335002775245,
            4.50369885140291,
            5.73983823844705
        ],
        "Vlin_par": [
            [
                1.1418671475527835,
                0.5599702713804299,
                3.8180267902682,
                -0.667089597900839
            ],
            [
                -1.7929804890997383,
                4.340878567675588,
                -2.171649894861952,
                -1.1759062324639455
            ]
        ],
        "x_tar": [
            [
                9.036468992476088,
                0.39809934665825164,
                7.864752570691522,
                5.857423401952751
            ],
            [
                17.421364529859854,
                13.579269559379913,
                10.582522121081276,
                11.915192852930367
            ]
        ],
        "C": 0.2
    },
    "output_params": {
        "output_dir": "output/OUT_config_0100_M8_Trivial_H20.0_mu4.70",
        "output_prefix": "mc_sim_Trivial_H20.0_mub4.70_M8"
    }
}