{
    "input_params": {
        "polymer_type": "Ring",
        "knot_type": "Trivial",
        "configuration": "input/init_config_Z/TrivialN64M8H20.00rho0.10.dat",
        "mu_b": 2.052674644755437,
        "M": 8,
        "init_N": 64,
        "rho_b": 0.1,
        "box_xy": 16.0,
        "H": 20.0,
        "rcut": 1.0,
        "max_N": 640,
        "external_potential": "custom"
    },
    "simulation_params": {
        "EPS_TRANS": 0.05,
        "ROT_RATIO": 0.3,
        "K_MAX": 10,
        "sample_interval": 5,
        "sample_time": 40000,
        "sample_block": 4,
        "dz": 0.02
    },
    "Vext_params": {
        "potential_type": "custom",
        "An": [
            -0.3887619221897061,
            1.5888189619283704,
            -0.2960016481580948,
            -0.3324385346676994
        ],
        "phi_n": [
            2.3681224780470065,
            3.52401506836527,
            1.7990037246735162,
            5.809937805602219
        ],
        "Vlin_par": [
            [
                -2.457161576569693,
                -1.0943785097294583,
                0.5599974512682506,
                0.6802114846495431
            ],
            [
                1.866163192565424,
                0.7248922750559124,
                2.512726853018246,
                -1.0398178595767942
            ]
        ],
        "x_tar": [
            [
                1.7975673946825843,
                3.507965899903289,
                4.772763839832869,
                11.357483888567693
            ],
            [
                9.113795413772687,
                19.090460820076483,
                19.63731495926249,
                16.490883401538245
            ]
        ],
        "C": 0.2
    },
    "output_params": {
        "output_dir": "output/OUT_config_0347_M8_Trivial_H20.0_mu2.05",
        "output_prefix": "mc_sim_Trivial_H20.0_mub2.05_M8"
    }
}