{
    "input_params": {
        "polymer_type": "Ring",
        "knot_type": "Trivial",
        "configuration": "input/init_config_Z/TrivialN64M8H20.00rho0.10.dat",
        "mu_b": 0.6186438965998646,
        "M": 8,
        "init_N": 64,
        "rho_b": 0.1,
        "box_xy": 16.0,
        "H": 20.0,
        "rcut": 1.0,
        "max_N": 640,
        "external_potential": "custom"
    },
    "simulation_params": {
        "EPS_TRANS": 0.05,
        "ROT_RATIO": 0.3,
        "K_MAX": 10,
        "sample_interval": 5,
        "sample_time": 40000,
        "sample_block": 4,
        "dz": 0.02
    },
    "Vext_params": {
        "potential_type": "custom",
        "An": [
            0.5669963992694339,
            1.2633919681786305,
            -1.6686105959845612,
            -0.36061716252779785
        ],
        "phi_n": [
            2.8208448064125173,
            5.1058079543718335,
            4.768082132030551,
            5.701203549735113
        ],
        "Vlin_par": [
            [
                -0.8119449425353203,
                -4.372657789565823,
                -2.3499915703028234,
                -0.3943153270816457
            ],
            [
                3.9456392680520587,
                -3.8904028395500285,
                -3.6323671097550143,
                2.7705122340924295
            ]
        ],
        "x_tar": [
            [
                3.9622919442435056,
                1.64137167932225,
                8.959156845256103,
                6.859315590668958
            ],
            [
                11.95452589947784,
                19.42316931368896,
                19.738048365570716,
                16.658645970780558
            ]
        ],
        "C": 0.2
    },
    "output_params": {
        "output_dir": "output/OUT_config_0310_M8_Trivial_H20.0_mu0.62",
        "output_prefix": "mc_sim_Trivial_H20.0_mub0.62_M8"
    }
}