{
    "input_params": {
        "polymer_type": "Ring",
        "knot_type": "Trivial",
        "configuration": "input/init_config_Z/TrivialN64M8H20.00rho0.10.dat",
        "mu_b": 1.3970371880678725,
        "M": 8,
        "init_N": 64,
        "rho_b": 0.1,
        "box_xy": 16.0,
        "H": 20.0,
        "rcut": 1.0,
        "max_N": 640,
        "external_potential": "custom"
    },
    "simulation_params": {
        "EPS_TRANS": 0.05,
        "ROT_RATIO": 0.3,
        "K_MAX": 10,
        "sample_interval": 5,
        "sample_time": 40000,
        "sample_block": 4,
        "dz": 0.02
    },
    "Vext_params": {
        "potential_type": "custom",
        "An": [
            1.0444313502818379,
            -1.8404342676642527,
            0.03049599299797087,
            1.3374512627133845
        ],
        "phi_n": [
            3.3017408218648243,
            0.8455269261887005,
            4.779602888906961,
            3.2996600787132078
        ],
        "Vlin_par": [
            [
                1.7310698727006522,
                -1.3250449859739366,
                -1.0948020299994135,
                -2.2105862192429107
            ],
            [
                -0.05813546239420449,
                -0.3000584058561088,
                1.667401534591739,
                -1.3209409817075894
            ]
        ],
        "x_tar": [
            [
                0.455725125507942,
                0.3247681349784659,
                3.7397471707030405,
                0.508467566695403
            ],
            [
                9.383564507105817,
                6.311571398407985,
                9.857002049383862,
                13.127940459474472
            ]
        ],
        "C": 0.2
    },
    "output_params": {
        "output_dir": "output/OUT_config_0450_M8_Trivial_H20.0_mu1.40",
        "output_prefix": "mc_sim_Trivial_H20.0_mub1.40_M8"
    }
}