{
    "input_params": {
        "polymer_type": "Ring",
        "knot_type": "Trivial",
        "configuration": "input/init_config_Z/TrivialN64M8H20.00rho0.10.dat",
        "mu_b": -0.8051753966411971,
        "M": 8,
        "init_N": 64,
        "rho_b": 0.1,
        "box_xy": 16.0,
        "H": 20.0,
        "rcut": 1.0,
        "max_N": 640,
        "external_potential": "custom"
    },
    "simulation_params": {
        "EPS_TRANS": 0.05,
        "ROT_RATIO": 0.3,
        "K_MAX": 10,
        "sample_interval": 5,
        "sample_time": 40000,
        "sample_block": 4,
        "dz": 0.02
    },
    "Vext_params": {
        "potential_type": "custom",
        "An": [
            1.059372902246599,
            1.9714473280023082,
            1.0601931310346426,
            0.3937810214321652
        ],
        "phi_n": [
            0.9155845172648492,
            3.1130455185790327,
            5.524107640204475,
            5.883000927722953
        ],
        "Vlin_par": [
            [
                -0.614243833873057,
                0.2107954303091332,
                -2.930289256195818,
                1.0318259944714112
            ],
            [
                3.5015680788640804,
                -1.2173210108738282,
                -1.521985597140914,
                -0.09510989269739963
            ]
        ],
        "x_tar": [
            [
                12.554522743779696,
                0.2138553988546632,
                0.35226748192191737,
                6.685041729244318
            ],
            [
                15.506875595624102,
                10.265868830299144,
                16.662223127865335,
                17.018769331321998
            ]
        ],
        "C": 0.2
    },
    "output_params": {
        "output_dir": "output/OUT_config_0268_M8_Trivial_H20.0_mu-0.81",
        "output_prefix": "mc_sim_Trivial_H20.0_mub-0.81_M8"
    }
}