{
    "input_params": {
        "polymer_type": "Ring",
        "knot_type": "Trivial",
        "configuration": "input/init_config_Z/TrivialN64M8H20.00rho0.10.dat",
        "mu_b": 0.992967637269893,
        "M": 8,
        "init_N": 64,
        "rho_b": 0.1,
        "box_xy": 16.0,
        "H": 20.0,
        "rcut": 1.0,
        "max_N": 640,
        "external_potential": "custom"
    },
    "simulation_params": {
        "EPS_TRANS": 0.05,
        "ROT_RATIO": 0.3,
        "K_MAX": 10,
        "sample_interval": 5,
        "sample_time": 40000,
        "sample_block": 4,
        "dz": 0.02
    },
    "Vext_params": {
        "potential_type": "custom",
        "An": [
            1.8942346919373094,
            -0.18581568209532995,
            -0.6788975710569778,
            2.7208652342118596
        ],
        "phi_n": [
            5.263433886979751,
            1.5923374679373852,
            1.4020137652316298,
            4.654979925586154
        ],
        "Vlin_par": [
            [
                0.41199688072929547,
                5.9538801041291105,
                -1.5082883943507124,
                -3.5555097206782933
            ],
            [
                1.0160066217943398,
                0.13444649724124758,
                -4.226533927031538,
                -2.695672719480776
            ]
        ],
        "x_tar": [
            [
                0.0016485068451754792,
                2.23665263257695,
                4.033795910938338,
                7.952677746890209
            ],
            [
                6.372785452107312,
                16.454479983818587,
                12.281575906021981,
                18.78533256001025
            ]
        ],
        "C": 0.2
    },
    "output_params": {
        "output_dir": "output/OUT_config_0248_M8_Trivial_H20.0_mu0.99",
        "output_prefix": "mc_sim_Trivial_H20.0_mub0.99_M8"
    }
}