{
    "input_params": {
        "polymer_type": "Ring",
        "knot_type": "Trivial",
        "configuration": "input/init_config_Z/TrivialN64M8H20.00rho0.10.dat",
        "mu_b": 4.847209802204219,
        "M": 8,
        "init_N": 64,
        "rho_b": 0.1,
        "box_xy": 16.0,
        "H": 20.0,
        "rcut": 1.0,
        "max_N": 640,
        "external_potential": "custom"
    },
    "simulation_params": {
        "EPS_TRANS": 0.05,
        "ROT_RATIO": 0.3,
        "K_MAX": 10,
        "sample_interval": 5,
        "sample_time": 40000,
        "sample_block": 4,
        "dz": 0.02
    },
    "Vext_params": {
        "potential_type": "custom",
        "An": [
            2.071158617194224,
            1.8673021486791372,
            1.7179973012473113,
            -1.3467111983466915
        ],
        "phi_n": [
            1.3352346711380332,
            0.9960561149969224,
            0.15618818568896087,
            0.9039121829065941
        ],
        "Vlin_par": [
            [
                -3.4567085162607336,
                -2.506588699093859,
                0.1909805059287615,
                -1.8892275794599573
            ],
            [
                0.2742246364799281,
                3.100201262604902,
                1.978827879785766,
                -1.3233787176738585
            ]
        ],
        "x_tar": [
            [
                8.464192864252102,
                1.9426247082845882,
                2.327066144045813,
                3.7300916203369794
            ],
            [
                19.346515810274507,
                16.338704225913734,
                9.69707973270535,
                11.99203391548924
            ]
        ],
        "C": 0.2
    },
    "output_params": {
        "output_dir": "output/OUT_config_0291_M8_Trivial_H20.0_mu4.85",
        "output_prefix": "mc_sim_Trivial_H20.0_mub4.85_M8"
    }
}