{
    "input_params": {
        "polymer_type": "Ring",
        "knot_type": "Trivial",
        "configuration": "input/init_config_Z/TrivialN64M8H20.00rho0.10.dat",
        "mu_b": 3.5655903125020405,
        "M": 8,
        "init_N": 64,
        "rho_b": 0.1,
        "box_xy": 16.0,
        "H": 20.0,
        "rcut": 1.0,
        "max_N": 640,
        "external_potential": "custom"
    },
    "simulation_params": {
        "EPS_TRANS": 0.05,
        "ROT_RATIO": 0.3,
        "K_MAX": 10,
        "sample_interval": 5,
        "sample_time": 40000,
        "sample_block": 4,
        "dz": 0.02
    },
    "Vext_params": {
        "potential_type": "custom",
        "An": [
            -0.8038094578638371,
            -0.8663592430211665,
            -0.05968220907005368,
            0.5087739048875672
        ],
        "phi_n": [
            1.2599945791591405,
            1.4897305252758406,
            0.2941019242117771,
            4.168603474227756
        ],
        "Vlin_par": [
            [
                0.8899800494522894,
                0.2721100127133927,
                -0.010674223550634132,
                0.22304699492684724
            ],
            [
                1.6130066096621882,
                2.629408524154666,
                -1.2995991458539378,
                1.60069029760663
            ]
        ],
        "x_tar": [
            [
                7.64927059983412,
                2.8785942943024767,
                1.0755975447377097,
                11.32401352379911
            ],
            [
                17.784007432850654,
                16.62839394851829,
                6.804758396230158,
                12.138569660656302
            ]
        ],
        "C": 0.2
    },
    "output_params": {
        "output_dir": "output/OUT_config_0532_M8_Trivial_H20.0_mu3.57",
        "output_prefix": "mc_sim_Trivial_H20.0_mub3.57_M8"
    }
}