{
    "input_params": {
        "polymer_type": "Ring",
        "knot_type": "Trivial",
        "configuration": "input/init_config_Z/TrivialN64M8H20.00rho0.10.dat",
        "mu_b": -0.5610880168379129,
        "M": 8,
        "init_N": 64,
        "rho_b": 0.1,
        "box_xy": 16.0,
        "H": 20.0,
        "rcut": 1.0,
        "max_N": 640,
        "external_potential": "custom"
    },
    "simulation_params": {
        "EPS_TRANS": 0.05,
        "ROT_RATIO": 0.3,
        "K_MAX": 10,
        "sample_interval": 5,
        "sample_time": 40000,
        "sample_block": 4,
        "dz": 0.02
    },
    "Vext_params": {
        "potential_type": "custom",
        "An": [
            -0.006993496617000957,
            2.367393457574641,
            -3.4799513453327924,
            2.4627452014465288
        ],
        "phi_n": [
            1.3485707916148117,
            1.6283265925358208,
            5.943503026472422,
            6.096563433585388
        ],
        "Vlin_par": [
            [
                -1.7600643155034508,
                -3.8825361234820956,
                -4.694583203577131,
                0.7790984161203494
            ],
            [
                -3.004351632360003,
                -1.5473838482521671,
                -0.2531552068054752,
                -0.3544380485539864
            ]
        ],
        "x_tar": [
            [
                8.76653483237912,
                2.5689123034841543,
                9.426308347858383,
                2.00552572936628
            ],
            [
                11.465062040971759,
                16.75364299648859,
                17.47812797765116,
                18.618374236022774
            ]
        ],
        "C": 0.2
    },
    "output_params": {
        "output_dir": "output/OUT_config_0502_M8_Trivial_H20.0_mu-0.56",
        "output_prefix": "mc_sim_Trivial_H20.0_mub-0.56_M8"
    }
}