{
    "input_params": {
        "polymer_type": "Ring",
        "knot_type": "Trivial",
        "configuration": "input/init_config_Z/TrivialN64M8H20.00rho0.10.dat",
        "mu_b": 5.866936766081865,
        "M": 8,
        "init_N": 64,
        "rho_b": 0.1,
        "box_xy": 16.0,
        "H": 20.0,
        "rcut": 1.0,
        "max_N": 640,
        "external_potential": "custom"
    },
    "simulation_params": {
        "EPS_TRANS": 0.05,
        "ROT_RATIO": 0.3,
        "K_MAX": 10,
        "sample_interval": 5,
        "sample_time": 40000,
        "sample_block": 4,
        "dz": 0.02
    },
    "Vext_params": {
        "potential_type": "custom",
        "An": [
            -0.5121628266705142,
            -2.111513649981099,
            0.11517614584243227,
            -2.49246581627241
        ],
        "phi_n": [
            2.2033604042625226,
            2.315865656850247,
            3.905081725127041,
            1.2415077838554016
        ],
        "Vlin_par": [
            [
                0.2213223472612257,
                -3.4157301633781487,
                -1.3602343992142387,
                -1.5692548316842332
            ],
            [
                -2.1345488390889122,
                -1.2008458393419235,
                0.1919000673005625,
                0.4625238097253707
            ]
        ],
        "x_tar": [
            [
                16.300484388648847,
                9.22184594640096,
                3.235899401790703,
                11.115757306092277
            ],
            [
                19.610922909979383,
                12.080473616457182,
                18.996057524695516,
                14.917840093508461
            ]
        ],
        "C": 0.2
    },
    "output_params": {
        "output_dir": "output/OUT_config_0402_M8_Trivial_H20.0_mu5.87",
        "output_prefix": "mc_sim_Trivial_H20.0_mub5.87_M8"
    }
}