{
    "input_params": {
        "polymer_type": "Ring",
        "knot_type": "Trivial",
        "configuration": "input/init_config_Z/TrivialN64M8H20.00rho0.10.dat",
        "mu_b": 0.1336036239995746,
        "M": 8,
        "init_N": 64,
        "rho_b": 0.1,
        "box_xy": 16.0,
        "H": 20.0,
        "rcut": 1.0,
        "max_N": 640,
        "external_potential": "custom"
    },
    "simulation_params": {
        "EPS_TRANS": 0.05,
        "ROT_RATIO": 0.3,
        "K_MAX": 10,
        "sample_interval": 5,
        "sample_time": 40000,
        "sample_block": 4,
        "dz": 0.02
    },
    "Vext_params": {
        "potential_type": "custom",
        "An": [
            1.0119507155424048,
            -1.6445104111299973,
            -1.4982364156014127,
            -1.6444518804543824
        ],
        "phi_n": [
            2.0851632977074472,
            4.053054320205382,
            5.5653250948275295,
            0.2070930889743733
        ],
        "Vlin_par": [
            [
                -3.609920964594857,
                -0.6749356367275215,
                -1.3380491680256383,
                1.0258258878914197
            ],
            [
                0.383016877436628,
                -2.381460355503772,
                0.7711694103573636,
                -1.8979252188841431
            ]
        ],
        "x_tar": [
            [
                19.476084201410565,
                10.684316747351847,
                2.055848747124447,
                16.054898555634715
            ],
            [
                19.53397392367119,
                15.815090535984805,
                11.56256830428314,
                19.794242464011827
            ]
        ],
        "C": 0.2
    },
    "output_params": {
        "output_dir": "output/OUT_config_0206_M8_Trivial_H20.0_mu0.13",
        "output_prefix": "mc_sim_Trivial_H20.0_mub0.13_M8"
    }
}