{
    "input_params": {
        "polymer_type": "Ring",
        "knot_type": "Trivial",
        "configuration": "input/init_config_Z/TrivialN64M8H20.00rho0.10.dat",
        "mu_b": 3.135629993905223,
        "M": 8,
        "init_N": 64,
        "rho_b": 0.1,
        "box_xy": 16.0,
        "H": 20.0,
        "rcut": 1.0,
        "max_N": 640,
        "external_potential": "custom"
    },
    "simulation_params": {
        "EPS_TRANS": 0.05,
        "ROT_RATIO": 0.3,
        "K_MAX": 10,
        "sample_interval": 5,
        "sample_time": 40000,
        "sample_block": 4,
        "dz": 0.02
    },
    "Vext_params": {
        "potential_type": "custom",
        "An": [
            0.7797159720408843,
            0.37700876153400614,
            0.7447085167036832,
            -2.2425481085526355
        ],
        "phi_n": [
            0.019463876980462057,
            0.6455006448253211,
            5.14877350887904,
            0.2694612725856308
        ],
        "Vlin_par": [
            [
                0.9193818826487867,
                0.08001484117035765,
                -1.1518128029410624,
                -0.8114778974446443
            ],
            [
                -1.366017663574758,
                0.47440652039085757,
                -6.018907504910506,
                -2.9942374992205183
            ]
        ],
        "x_tar": [
            [
                2.3318139979574215,
                9.216322150434396,
                4.103249210087279,
                0.25559643749634153
            ],
            [
                12.558157629995153,
                15.022483375465782,
                5.085430840525749,
                12.1615133479411
            ]
        ],
        "C": 0.2
    },
    "output_params": {
        "output_dir": "output/OUT_config_0278_M8_Trivial_H20.0_mu3.14",
        "output_prefix": "mc_sim_Trivial_H20.0_mub3.14_M8"
    }
}