{
    "input_params": {
        "polymer_type": "Ring",
        "knot_type": "Trivial",
        "configuration": "input/init_config_Z/TrivialN64M8H20.00rho0.10.dat",
        "mu_b": 2.0650720267440006,
        "M": 8,
        "init_N": 64,
        "rho_b": 0.1,
        "box_xy": 16.0,
        "H": 20.0,
        "rcut": 1.0,
        "max_N": 640,
        "external_potential": "custom"
    },
    "simulation_params": {
        "EPS_TRANS": 0.05,
        "ROT_RATIO": 0.3,
        "K_MAX": 10,
        "sample_interval": 5,
        "sample_time": 40000,
        "sample_block": 4,
        "dz": 0.02
    },
    "Vext_params": {
        "potential_type": "custom",
        "An": [
            -0.22993454961666807,
            0.07027859998205992,
            -0.5958239502840804,
            0.9568760866557926
        ],
        "phi_n": [
            0.43518614767719765,
            4.758615945438427,
            3.557186882136149,
            3.4703470282884528
        ],
        "Vlin_par": [
            [
                -1.8646252216527948,
                -0.9733698688192934,
                2.7930345748967347,
                -3.506979543621827
            ],
            [
                0.5210769204828665,
                1.8403068858502136,
                -0.0331993896822681,
                0.7521957321094894
            ]
        ],
        "x_tar": [
            [
                7.569279911819777,
                1.1712502232185584,
                5.64826991646078,
                3.7104010761063755
            ],
            [
                17.538019624755453,
                19.273121391754042,
                14.240149616851099,
                9.869136836185088
            ]
        ],
        "C": 0.2
    },
    "output_params": {
        "output_dir": "output/OUT_config_0221_M8_Trivial_H20.0_mu2.07",
        "output_prefix": "mc_sim_Trivial_H20.0_mub2.07_M8"
    }
}