{
    "input_params": {
        "polymer_type": "Ring",
        "knot_type": "Trivial",
        "configuration": "input/init_config_Z/TrivialN64M8H20.00rho0.10.dat",
        "mu_b": -0.7028427639068408,
        "M": 8,
        "init_N": 64,
        "rho_b": 0.1,
        "box_xy": 16.0,
        "H": 20.0,
        "rcut": 1.0,
        "max_N": 640,
        "external_potential": "custom"
    },
    "simulation_params": {
        "EPS_TRANS": 0.05,
        "ROT_RATIO": 0.3,
        "K_MAX": 10,
        "sample_interval": 5,
        "sample_time": 40000,
        "sample_block": 4,
        "dz": 0.02
    },
    "Vext_params": {
        "potential_type": "custom",
        "An": [
            0.9691302764539275,
            -1.5746449894715426,
            -1.68342118203224,
            0.1734937330766658
        ],
        "phi_n": [
            3.762973177902528,
            1.3521505922879598,
            5.794983945128574,
            2.905996842062383
        ],
        "Vlin_par": [
            [
                -1.3341238642169326,
                2.1153142143234716,
                -1.1862562533974539,
                -5.656735309913631
            ],
            [
                -2.3567769064008752,
                -3.057022602861537,
                -0.9864835490999467,
                -2.7651853519173177
            ]
        ],
        "x_tar": [
            [
                8.504858660753001,
                1.8049168422609063,
                1.9312539904466952,
                4.144405609602
            ],
            [
                15.62507526457646,
                16.643247366731707,
                4.1087651128116365,
                9.297465400511689
            ]
        ],
        "C": 0.2
    },
    "output_params": {
        "output_dir": "output/OUT_config_0207_M8_Trivial_H20.0_mu-0.70",
        "output_prefix": "mc_sim_Trivial_H20.0_mub-0.70_M8"
    }
}