{
    "input_params": {
        "polymer_type": "Ring",
        "knot_type": "Trivial",
        "configuration": "input/init_config_Z/TrivialN64M8H20.00rho0.10.dat",
        "mu_b": -0.2854852588721668,
        "M": 8,
        "init_N": 64,
        "rho_b": 0.1,
        "box_xy": 16.0,
        "H": 20.0,
        "rcut": 1.0,
        "max_N": 640,
        "external_potential": "custom"
    },
    "simulation_params": {
        "EPS_TRANS": 0.05,
        "ROT_RATIO": 0.3,
        "K_MAX": 10,
        "sample_interval": 5,
        "sample_time": 40000,
        "sample_block": 4,
        "dz": 0.02
    },
    "Vext_params": {
        "potential_type": "custom",
        "An": [
            2.40489193970282,
            -0.562771163690333,
            0.526525953331463,
            -2.6706491971030015
        ],
        "phi_n": [
            2.74703498460648,
            2.623791165255126,
            5.8541655766431955,
            1.6090589161038618
        ],
        "Vlin_par": [
            [
                0.5650781766417478,
                0.5998060547185005,
                0.7136524414394055,
                -1.0779980951041983
            ],
            [
                0.6492870071973873,
                -2.349633566975254,
                0.5685474532857034,
                2.248121969908769
            ]
        ],
        "x_tar": [
            [
                12.437686655954789,
                10.039068061002812,
                0.6601894163882749,
                6.506005222295288
            ],
            [
                16.72169278370305,
                12.743254855941732,
                5.02784586093277,
                19.96191532236069
            ]
        ],
        "C": 0.2
    },
    "output_params": {
        "output_dir": "output/OUT_config_0077_M8_Trivial_H20.0_mu-0.29",
        "output_prefix": "mc_sim_Trivial_H20.0_mub-0.29_M8"
    }
}