{
    "input_params": {
        "polymer_type": "Ring",
        "knot_type": "Trivial",
        "configuration": "input/init_config_Z/TrivialN64M8H20.00rho0.10.dat",
        "mu_b": 2.7767340805392013,
        "M": 8,
        "init_N": 64,
        "rho_b": 0.1,
        "box_xy": 16.0,
        "H": 20.0,
        "rcut": 1.0,
        "max_N": 640,
        "external_potential": "custom"
    },
    "simulation_params": {
        "EPS_TRANS": 0.05,
        "ROT_RATIO": 0.3,
        "K_MAX": 10,
        "sample_interval": 5,
        "sample_time": 40000,
        "sample_block": 4,
        "dz": 0.02
    },
    "Vext_params": {
        "potential_type": "custom",
        "An": [
            1.3640955111455981,
            1.5317239985752065,
            0.2690666348901103,
            2.0793658798575816
        ],
        "phi_n": [
            5.0992614379189884,
            5.2359565103388945,
            0.3633667422464127,
            3.245507125799951
        ],
        "Vlin_par": [
            [
                0.6055300670317854,
                -0.602770941251817,
                -2.7216376081253206,
                1.3268005837300527
            ],
            [
                2.2943599296208257,
                -1.5063929112227017,
                -0.7286555977947928,
                -1.4272289249687027
            ]
        ],
        "x_tar": [
            [
                2.2415789887236537,
                5.081975397695659,
                0.43627191424731704,
                9.393614683864763
            ],
            [
                15.653867309245653,
                18.143403638995295,
                19.124815133687715,
                10.229585794583603
            ]
        ],
        "C": 0.2
    },
    "output_params": {
        "output_dir": "output/OUT_config_0057_M8_Trivial_H20.0_mu2.78",
        "output_prefix": "mc_sim_Trivial_H20.0_mub2.78_M8"
    }
}