{
    "input_params": {
        "polymer_type": "Ring",
        "knot_type": "Trivial",
        "configuration": "input/init_config_Z/TrivialN64M8H20.00rho0.10.dat",
        "mu_b": 0.42289507550804073,
        "M": 8,
        "init_N": 64,
        "rho_b": 0.1,
        "box_xy": 16.0,
        "H": 20.0,
        "rcut": 1.0,
        "max_N": 640,
        "external_potential": "custom"
    },
    "simulation_params": {
        "EPS_TRANS": 0.05,
        "ROT_RATIO": 0.3,
        "K_MAX": 10,
        "sample_interval": 5,
        "sample_time": 40000,
        "sample_block": 4,
        "dz": 0.02
    },
    "Vext_params": {
        "potential_type": "custom",
        "An": [
            0.178519584224958,
            0.4808201303062399,
            0.205555266010739,
            1.4490981809766208
        ],
        "phi_n": [
            2.3977132955462164,
            5.294929051236371,
            2.079438354769452,
            3.78803193905282
        ],
        "Vlin_par": [
            [
                3.477502096333054,
                2.793885956148693,
                -1.4445959150997665,
                -0.4263047834455634
            ],
            [
                0.6495426701013136,
                0.5153050482060376,
                -1.0251953405739072,
                0.3790250289048986
            ]
        ],
        "x_tar": [
            [
                11.450121314456636,
                5.418193991147417,
                3.6746295562379205,
                2.250727471616134
            ],
            [
                17.29715687680454,
                6.513580824885583,
                10.300991252449812,
                15.736935125938238
            ]
        ],
        "C": 0.2
    },
    "output_params": {
        "output_dir": "output/OUT_config_0299_M8_Trivial_H20.0_mu0.42",
        "output_prefix": "mc_sim_Trivial_H20.0_mub0.42_M8"
    }
}