{
    "input_params": {
        "polymer_type": "Ring",
        "knot_type": "Trivial",
        "configuration": "input/init_config_Z/TrivialN64M8H20.00rho0.10.dat",
        "mu_b": 3.2416432100849537,
        "M": 8,
        "init_N": 64,
        "rho_b": 0.1,
        "box_xy": 16.0,
        "H": 20.0,
        "rcut": 1.0,
        "max_N": 640,
        "external_potential": "custom"
    },
    "simulation_params": {
        "EPS_TRANS": 0.05,
        "ROT_RATIO": 0.3,
        "K_MAX": 10,
        "sample_interval": 5,
        "sample_time": 40000,
        "sample_block": 4,
        "dz": 0.02
    },
    "Vext_params": {
        "potential_type": "custom",
        "An": [
            -0.19135314763439176,
            0.11874857431687945,
            0.0359386489080464,
            0.5986715482239218
        ],
        "phi_n": [
            4.88289525383646,
            4.757600683446005,
            2.2423114101180404,
            4.037224963385858
        ],
        "Vlin_par": [
            [
                0.35388414559694553,
                1.858220626645012,
                0.7059756929019478,
                -2.182085147216521
            ],
            [
                -2.099435870421533,
                0.2763874664043114,
                -1.3410131396358578,
                -0.03980154328911713
            ]
        ],
        "x_tar": [
            [
                2.50554602133789,
                8.06177697021746,
                13.040354176732794,
                18.221023041205573
            ],
            [
                18.961256801898962,
                10.352060536173402,
                18.56680791645673,
                19.351394648409936
            ]
        ],
        "C": 0.2
    },
    "output_params": {
        "output_dir": "output/OUT_config_0269_M8_Trivial_H20.0_mu3.24",
        "output_prefix": "mc_sim_Trivial_H20.0_mub3.24_M8"
    }
}