{
    "input_params": {
        "polymer_type": "Ring",
        "knot_type": "Trivial",
        "configuration": "input/init_config_Z/TrivialN64M8H20.00rho0.10.dat",
        "mu_b": 4.9827038908861265,
        "M": 8,
        "init_N": 64,
        "rho_b": 0.1,
        "box_xy": 16.0,
        "H": 20.0,
        "rcut": 1.0,
        "max_N": 640,
        "external_potential": "custom"
    },
    "simulation_params": {
        "EPS_TRANS": 0.05,
        "ROT_RATIO": 0.3,
        "K_MAX": 10,
        "sample_interval": 5,
        "sample_time": 40000,
        "sample_block": 4,
        "dz": 0.02
    },
    "Vext_params": {
        "potential_type": "custom",
        "An": [
            -2.2928856988156703,
            0.7425627977714226,
            0.20424714211814943,
            1.6786764894881838
        ],
        "phi_n": [
            4.138635153012981,
            0.6501017698034386,
            5.576025514374417,
            3.3793017856389054
        ],
        "Vlin_par": [
            [
                0.30585860481339827,
                -3.116390782681473,
                0.3857272025567889,
                -2.5688395793662644
            ],
            [
                -0.6462565542368494,
                -0.24666359330314827,
                4.838484547091627,
                -0.2636346834221866
            ]
        ],
        "x_tar": [
            [
                12.858231777639864,
                10.156386647787572,
                11.906269497245951,
                6.111559700100582
            ],
            [
                16.623250588770418,
                13.179871273754117,
                13.742459377918852,
                11.74506598025415
            ]
        ],
        "C": 0.2
    },
    "output_params": {
        "output_dir": "output/OUT_config_0252_M8_Trivial_H20.0_mu4.98",
        "output_prefix": "mc_sim_Trivial_H20.0_mub4.98_M8"
    }
}