{
    "input_params": {
        "polymer_type": "Ring",
        "knot_type": "Trivial",
        "configuration": "input/init_config_Z/TrivialN64M8H20.00rho0.10.dat",
        "mu_b": 2.225674910215974,
        "M": 8,
        "init_N": 64,
        "rho_b": 0.1,
        "box_xy": 16.0,
        "H": 20.0,
        "rcut": 1.0,
        "max_N": 640,
        "external_potential": "custom"
    },
    "simulation_params": {
        "EPS_TRANS": 0.05,
        "ROT_RATIO": 0.3,
        "K_MAX": 10,
        "sample_interval": 5,
        "sample_time": 40000,
        "sample_block": 4,
        "dz": 0.02
    },
    "Vext_params": {
        "potential_type": "custom",
        "An": [
            0.789269754877328,
            -1.5761739579240195,
            -3.147727634731253,
            -1.2764812429673205
        ],
        "phi_n": [
            2.1863727388722523,
            3.3378410119841195,
            2.4413089740675473,
            5.055956193798975
        ],
        "Vlin_par": [
            [
                0.2952390802379026,
                -2.386219555050417,
                0.38471407370573907,
                -2.9165291401037643
            ],
            [
                1.91414374069998,
                -2.5428477968095007,
                -1.4853151794129476,
                3.2428712548860883
            ]
        ],
        "x_tar": [
            [
                12.594342793943436,
                12.27412257420844,
                9.97621000386863,
                7.7907151722228924
            ],
            [
                12.879181438682437,
                17.287904607124982,
                12.886638286009513,
                13.233687468201422
            ]
        ],
        "C": 0.2
    },
    "output_params": {
        "output_dir": "output/OUT_config_0284_M8_Trivial_H20.0_mu2.23",
        "output_prefix": "mc_sim_Trivial_H20.0_mub2.23_M8"
    }
}