{
    "input_params": {
        "polymer_type": "Ring",
        "knot_type": "Trivial",
        "configuration": "input/init_config_Z/TrivialN64M8H20.00rho0.10.dat",
        "mu_b": 4.775129871767962,
        "M": 8,
        "init_N": 64,
        "rho_b": 0.1,
        "box_xy": 16.0,
        "H": 20.0,
        "rcut": 1.0,
        "max_N": 640,
        "external_potential": "custom"
    },
    "simulation_params": {
        "EPS_TRANS": 0.05,
        "ROT_RATIO": 0.3,
        "K_MAX": 10,
        "sample_interval": 5,
        "sample_time": 40000,
        "sample_block": 4,
        "dz": 0.02
    },
    "Vext_params": {
        "potential_type": "custom",
        "An": [
            1.397940094407348,
            1.444607762452525,
            -1.0287760814820923,
            -1.427609379965917
        ],
        "phi_n": [
            1.4666853707502163,
            4.495266728419256,
            5.732055564623209,
            3.699438290797599
        ],
        "Vlin_par": [
            [
                -0.546145903584156,
                0.3576622715199226,
                3.577618993995618,
                3.8653402074322836
            ],
            [
                -2.362242945994378,
                -2.1205892598538143,
                1.453363003602486,
                0.7241001210172221
            ]
        ],
        "x_tar": [
            [
                4.299048179007439,
                9.646029567224412,
                6.756940234513689,
                1.281046737934346
            ],
            [
                8.289081716417108,
                17.652318168953904,
                11.623213881733378,
                13.648941845979287
            ]
        ],
        "C": 0.2
    },
    "output_params": {
        "output_dir": "output/OUT_config_0013_M8_Trivial_H20.0_mu4.78",
        "output_prefix": "mc_sim_Trivial_H20.0_mub4.78_M8"
    }
}