{
    "input_params": {
        "polymer_type": "Ring",
        "knot_type": "Trivial",
        "configuration": "input/init_config_Z/TrivialN64M8H20.00rho0.10.dat",
        "mu_b": 2.100676648809148,
        "M": 8,
        "init_N": 64,
        "rho_b": 0.1,
        "box_xy": 16.0,
        "H": 20.0,
        "rcut": 1.0,
        "max_N": 640,
        "external_potential": "custom"
    },
    "simulation_params": {
        "EPS_TRANS": 0.05,
        "ROT_RATIO": 0.3,
        "K_MAX": 10,
        "sample_interval": 5,
        "sample_time": 40000,
        "sample_block": 4,
        "dz": 0.02
    },
    "Vext_params": {
        "potential_type": "custom",
        "An": [
            0.5588536777466432,
            0.02602590622235596,
            1.0294577920714723,
            0.7925188935149274
        ],
        "phi_n": [
            0.3537648074670409,
            5.294538008739784,
            3.4493559474139066,
            3.344268789253311
        ],
        "Vlin_par": [
            [
                -1.5931293924306034,
                -0.49967926975330335,
                1.8659217225409566,
                2.080240100321659
            ],
            [
                2.148130681946662,
                -0.5471439641363829,
                -4.006480882732068,
                0.5586592766808193
            ]
        ],
        "x_tar": [
            [
                9.380256919192378,
                9.348586038188966,
                3.433231211984542,
                8.03975644263895
            ],
            [
                12.11268064605163,
                14.636233009244659,
                12.536594031930564,
                17.380190043004326
            ]
        ],
        "C": 0.2
    },
    "output_params": {
        "output_dir": "output/OUT_config_0295_M8_Trivial_H20.0_mu2.10",
        "output_prefix": "mc_sim_Trivial_H20.0_mub2.10_M8"
    }
}