{
    "input_params": {
        "polymer_type": "Ring",
        "knot_type": "Trivial",
        "configuration": "input/init_config_Z/TrivialN64M8H20.00rho0.10.dat",
        "mu_b": 5.334913740633381,
        "M": 8,
        "init_N": 64,
        "rho_b": 0.1,
        "box_xy": 16.0,
        "H": 20.0,
        "rcut": 1.0,
        "max_N": 640,
        "external_potential": "custom"
    },
    "simulation_params": {
        "EPS_TRANS": 0.05,
        "ROT_RATIO": 0.3,
        "K_MAX": 10,
        "sample_interval": 5,
        "sample_time": 40000,
        "sample_block": 4,
        "dz": 0.02
    },
    "Vext_params": {
        "potential_type": "custom",
        "An": [
            -0.45219402831103744,
            -2.8490107380350147,
            1.6371694680944664,
            -0.40180803961626405
        ],
        "phi_n": [
            0.7681946287020545,
            4.22427293598697,
            4.784253427313958,
            2.675020985285812
        ],
        "Vlin_par": [
            [
                -2.8975695442636735,
                -2.7780942915198183,
                0.43650087964042783,
                2.566720616384504
            ],
            [
                0.09065074425596151,
                -2.2686223293616505,
                -2.961616414435647,
                -2.4781404437295116
            ]
        ],
        "x_tar": [
            [
                6.038864855097925,
                14.75494083349379,
                13.202544606077511,
                2.974531841196102
            ],
            [
                9.679752950760143,
                16.57325288495986,
                14.576837825992826,
                12.644663462926202
            ]
        ],
        "C": 0.2
    },
    "output_params": {
        "output_dir": "output/OUT_config_0390_M8_Trivial_H20.0_mu5.33",
        "output_prefix": "mc_sim_Trivial_H20.0_mub5.33_M8"
    }
}