{
    "input_params": {
        "polymer_type": "Ring",
        "knot_type": "Trivial",
        "configuration": "input/init_config_Z/TrivialN64M8H20.00rho0.10.dat",
        "mu_b": -0.6469278850234146,
        "M": 8,
        "init_N": 64,
        "rho_b": 0.1,
        "box_xy": 16.0,
        "H": 20.0,
        "rcut": 1.0,
        "max_N": 640,
        "external_potential": "custom"
    },
    "simulation_params": {
        "EPS_TRANS": 0.05,
        "ROT_RATIO": 0.3,
        "K_MAX": 10,
        "sample_interval": 5,
        "sample_time": 40000,
        "sample_block": 4,
        "dz": 0.02
    },
    "Vext_params": {
        "potential_type": "custom",
        "An": [
            0.08132099673675316,
            -2.9099461447900126,
            -1.471900571535884,
            1.9492365546615509
        ],
        "phi_n": [
            1.055825967580203,
            5.613563345958004,
            4.021449280791559,
            4.844961687033988
        ],
        "Vlin_par": [
            [
                0.8322167404680823,
                0.25493724973360177,
                4.729559995444805,
                1.3918652462741594
            ],
            [
                0.18514817343714243,
                0.5389952867518674,
                5.306443820957427,
                3.502438633284147
            ]
        ],
        "x_tar": [
            [
                4.510104097341017,
                1.8995618625360744,
                2.166092843866849,
                5.164038692426709
            ],
            [
                10.15500015746646,
                12.876651269914595,
                11.291628285637529,
                17.50415451227782
            ]
        ],
        "C": 0.2
    },
    "output_params": {
        "output_dir": "output/OUT_config_0354_M8_Trivial_H20.0_mu-0.65",
        "output_prefix": "mc_sim_Trivial_H20.0_mub-0.65_M8"
    }
}