{
    "input_params": {
        "polymer_type": "Ring",
        "knot_type": "Trivial",
        "configuration": "input/init_config_Z/TrivialN64M8H20.00rho0.10.dat",
        "mu_b": -0.9847685710319883,
        "M": 8,
        "init_N": 64,
        "rho_b": 0.1,
        "box_xy": 16.0,
        "H": 20.0,
        "rcut": 1.0,
        "max_N": 640,
        "external_potential": "custom"
    },
    "simulation_params": {
        "EPS_TRANS": 0.05,
        "ROT_RATIO": 0.3,
        "K_MAX": 10,
        "sample_interval": 5,
        "sample_time": 40000,
        "sample_block": 4,
        "dz": 0.02
    },
    "Vext_params": {
        "potential_type": "custom",
        "An": [
            0.2575845319521402,
            3.9833316046813723,
            2.301882147930367,
            -1.1641598324319515
        ],
        "phi_n": [
            0.787569493347926,
            0.9147177882122838,
            4.98326473302156,
            4.061785839144408
        ],
        "Vlin_par": [
            [
                -1.2610280457002394,
                -2.4547015330370088,
                1.1274023357448528,
                -1.731192980746709
            ],
            [
                -3.2112623226356694,
                -3.285532061595977,
                0.888953772422691,
                2.3790226820998805
            ]
        ],
        "x_tar": [
            [
                8.781392574875541,
                5.047821483883084,
                1.4486165585391841,
                12.052260457815363
            ],
            [
                17.822790736480496,
                15.996746067216081,
                12.472918855303606,
                13.773349821210541
            ]
        ],
        "C": 0.2
    },
    "output_params": {
        "output_dir": "output/OUT_config_0079_M8_Trivial_H20.0_mu-0.98",
        "output_prefix": "mc_sim_Trivial_H20.0_mub-0.98_M8"
    }
}