{
    "input_params": {
        "polymer_type": "Ring",
        "knot_type": "Trivial",
        "configuration": "input/init_config_Z/TrivialN64M8H20.00rho0.10.dat",
        "mu_b": 4.319512970858937,
        "M": 8,
        "init_N": 64,
        "rho_b": 0.1,
        "box_xy": 16.0,
        "H": 20.0,
        "rcut": 1.0,
        "max_N": 640,
        "external_potential": "custom"
    },
    "simulation_params": {
        "EPS_TRANS": 0.05,
        "ROT_RATIO": 0.3,
        "K_MAX": 10,
        "sample_interval": 5,
        "sample_time": 40000,
        "sample_block": 4,
        "dz": 0.02
    },
    "Vext_params": {
        "potential_type": "custom",
        "An": [
            2.0256537230050724,
            1.201752101682505,
            -1.4609618122770778,
            0.5475501911031683
        ],
        "phi_n": [
            1.8182520266629805,
            4.562672411582864,
            3.040546724412256,
            0.4386075178544361
        ],
        "Vlin_par": [
            [
                1.8612892132782115,
                -0.007794550269597158,
                -0.06088902130761741,
                -0.23522809489851645
            ],
            [
                -0.41192953589711023,
                1.453480612985226,
                -0.7126165021791524,
                -1.2535116112049363
            ]
        ],
        "x_tar": [
            [
                8.762425110896835,
                12.50708731760387,
                9.606082821949355,
                16.110670159419826
            ],
            [
                9.865843652730229,
                12.84208190002045,
                10.616516279688852,
                18.69431540720816
            ]
        ],
        "C": 0.2
    },
    "output_params": {
        "output_dir": "output/OUT_config_0122_M8_Trivial_H20.0_mu4.32",
        "output_prefix": "mc_sim_Trivial_H20.0_mub4.32_M8"
    }
}