{
    "input_params": {
        "polymer_type": "Ring",
        "knot_type": "Trivial",
        "configuration": "input/init_config_Z/TrivialN64M8H20.00rho0.10.dat",
        "mu_b": 5.957992207003432,
        "M": 8,
        "init_N": 64,
        "rho_b": 0.1,
        "box_xy": 16.0,
        "H": 20.0,
        "rcut": 1.0,
        "max_N": 640,
        "external_potential": "custom"
    },
    "simulation_params": {
        "EPS_TRANS": 0.05,
        "ROT_RATIO": 0.3,
        "K_MAX": 10,
        "sample_interval": 5,
        "sample_time": 40000,
        "sample_block": 4,
        "dz": 0.02
    },
    "Vext_params": {
        "potential_type": "custom",
        "An": [
            -0.14703182687234453,
            3.1606081619764184,
            0.47853548015170283,
            -1.1449238446905656
        ],
        "phi_n": [
            1.8640624786299662,
            3.3426944035867807,
            0.18394874478104445,
            5.31937110465895
        ],
        "Vlin_par": [
            [
                4.2514590585276775,
                1.1898428760040416,
                0.6534672993171717,
                1.6382705239126691
            ],
            [
                -1.2493880712391112,
                0.7332626367218289,
                1.2596396921336606,
                1.333141889759629
            ]
        ],
        "x_tar": [
            [
                1.8821758501330699,
                9.689857241175577,
                9.31545763466161,
                4.185576012280665
            ],
            [
                2.0417394547550627,
                17.780053608824687,
                10.552626590187746,
                15.05341816379461
            ]
        ],
        "C": 0.2
    },
    "output_params": {
        "output_dir": "output/OUT_config_0015_M8_Trivial_H20.0_mu5.96",
        "output_prefix": "mc_sim_Trivial_H20.0_mub5.96_M8"
    }
}