{
    "input_params": {
        "polymer_type": "Ring",
        "knot_type": "Trivial",
        "configuration": "input/init_config_Z/TrivialN64M8H20.00rho0.10.dat",
        "mu_b": -0.3520811060949086,
        "M": 8,
        "init_N": 64,
        "rho_b": 0.1,
        "box_xy": 16.0,
        "H": 20.0,
        "rcut": 1.0,
        "max_N": 640,
        "external_potential": "custom"
    },
    "simulation_params": {
        "EPS_TRANS": 0.05,
        "ROT_RATIO": 0.3,
        "K_MAX": 10,
        "sample_interval": 5,
        "sample_time": 40000,
        "sample_block": 4,
        "dz": 0.02
    },
    "Vext_params": {
        "potential_type": "custom",
        "An": [
            0.3634598777417964,
            0.9808441981359897,
            0.11616631269480915,
            2.756715503900397
        ],
        "phi_n": [
            1.4288845759153366,
            4.311414193910688,
            5.99100770268395,
            2.211371580496966
        ],
        "Vlin_par": [
            [
                0.6862158588074927,
                2.4004517087773367,
                3.1432084865232888,
                4.055593004548496
            ],
            [
                -0.4611551803153615,
                1.850470876460652,
                3.4930686436893765,
                -0.8002602149888578
            ]
        ],
        "x_tar": [
            [
                3.40940605172126,
                14.149120095239878,
                5.171619545860118,
                6.751748605023213
            ],
            [
                7.326837760240926,
                14.404584697277853,
                8.325466280866534,
                17.681929338372694
            ]
        ],
        "C": 0.2
    },
    "output_params": {
        "output_dir": "output/OUT_config_0218_M8_Trivial_H20.0_mu-0.35",
        "output_prefix": "mc_sim_Trivial_H20.0_mub-0.35_M8"
    }
}