{
    "input_params": {
        "polymer_type": "Ring",
        "knot_type": "Trivial",
        "configuration": "input/init_config_Z/TrivialN64M8H20.00rho0.10.dat",
        "mu_b": 1.7948988757129243,
        "M": 8,
        "init_N": 64,
        "rho_b": 0.1,
        "box_xy": 16.0,
        "H": 20.0,
        "rcut": 1.0,
        "max_N": 640,
        "external_potential": "custom"
    },
    "simulation_params": {
        "EPS_TRANS": 0.05,
        "ROT_RATIO": 0.3,
        "K_MAX": 10,
        "sample_interval": 5,
        "sample_time": 40000,
        "sample_block": 4,
        "dz": 0.02
    },
    "Vext_params": {
        "potential_type": "custom",
        "An": [
            -0.28591973954288863,
            -1.4594207717366727,
            0.3578298367529451,
            1.7111835089729304
        ],
        "phi_n": [
            1.6099303884675158,
            3.618505582720525,
            3.6478462119951893,
            4.340103453292589
        ],
        "Vlin_par": [
            [
                1.697306945498633,
                0.43548927857486824,
                -1.9782998370440377,
                -2.8744366180161354
            ],
            [
                5.0988070094649744,
                1.7197888732786668,
                1.6821311982758855,
                0.300171410694541
            ]
        ],
        "x_tar": [
            [
                4.02590285055394,
                10.490799674053665,
                8.161186867356525,
                8.78841720052542
            ],
            [
                15.551792392715686,
                18.279172996148915,
                8.990556879244933,
                9.111731053132273
            ]
        ],
        "C": 0.2
    },
    "output_params": {
        "output_dir": "output/OUT_config_0139_M8_Trivial_H20.0_mu1.79",
        "output_prefix": "mc_sim_Trivial_H20.0_mub1.79_M8"
    }
}