{
    "input_params": {
        "polymer_type": "Ring",
        "knot_type": "Trivial",
        "configuration": "input/init_config_Z/TrivialN64M8H20.00rho0.10.dat",
        "mu_b": 2.737835643874792,
        "M": 8,
        "init_N": 64,
        "rho_b": 0.1,
        "box_xy": 16.0,
        "H": 20.0,
        "rcut": 1.0,
        "max_N": 640,
        "external_potential": "custom"
    },
    "simulation_params": {
        "EPS_TRANS": 0.05,
        "ROT_RATIO": 0.3,
        "K_MAX": 10,
        "sample_interval": 5,
        "sample_time": 40000,
        "sample_block": 4,
        "dz": 0.02
    },
    "Vext_params": {
        "potential_type": "custom",
        "An": [
            0.7387928283154956,
            -0.51529612486795,
            -0.31836085345926574,
            1.4331195459093315
        ],
        "phi_n": [
            4.195292028357734,
            3.1331640790817143,
            0.7363810576895673,
            0.32724230941420296
        ],
        "Vlin_par": [
            [
                0.06715183438823968,
                -4.349566485342348,
                -3.1756475259758474,
                0.9814334230046176
            ],
            [
                -0.3826651131606224,
                0.8120481620690164,
                -0.6811075983291055,
                -0.2834381468540134
            ]
        ],
        "x_tar": [
            [
                0.25377766835924964,
                0.30231075285721554,
                5.351797834353165,
                3.001287724661532
            ],
            [
                5.527515772538081,
                13.730038543648366,
                15.603887993511243,
                10.550258739139899
            ]
        ],
        "C": 0.2
    },
    "output_params": {
        "output_dir": "output/OUT_config_0400_M8_Trivial_H20.0_mu2.74",
        "output_prefix": "mc_sim_Trivial_H20.0_mub2.74_M8"
    }
}