{
    "input_params": {
        "polymer_type": "Ring",
        "knot_type": "Trivial",
        "configuration": "input/init_config_Z/TrivialN64M8H20.00rho0.10.dat",
        "mu_b": 0.44681672808230743,
        "M": 8,
        "init_N": 64,
        "rho_b": 0.1,
        "box_xy": 16.0,
        "H": 20.0,
        "rcut": 1.0,
        "max_N": 640,
        "external_potential": "custom"
    },
    "simulation_params": {
        "EPS_TRANS": 0.05,
        "ROT_RATIO": 0.3,
        "K_MAX": 10,
        "sample_interval": 5,
        "sample_time": 40000,
        "sample_block": 4,
        "dz": 0.02
    },
    "Vext_params": {
        "potential_type": "custom",
        "An": [
            0.1420964215994975,
            0.4967376837670696,
            0.40559162344492206,
            -1.57656881650057
        ],
        "phi_n": [
            1.1557526945910073,
            0.5065584977719431,
            6.009914444202927,
            6.264736943361585
        ],
        "Vlin_par": [
            [
                -0.18248985511489016,
                0.07878091807668827,
                -2.4904898728985168,
                -1.1724006138393663
            ],
            [
                0.45249431142455615,
                -3.0422423380827945,
                -2.455004744016777,
                1.1087693607182094
            ]
        ],
        "x_tar": [
            [
                4.357994543049388,
                6.541304082587585,
                7.6622138411314005,
                3.490237589035512
            ],
            [
                13.618692757682515,
                8.392382613177547,
                18.65271089486958,
                4.270349552665453
            ]
        ],
        "C": 0.2
    },
    "output_params": {
        "output_dir": "output/OUT_config_0571_M8_Trivial_H20.0_mu0.45",
        "output_prefix": "mc_sim_Trivial_H20.0_mub0.45_M8"
    }
}