{
    "input_params": {
        "polymer_type": "Ring",
        "knot_type": "Trivial",
        "configuration": "input/init_config_Z/TrivialN64M8H20.00rho0.10.dat",
        "mu_b": 3.3687697922762876,
        "M": 8,
        "init_N": 64,
        "rho_b": 0.1,
        "box_xy": 16.0,
        "H": 20.0,
        "rcut": 1.0,
        "max_N": 640,
        "external_potential": "custom"
    },
    "simulation_params": {
        "EPS_TRANS": 0.05,
        "ROT_RATIO": 0.3,
        "K_MAX": 10,
        "sample_interval": 5,
        "sample_time": 40000,
        "sample_block": 4,
        "dz": 0.02
    },
    "Vext_params": {
        "potential_type": "custom",
        "An": [
            -0.3562931405663597,
            -2.2182013145633923,
            -0.9282135921390008,
            -0.030085122533192444
        ],
        "phi_n": [
            5.284047583542958,
            5.419942502207052,
            1.4772072521211745,
            1.2080412334472554
        ],
        "Vlin_par": [
            [
                -2.6141943113033874,
                -7.222950684476258,
                2.7866151868303937,
                0.1826314605691028
            ],
            [
                0.6668962169879186,
                -0.27589447477897705,
                2.469979881273857,
                -1.3574653629067495
            ]
        ],
        "x_tar": [
            [
                13.56095084116764,
                2.0741679415899372,
                4.334097239916737,
                14.566771959140246
            ],
            [
                14.47290314018912,
                19.9604314996774,
                17.801192318340565,
                16.30074690237642
            ]
        ],
        "C": 0.2
    },
    "output_params": {
        "output_dir": "output/OUT_config_0344_M8_Trivial_H20.0_mu3.37",
        "output_prefix": "mc_sim_Trivial_H20.0_mub3.37_M8"
    }
}