{
    "input_params": {
        "polymer_type": "Ring",
        "knot_type": "Trivial",
        "configuration": "input/init_config_Z/TrivialN64M8H20.00rho0.10.dat",
        "mu_b": 0.9237507422966971,
        "M": 8,
        "init_N": 64,
        "rho_b": 0.1,
        "box_xy": 16.0,
        "H": 20.0,
        "rcut": 1.0,
        "max_N": 640,
        "external_potential": "custom"
    },
    "simulation_params": {
        "EPS_TRANS": 0.05,
        "ROT_RATIO": 0.3,
        "K_MAX": 10,
        "sample_interval": 5,
        "sample_time": 40000,
        "sample_block": 4,
        "dz": 0.02
    },
    "Vext_params": {
        "potential_type": "custom",
        "An": [
            2.722933770997326,
            2.2936944226208005,
            -0.09830577984774382,
            1.3840384340124634
        ],
        "phi_n": [
            4.961669987511484,
            2.4824046634172228,
            2.8222309831490566,
            1.8804170503613906
        ],
        "Vlin_par": [
            [
                -0.07184670560952035,
                -2.2249247573179813,
                -0.09345964337628031,
                -0.8762350148433179
            ],
            [
                -0.3934211225539309,
                2.467835199063219,
                -2.424153050667727,
                -2.3915059531069986
            ]
        ],
        "x_tar": [
            [
                0.04624224816572209,
                15.872490938378922,
                2.919017075410957,
                5.402912274038858
            ],
            [
                14.521583662677456,
                19.501938698210115,
                14.077101128338882,
                18.275317265993994
            ]
        ],
        "C": 0.2
    },
    "output_params": {
        "output_dir": "output/OUT_config_0257_M8_Trivial_H20.0_mu0.92",
        "output_prefix": "mc_sim_Trivial_H20.0_mub0.92_M8"
    }
}