{
    "input_params": {
        "polymer_type": "Ring",
        "knot_type": "Trivial",
        "configuration": "input/init_config_Z/TrivialN64M8H20.00rho0.10.dat",
        "mu_b": 0.7331852212352767,
        "M": 8,
        "init_N": 64,
        "rho_b": 0.1,
        "box_xy": 16.0,
        "H": 20.0,
        "rcut": 1.0,
        "max_N": 640,
        "external_potential": "custom"
    },
    "simulation_params": {
        "EPS_TRANS": 0.05,
        "ROT_RATIO": 0.3,
        "K_MAX": 10,
        "sample_interval": 5,
        "sample_time": 40000,
        "sample_block": 4,
        "dz": 0.02
    },
    "Vext_params": {
        "potential_type": "custom",
        "An": [
            -0.003676849628897822,
            -0.8503596184731768,
            -2.3806154738570107,
            -0.9022804028724175
        ],
        "phi_n": [
            1.4036934798243506,
            1.31130353518841,
            2.498176289610342,
            6.241682578116394
        ],
        "Vlin_par": [
            [
                -0.19348030316349304,
                -0.9304622612499744,
                1.8701924773471534,
                -0.42633916215507894
            ],
            [
                2.497588123664518,
                0.2791076024386641,
                -2.233883934032385,
                0.6201290203035176
            ]
        ],
        "x_tar": [
            [
                3.453002038286763,
                4.626368378586784,
                6.373144577828147,
                15.1272043110039
            ],
            [
                6.961464039324754,
                5.33979597637444,
                16.6997095618868,
                17.88638773922576
            ]
        ],
        "C": 0.2
    },
    "output_params": {
        "output_dir": "output/OUT_config_0070_M8_Trivial_H20.0_mu0.73",
        "output_prefix": "mc_sim_Trivial_H20.0_mub0.73_M8"
    }
}