{
    "input_params": {
        "polymer_type": "Ring",
        "knot_type": "Trivial",
        "configuration": "input/init_config_Z/TrivialN64M8H20.00rho0.10.dat",
        "mu_b": 2.7541179966089357,
        "M": 8,
        "init_N": 64,
        "rho_b": 0.1,
        "box_xy": 16.0,
        "H": 20.0,
        "rcut": 1.0,
        "max_N": 640,
        "external_potential": "custom"
    },
    "simulation_params": {
        "EPS_TRANS": 0.05,
        "ROT_RATIO": 0.3,
        "K_MAX": 10,
        "sample_interval": 5,
        "sample_time": 40000,
        "sample_block": 4,
        "dz": 0.02
    },
    "Vext_params": {
        "potential_type": "custom",
        "An": [
            -0.22418199069763176,
            4.759810948043004,
            -0.42001273792471266,
            -1.4975590794837026
        ],
        "phi_n": [
            5.789703899543573,
            3.229094712010069,
            5.322761532195831,
            5.47337797286544
        ],
        "Vlin_par": [
            [
                -1.278676130415833,
                1.3455911821160331,
                -0.45699300802138004,
                1.3023757107815686
            ],
            [
                -1.9502962158969868,
                0.853964305815804,
                -0.3200089232389768,
                1.794336422890915
            ]
        ],
        "x_tar": [
            [
                4.899203783293893,
                7.457499330225053,
                7.311154624116396,
                1.094716375395528
            ],
            [
                14.47184788338321,
                16.827277808378277,
                9.409259904350616,
                1.1095406942447505
            ]
        ],
        "C": 0.2
    },
    "output_params": {
        "output_dir": "output/OUT_config_0429_M8_Trivial_H20.0_mu2.75",
        "output_prefix": "mc_sim_Trivial_H20.0_mub2.75_M8"
    }
}