{
    "input_params": {
        "polymer_type": "Ring",
        "knot_type": "Trivial",
        "configuration": "input/init_config_Z/TrivialN64M8H20.00rho0.10.dat",
        "mu_b": 5.099707636787593,
        "M": 8,
        "init_N": 64,
        "rho_b": 0.1,
        "box_xy": 16.0,
        "H": 20.0,
        "rcut": 1.0,
        "max_N": 640,
        "external_potential": "custom"
    },
    "simulation_params": {
        "EPS_TRANS": 0.05,
        "ROT_RATIO": 0.3,
        "K_MAX": 10,
        "sample_interval": 5,
        "sample_time": 40000,
        "sample_block": 4,
        "dz": 0.02
    },
    "Vext_params": {
        "potential_type": "custom",
        "An": [
            -1.1785930778183349,
            -1.8795637001975651,
            -1.9636392044079578,
            2.0778055402726525
        ],
        "phi_n": [
            3.8368354371897246,
            3.494681474310073,
            2.0298692497037933,
            5.09357926549912
        ],
        "Vlin_par": [
            [
                -1.1569315243513743,
                -1.212214202984853,
                -3.1389776107510685,
                -1.4807582922291758
            ],
            [
                2.0047167822314518,
                -2.6933240755741386,
                0.8406419930934826,
                -0.3661238255404335
            ]
        ],
        "x_tar": [
            [
                4.8692438365345,
                13.551268393085332,
                5.849520184351704,
                2.051209777738612
            ],
            [
                15.60902765540253,
                18.879301786364014,
                16.213887412207033,
                5.471449694157602
            ]
        ],
        "C": 0.2
    },
    "output_params": {
        "output_dir": "output/OUT_config_0416_M8_Trivial_H20.0_mu5.10",
        "output_prefix": "mc_sim_Trivial_H20.0_mub5.10_M8"
    }
}