{
    "input_params": {
        "polymer_type": "Ring",
        "knot_type": "Trivial",
        "configuration": "input/init_config_Z/TrivialN64M8H20.00rho0.10.dat",
        "mu_b": 4.034796104945781,
        "M": 8,
        "init_N": 64,
        "rho_b": 0.1,
        "box_xy": 16.0,
        "H": 20.0,
        "rcut": 1.0,
        "max_N": 640,
        "external_potential": "custom"
    },
    "simulation_params": {
        "EPS_TRANS": 0.05,
        "ROT_RATIO": 0.3,
        "K_MAX": 10,
        "sample_interval": 5,
        "sample_time": 40000,
        "sample_block": 4,
        "dz": 0.02
    },
    "Vext_params": {
        "potential_type": "custom",
        "An": [
            -2.385931170279366,
            0.3735754107663167,
            0.08435608663747672,
            1.333260032416769
        ],
        "phi_n": [
            1.3419045095755293,
            0.39516246304964425,
            1.0713386831251506,
            0.6965216424028221
        ],
        "Vlin_par": [
            [
                -0.9171336781575335,
                0.4112570063553881,
                2.6765966730797772,
                -0.14749307433676223
            ],
            [
                -0.22795882693027983,
                0.9259392327871326,
                -2.38648157369061,
                -1.99917224903576
            ]
        ],
        "x_tar": [
            [
                1.1329817929909014,
                16.73212927025267,
                2.7843538340308838,
                1.8251940468869
            ],
            [
                14.287500799691056,
                17.975795217892067,
                3.7246318772257125,
                13.595640408732928
            ]
        ],
        "C": 0.2
    },
    "output_params": {
        "output_dir": "output/OUT_config_0561_M8_Trivial_H20.0_mu4.03",
        "output_prefix": "mc_sim_Trivial_H20.0_mub4.03_M8"
    }
}