{
    "input_params": {
        "polymer_type": "Ring",
        "knot_type": "Trivial",
        "configuration": "input/init_config_Z/TrivialN64M8H20.00rho0.10.dat",
        "mu_b": 5.278099534186975,
        "M": 8,
        "init_N": 64,
        "rho_b": 0.1,
        "box_xy": 16.0,
        "H": 20.0,
        "rcut": 1.0,
        "max_N": 640,
        "external_potential": "custom"
    },
    "simulation_params": {
        "EPS_TRANS": 0.05,
        "ROT_RATIO": 0.3,
        "K_MAX": 10,
        "sample_interval": 5,
        "sample_time": 40000,
        "sample_block": 4,
        "dz": 0.02
    },
    "Vext_params": {
        "potential_type": "custom",
        "An": [
            -1.162619775440056,
            -2.4908811881816204,
            2.455741367207752,
            -0.0428612831357515
        ],
        "phi_n": [
            4.069387318292605,
            3.6711809340034467,
            1.7296245379740647,
            2.9590634643281826
        ],
        "Vlin_par": [
            [
                -1.6340247517140103,
                3.8270716708145907,
                5.941493289652991,
                1.138279262083847
            ],
            [
                0.7389121071335082,
                3.9107440707958374,
                -3.816627889456409,
                -0.27626246366472834
            ]
        ],
        "x_tar": [
            [
                1.1291962797510058,
                4.769269809686829,
                1.9314493420114354,
                4.088628690268004
            ],
            [
                5.4563832723857475,
                9.458953293234025,
                12.705925244993963,
                8.185869111162422
            ]
        ],
        "C": 0.2
    },
    "output_params": {
        "output_dir": "output/OUT_config_0335_M8_Trivial_H20.0_mu5.28",
        "output_prefix": "mc_sim_Trivial_H20.0_mub5.28_M8"
    }
}