{
    "input_params": {
        "polymer_type": "Ring",
        "knot_type": "Trivial",
        "configuration": "input/init_config_Z/TrivialN64M8H20.00rho0.10.dat",
        "mu_b": 3.4647186046234726,
        "M": 8,
        "init_N": 64,
        "rho_b": 0.1,
        "box_xy": 16.0,
        "H": 20.0,
        "rcut": 1.0,
        "max_N": 640,
        "external_potential": "custom"
    },
    "simulation_params": {
        "EPS_TRANS": 0.05,
        "ROT_RATIO": 0.3,
        "K_MAX": 10,
        "sample_interval": 5,
        "sample_time": 40000,
        "sample_block": 4,
        "dz": 0.02
    },
    "Vext_params": {
        "potential_type": "custom",
        "An": [
            -1.2349493312173632,
            0.6385468866293816,
            0.41153092019169096,
            0.5475650352106092
        ],
        "phi_n": [
            3.426235612908826,
            0.41887512876383326,
            6.126967556590815,
            2.8767314546365834
        ],
        "Vlin_par": [
            [
                1.2674083288997147,
                1.781024134740943,
                0.9858158857242584,
                3.813704265313394
            ],
            [
                -0.03522466881583678,
                -0.014803588204063285,
                -0.47360569383058326,
                -2.477831241329349
            ]
        ],
        "x_tar": [
            [
                10.652316788195686,
                8.154436571759353,
                12.276356730526043,
                4.512801696617059
            ],
            [
                13.129937492849086,
                16.265005178393135,
                17.928464151454083,
                12.153242720782213
            ]
        ],
        "C": 0.2
    },
    "output_params": {
        "output_dir": "output/OUT_config_0575_M8_Trivial_H20.0_mu3.46",
        "output_prefix": "mc_sim_Trivial_H20.0_mub3.46_M8"
    }
}