{
    "input_params": {
        "polymer_type": "Ring",
        "knot_type": "Trivial",
        "configuration": "input/init_config_Z/TrivialN64M8H20.00rho0.10.dat",
        "mu_b": 1.7882067230716587,
        "M": 8,
        "init_N": 64,
        "rho_b": 0.1,
        "box_xy": 16.0,
        "H": 20.0,
        "rcut": 1.0,
        "max_N": 640,
        "external_potential": "custom"
    },
    "simulation_params": {
        "EPS_TRANS": 0.05,
        "ROT_RATIO": 0.3,
        "K_MAX": 10,
        "sample_interval": 5,
        "sample_time": 40000,
        "sample_block": 4,
        "dz": 0.02
    },
    "Vext_params": {
        "potential_type": "custom",
        "An": [
            0.6226638597452796,
            1.305260767319716,
            -0.7080728989861288,
            -0.48564755353606004
        ],
        "phi_n": [
            1.8435578900981875,
            0.9794461085311732,
            2.850142871669304,
            3.988906599737015
        ],
        "Vlin_par": [
            [
                -1.1625761183165502,
                0.9195331972206282,
                -0.9726445345162769,
                0.4034403324079978
            ],
            [
                5.754205792164257,
                3.4231936993415495,
                3.3351206149725674,
                1.7823401823723135
            ]
        ],
        "x_tar": [
            [
                5.857631653204882,
                15.235176633182736,
                4.379430278685041,
                15.371151206818803
            ],
            [
                13.259193500493904,
                19.41199898863017,
                6.385492320528536,
                16.990694807453224
            ]
        ],
        "C": 0.2
    },
    "output_params": {
        "output_dir": "output/OUT_config_0242_M8_Trivial_H20.0_mu1.79",
        "output_prefix": "mc_sim_Trivial_H20.0_mub1.79_M8"
    }
}