{
    "input_params": {
        "polymer_type": "Ring",
        "knot_type": "Trivial",
        "configuration": "input/init_config_Z/TrivialN64M8H20.00rho0.10.dat",
        "mu_b": 0.1034056897203901,
        "M": 8,
        "init_N": 64,
        "rho_b": 0.1,
        "box_xy": 16.0,
        "H": 20.0,
        "rcut": 1.0,
        "max_N": 640,
        "external_potential": "custom"
    },
    "simulation_params": {
        "EPS_TRANS": 0.05,
        "ROT_RATIO": 0.3,
        "K_MAX": 10,
        "sample_interval": 5,
        "sample_time": 40000,
        "sample_block": 4,
        "dz": 0.02
    },
    "Vext_params": {
        "potential_type": "custom",
        "An": [
            2.4377501457046886,
            0.07328412787002551,
            -0.29275134546105935,
            -0.3334893769496774
        ],
        "phi_n": [
            5.612167168300769,
            5.610161884641047,
            2.4788053487933284,
            2.551035434659518
        ],
        "Vlin_par": [
            [
                3.915203869747429,
                -0.29342408151092797,
                0.1839644317563198,
                1.8482436664207635
            ],
            [
                -0.1145016349016415,
                -2.67773081493405,
                -3.5064180314199396,
                2.147846859918643
            ]
        ],
        "x_tar": [
            [
                5.977503482180213,
                7.714209040344782,
                9.534784640357623,
                9.044562109319159
            ],
            [
                11.189824412151122,
                10.771468544919198,
                11.507844400234726,
                13.742986341505238
            ]
        ],
        "C": 0.2
    },
    "output_params": {
        "output_dir": "output/OUT_config_0572_M8_Trivial_H20.0_mu0.10",
        "output_prefix": "mc_sim_Trivial_H20.0_mub0.10_M8"
    }
}