{
    "input_params": {
        "polymer_type": "Ring",
        "knot_type": "Trivial",
        "configuration": "input/init_config_Z/TrivialN64M8H20.00rho0.10.dat",
        "mu_b": -0.8552644110346269,
        "M": 8,
        "init_N": 64,
        "rho_b": 0.1,
        "box_xy": 16.0,
        "H": 20.0,
        "rcut": 1.0,
        "max_N": 640,
        "external_potential": "custom"
    },
    "simulation_params": {
        "EPS_TRANS": 0.05,
        "ROT_RATIO": 0.3,
        "K_MAX": 10,
        "sample_interval": 5,
        "sample_time": 40000,
        "sample_block": 4,
        "dz": 0.02
    },
    "Vext_params": {
        "potential_type": "custom",
        "An": [
            0.6401228804516035,
            -0.07128244808788606,
            1.0520043406186206,
            -2.225969369477774
        ],
        "phi_n": [
            2.264476128994127,
            2.3089152789472336,
            4.275360264571543,
            3.7894311895430843
        ],
        "Vlin_par": [
            [
                -0.5525965550618109,
                1.534655685015495,
                -2.4282753496475205,
                -0.21513403606826864
            ],
            [
                -0.2118640799599464,
                2.1209902612758573,
                1.0031978474849246,
                -1.1607512093649777
            ]
        ],
        "x_tar": [
            [
                12.212430659758722,
                3.6395429687460923,
                9.484482310868497,
                8.65584466525809
            ],
            [
                16.92437191850788,
                7.5828078219184984,
                18.047269019588718,
                15.073770419762223
            ]
        ],
        "C": 0.2
    },
    "output_params": {
        "output_dir": "output/OUT_config_0133_M8_Trivial_H20.0_mu-0.86",
        "output_prefix": "mc_sim_Trivial_H20.0_mub-0.86_M8"
    }
}