{
    "input_params": {
        "polymer_type": "Ring",
        "knot_type": "Trivial",
        "configuration": "input/init_config_Z/TrivialN64M8H20.00rho0.10.dat",
        "mu_b": 3.2354822681914044,
        "M": 8,
        "init_N": 64,
        "rho_b": 0.1,
        "box_xy": 16.0,
        "H": 20.0,
        "rcut": 1.0,
        "max_N": 640,
        "external_potential": "custom"
    },
    "simulation_params": {
        "EPS_TRANS": 0.05,
        "ROT_RATIO": 0.3,
        "K_MAX": 10,
        "sample_interval": 5,
        "sample_time": 40000,
        "sample_block": 4,
        "dz": 0.02
    },
    "Vext_params": {
        "potential_type": "custom",
        "An": [
            -0.693066051183291,
            0.2456542512902879,
            -2.0233968822977118,
            0.5724972148161473
        ],
        "phi_n": [
            3.1557033391360094,
            1.9755129908177564,
            0.4689607537842905,
            0.315658841046028
        ],
        "Vlin_par": [
            [
                0.3532900638034841,
                -2.131269091821744,
                -0.2022368192197522,
                1.9322221514634712
            ],
            [
                -2.933567640152562,
                4.887836969444557,
                0.7472610883467415,
                -3.4977125285565176
            ]
        ],
        "x_tar": [
            [
                0.5712690021294287,
                4.342292950030049,
                0.2890538300001966,
                10.00322602855782
            ],
            [
                1.5106357969546935,
                9.523375870626163,
                1.4360224143357425,
                18.505312582713298
            ]
        ],
        "C": 0.2
    },
    "output_params": {
        "output_dir": "output/OUT_config_0358_M8_Trivial_H20.0_mu3.24",
        "output_prefix": "mc_sim_Trivial_H20.0_mub3.24_M8"
    }
}