{
    "input_params": {
        "polymer_type": "Ring",
        "knot_type": "Trivial",
        "configuration": "input/init_config_Z/TrivialN64M8H20.00rho0.10.dat",
        "mu_b": -0.608579129140225,
        "M": 8,
        "init_N": 64,
        "rho_b": 0.1,
        "box_xy": 16.0,
        "H": 20.0,
        "rcut": 1.0,
        "max_N": 640,
        "external_potential": "custom"
    },
    "simulation_params": {
        "EPS_TRANS": 0.05,
        "ROT_RATIO": 0.3,
        "K_MAX": 10,
        "sample_interval": 5,
        "sample_time": 40000,
        "sample_block": 4,
        "dz": 0.02
    },
    "Vext_params": {
        "potential_type": "custom",
        "An": [
            1.4936411207251814,
            -1.7531647851359673,
            -3.813360486637786,
            -0.5484486434188484
        ],
        "phi_n": [
            1.9380969840912323,
            3.981280283843667,
            4.882819723442657,
            4.762676509098593
        ],
        "Vlin_par": [
            [
                -0.6127857946649814,
                2.0083781996670322,
                -1.84702838882778,
                -1.0580725765645598
            ],
            [
                0.7988502774199273,
                1.0728168852464919,
                2.7899265495820855,
                0.7764160879465165
            ]
        ],
        "x_tar": [
            [
                0.007215846117218927,
                1.2192351682725744,
                1.629858925789509,
                7.353807265474648
            ],
            [
                10.39983980843433,
                15.033360799482814,
                18.27333232693099,
                16.54221930930704
            ]
        ],
        "C": 0.2
    },
    "output_params": {
        "output_dir": "output/OUT_config_0444_M8_Trivial_H20.0_mu-0.61",
        "output_prefix": "mc_sim_Trivial_H20.0_mub-0.61_M8"
    }
}