{
    "input_params": {
        "polymer_type": "Ring",
        "knot_type": "Trivial",
        "configuration": "input/init_config_Z/TrivialN64M8H20.00rho0.10.dat",
        "mu_b": 1.0822462432529796,
        "M": 8,
        "init_N": 64,
        "rho_b": 0.1,
        "box_xy": 16.0,
        "H": 20.0,
        "rcut": 1.0,
        "max_N": 640,
        "external_potential": "custom"
    },
    "simulation_params": {
        "EPS_TRANS": 0.05,
        "ROT_RATIO": 0.3,
        "K_MAX": 10,
        "sample_interval": 5,
        "sample_time": 40000,
        "sample_block": 4,
        "dz": 0.02
    },
    "Vext_params": {
        "potential_type": "custom",
        "An": [
            -2.2867837211981903,
            1.7690145056183846,
            2.2543437966627313,
            -2.3988811338536284
        ],
        "phi_n": [
            3.021180154320946,
            3.9368762097451095,
            3.798731260181207,
            0.940452513171564
        ],
        "Vlin_par": [
            [
                -1.8019400599719222,
                2.858325660680758,
                -2.2689101460343752,
                2.184009371316417
            ],
            [
                -0.6318519915577946,
                -1.878469428198795,
                -1.2065577935853873,
                -0.8001624409660416
            ]
        ],
        "x_tar": [
            [
                8.00080719356597,
                0.20234194341995249,
                5.271520345354277,
                18.50172552924746
            ],
            [
                11.451099358718757,
                16.001538871543552,
                7.335999421338883,
                19.357940695614463
            ]
        ],
        "C": 0.2
    },
    "output_params": {
        "output_dir": "output/OUT_config_0523_M8_Trivial_H20.0_mu1.08",
        "output_prefix": "mc_sim_Trivial_H20.0_mub1.08_M8"
    }
}