{
    "input_params": {
        "polymer_type": "Ring",
        "knot_type": "Trivial",
        "configuration": "input/init_config_Z/TrivialN64M8H20.00rho0.10.dat",
        "mu_b": 0.42473702987499684,
        "M": 8,
        "init_N": 64,
        "rho_b": 0.1,
        "box_xy": 16.0,
        "H": 20.0,
        "rcut": 1.0,
        "max_N": 640,
        "external_potential": "custom"
    },
    "simulation_params": {
        "EPS_TRANS": 0.05,
        "ROT_RATIO": 0.3,
        "K_MAX": 10,
        "sample_interval": 5,
        "sample_time": 40000,
        "sample_block": 4,
        "dz": 0.02
    },
    "Vext_params": {
        "potential_type": "custom",
        "An": [
            0.7653135486125259,
            0.7093449556008444,
            -2.641792887022261,
            2.2687827423951563
        ],
        "phi_n": [
            5.264677709763239,
            3.0910165875668096,
            3.15761038750617,
            3.3652843465458884
        ],
        "Vlin_par": [
            [
                -1.0241708225767339,
                2.2948050168953267,
                -1.262892480190792,
                0.6951152684898437
            ],
            [
                1.6863915541515144,
                3.314355402367925,
                1.3789767253425724,
                0.3563672634832905
            ]
        ],
        "x_tar": [
            [
                7.654651973201625,
                6.8581430693144885,
                4.120802675971557,
                3.588409385404696
            ],
            [
                16.281539182715953,
                16.14037563354589,
                17.891682248557906,
                12.440405704837723
            ]
        ],
        "C": 0.2
    },
    "output_params": {
        "output_dir": "output/OUT_config_0114_M8_Trivial_H20.0_mu0.42",
        "output_prefix": "mc_sim_Trivial_H20.0_mub0.42_M8"
    }
}