{
    "input_params": {
        "polymer_type": "Ring",
        "knot_type": "Trivial",
        "configuration": "input/init_config_Z/TrivialN64M8H20.00rho0.10.dat",
        "mu_b": 2.621492475377637,
        "M": 8,
        "init_N": 64,
        "rho_b": 0.1,
        "box_xy": 16.0,
        "H": 20.0,
        "rcut": 1.0,
        "max_N": 640,
        "external_potential": "custom"
    },
    "simulation_params": {
        "EPS_TRANS": 0.05,
        "ROT_RATIO": 0.3,
        "K_MAX": 10,
        "sample_interval": 5,
        "sample_time": 40000,
        "sample_block": 4,
        "dz": 0.02
    },
    "Vext_params": {
        "potential_type": "custom",
        "An": [
            -3.3700853849556927,
            -2.4266185331693415,
            -1.6885171715581206,
            -1.6655127790605297
        ],
        "phi_n": [
            0.6180412492978955,
            3.787416952418619,
            4.319518489715441,
            1.783609537932795
        ],
        "Vlin_par": [
            [
                4.821757848268714,
                1.2732622955024206,
                0.22469079541322073,
                -0.34481179876332585
            ],
            [
                3.135660377685918,
                -1.7498070310601288,
                2.0955686405717,
                2.546267324623222
            ]
        ],
        "x_tar": [
            [
                0.06632361248775975,
                3.0706127808718198,
                8.337228350603516,
                13.5257949666327
            ],
            [
                3.644581471076167,
                17.900905329983402,
                15.638880576734177,
                15.617143325880845
            ]
        ],
        "C": 0.2
    },
    "output_params": {
        "output_dir": "output/OUT_config_0388_M8_Trivial_H20.0_mu2.62",
        "output_prefix": "mc_sim_Trivial_H20.0_mub2.62_M8"
    }
}