{
    "input_params": {
        "polymer_type": "Ring",
        "knot_type": "Trivial",
        "configuration": "input/init_config_Z/TrivialN64M8H20.00rho0.10.dat",
        "mu_b": 3.0177601639114533,
        "M": 8,
        "init_N": 64,
        "rho_b": 0.1,
        "box_xy": 16.0,
        "H": 20.0,
        "rcut": 1.0,
        "max_N": 640,
        "external_potential": "custom"
    },
    "simulation_params": {
        "EPS_TRANS": 0.05,
        "ROT_RATIO": 0.3,
        "K_MAX": 10,
        "sample_interval": 5,
        "sample_time": 40000,
        "sample_block": 4,
        "dz": 0.02
    },
    "Vext_params": {
        "potential_type": "custom",
        "An": [
            0.6036322232197542,
            0.6616323478622614,
            1.604559307394928,
            0.9495318914348905
        ],
        "phi_n": [
            4.918658712225424,
            1.9846817162760158,
            3.2780372113123226,
            1.5576815805790212
        ],
        "Vlin_par": [
            [
                0.4187769492141485,
                0.201295042822135,
                -1.3017864380489979,
                0.09309389988817263
            ],
            [
                0.2639708417014952,
                2.213124427589563,
                -1.0416587507753585,
                -0.050056227507374235
            ]
        ],
        "x_tar": [
            [
                12.389901858525533,
                4.295412345300312,
                5.965629803032826,
                1.698331024991384
            ],
            [
                19.371888718645916,
                6.479458280731841,
                10.57534835072115,
                11.672296632438762
            ]
        ],
        "C": 0.2
    },
    "output_params": {
        "output_dir": "output/OUT_config_0081_M8_Trivial_H20.0_mu3.02",
        "output_prefix": "mc_sim_Trivial_H20.0_mub3.02_M8"
    }
}