{
    "input_params": {
        "polymer_type": "Ring",
        "knot_type": "Trivial",
        "configuration": "input/init_config_Z/TrivialN64M8H20.00rho0.10.dat",
        "mu_b": 0.39136632229376,
        "M": 8,
        "init_N": 64,
        "rho_b": 0.1,
        "box_xy": 16.0,
        "H": 20.0,
        "rcut": 1.0,
        "max_N": 640,
        "external_potential": "custom"
    },
    "simulation_params": {
        "EPS_TRANS": 0.05,
        "ROT_RATIO": 0.3,
        "K_MAX": 10,
        "sample_interval": 5,
        "sample_time": 40000,
        "sample_block": 4,
        "dz": 0.02
    },
    "Vext_params": {
        "potential_type": "custom",
        "An": [
            -1.983513850607802,
            2.0900999219290783,
            1.0227143996713075,
            -0.8525708174294716
        ],
        "phi_n": [
            6.22279126561801,
            2.031582908242274,
            5.585609000203496,
            2.097554669246171
        ],
        "Vlin_par": [
            [
                5.070272703586376,
                -2.516106826096926,
                -2.275275624992967,
                -3.224512795321566
            ],
            [
                1.059199635745176,
                -0.7922086754711846,
                4.32481548288241,
                1.3143642335042236
            ]
        ],
        "x_tar": [
            [
                16.533765069714846,
                1.5127788138691423,
                0.9263675375575442,
                11.360079386640592
            ],
            [
                16.826934254740568,
                3.1254285010864713,
                19.642334299252134,
                16.60605260509035
            ]
        ],
        "C": 0.2
    },
    "output_params": {
        "output_dir": "output/OUT_config_0360_M8_Trivial_H20.0_mu0.39",
        "output_prefix": "mc_sim_Trivial_H20.0_mub0.39_M8"
    }
}