{
    "input_params": {
        "polymer_type": "Ring",
        "knot_type": "Trivial",
        "configuration": "input/init_config_Z/TrivialN64M8H20.00rho0.10.dat",
        "mu_b": 4.3080737165905045,
        "M": 8,
        "init_N": 64,
        "rho_b": 0.1,
        "box_xy": 16.0,
        "H": 20.0,
        "rcut": 1.0,
        "max_N": 640,
        "external_potential": "custom"
    },
    "simulation_params": {
        "EPS_TRANS": 0.05,
        "ROT_RATIO": 0.3,
        "K_MAX": 10,
        "sample_interval": 5,
        "sample_time": 40000,
        "sample_block": 4,
        "dz": 0.02
    },
    "Vext_params": {
        "potential_type": "custom",
        "An": [
            -0.3508850891027992,
            -0.5843242002696214,
            0.42192514848587326,
            1.9689388969885573
        ],
        "phi_n": [
            2.494329691919859,
            0.17067525643546894,
            2.3644544063790622,
            2.878026165436285
        ],
        "Vlin_par": [
            [
                1.0229251781917694,
                -0.6786457053525913,
                -0.9412394787807614,
                -0.40999018784701735
            ],
            [
                -1.836540259456721,
                3.7322062424966607,
                0.36962387346568626,
                -2.8481991233050654
            ]
        ],
        "x_tar": [
            [
                17.19548661811769,
                8.510448983634983,
                14.236549364782329,
                9.753892718473839
            ],
            [
                17.684082432393428,
                12.218480495092924,
                19.413137916463143,
                10.452487503044608
            ]
        ],
        "C": 0.2
    },
    "output_params": {
        "output_dir": "output/OUT_config_0594_M8_Trivial_H20.0_mu4.31",
        "output_prefix": "mc_sim_Trivial_H20.0_mub4.31_M8"
    }
}