{
    "input_params": {
        "polymer_type": "Ring",
        "knot_type": "Trivial",
        "configuration": "input/init_config_Z/TrivialN64M8H20.00rho0.10.dat",
        "mu_b": 1.532583273497106,
        "M": 8,
        "init_N": 64,
        "rho_b": 0.1,
        "box_xy": 16.0,
        "H": 20.0,
        "rcut": 1.0,
        "max_N": 640,
        "external_potential": "custom"
    },
    "simulation_params": {
        "EPS_TRANS": 0.05,
        "ROT_RATIO": 0.3,
        "K_MAX": 10,
        "sample_interval": 5,
        "sample_time": 40000,
        "sample_block": 4,
        "dz": 0.02
    },
    "Vext_params": {
        "potential_type": "custom",
        "An": [
            -0.10520028382169593,
            -0.7770815409155882,
            -1.4476430447579942,
            0.5987949517860369
        ],
        "phi_n": [
            1.3225431848171743,
            3.888828251318057,
            2.740336336063702,
            0.3741598072892946
        ],
        "Vlin_par": [
            [
                1.258213329400591,
                0.2777957522671995,
                -0.6355434355821592,
                -0.37555190359471974
            ],
            [
                -0.16755938622066915,
                -1.8902465587148927,
                -4.353664527649799,
                -0.28018338912754764
            ]
        ],
        "x_tar": [
            [
                11.679102444559996,
                2.269348106045679,
                0.4582373459669564,
                5.441435072905034
            ],
            [
                18.476747794520815,
                2.4572867145929567,
                0.5875296168582,
                18.080538731953983
            ]
        ],
        "C": 0.2
    },
    "output_params": {
        "output_dir": "output/OUT_config_0472_M8_Trivial_H20.0_mu1.53",
        "output_prefix": "mc_sim_Trivial_H20.0_mub1.53_M8"
    }
}