{
    "input_params": {
        "polymer_type": "Ring",
        "knot_type": "Trivial",
        "configuration": "input/init_config_Z/TrivialN64M8H20.00rho0.10.dat",
        "mu_b": 5.464281762533077,
        "M": 8,
        "init_N": 64,
        "rho_b": 0.1,
        "box_xy": 16.0,
        "H": 20.0,
        "rcut": 1.0,
        "max_N": 640,
        "external_potential": "custom"
    },
    "simulation_params": {
        "EPS_TRANS": 0.05,
        "ROT_RATIO": 0.3,
        "K_MAX": 10,
        "sample_interval": 5,
        "sample_time": 40000,
        "sample_block": 4,
        "dz": 0.02
    },
    "Vext_params": {
        "potential_type": "custom",
        "An": [
            0.2072889196552533,
            3.039280058642031,
            -0.7428559281517102,
            1.7405565228228015
        ],
        "phi_n": [
            2.33230127203393,
            2.7433979844326015,
            2.7189418174404247,
            2.1547223300099074
        ],
        "Vlin_par": [
            [
                -2.522899153085383,
                -1.8912510064453731,
                2.4570231745297306,
                -1.4318356176457228
            ],
            [
                2.8748184847314815,
                -0.2982302630244641,
                2.896132526339634,
                -2.1655125398460418
            ]
        ],
        "x_tar": [
            [
                12.515061276882992,
                7.90383762569051,
                10.97439526036647,
                3.6720213114615707
            ],
            [
                18.72209709876873,
                9.114854591617485,
                11.958870801399113,
                7.308614128963766
            ]
        ],
        "C": 0.2
    },
    "output_params": {
        "output_dir": "output/OUT_config_0497_M8_Trivial_H20.0_mu5.46",
        "output_prefix": "mc_sim_Trivial_H20.0_mub5.46_M8"
    }
}