{
    "input_params": {
        "polymer_type": "Ring",
        "knot_type": "Trivial",
        "configuration": "input/init_config_Z/TrivialN64M8H20.00rho0.10.dat",
        "mu_b": 5.385973328457363,
        "M": 8,
        "init_N": 64,
        "rho_b": 0.1,
        "box_xy": 16.0,
        "H": 20.0,
        "rcut": 1.0,
        "max_N": 640,
        "external_potential": "custom"
    },
    "simulation_params": {
        "EPS_TRANS": 0.05,
        "ROT_RATIO": 0.3,
        "K_MAX": 10,
        "sample_interval": 5,
        "sample_time": 40000,
        "sample_block": 4,
        "dz": 0.02
    },
    "Vext_params": {
        "potential_type": "custom",
        "An": [
            1.5261685551008592,
            0.18192098421465683,
            -0.13895854928591012,
            2.3307924217028115
        ],
        "phi_n": [
            0.7220265521253225,
            3.343791389701006,
            2.3136488682341945,
            1.9586851696189973
        ],
        "Vlin_par": [
            [
                -0.32452039108805397,
                0.13664503294132652,
                -0.9241713483664894,
                7.659035519343598
            ],
            [
                -0.8936621052541938,
                -0.8449536010073232,
                0.8113089841934018,
                -0.24446538865907977
            ]
        ],
        "x_tar": [
            [
                0.15720320802750543,
                4.988837686836307,
                3.1820098503774763,
                8.346678317033875
            ],
            [
                2.580996963396127,
                17.88332404872197,
                7.687248354969951,
                9.728212378458107
            ]
        ],
        "C": 0.2
    },
    "output_params": {
        "output_dir": "output/OUT_config_0346_M8_Trivial_H20.0_mu5.39",
        "output_prefix": "mc_sim_Trivial_H20.0_mub5.39_M8"
    }
}