{
    "input_params": {
        "polymer_type": "Ring",
        "knot_type": "Trivial",
        "configuration": "input/init_config_Z/TrivialN64M8H20.00rho0.10.dat",
        "mu_b": 4.578844907033031,
        "M": 8,
        "init_N": 64,
        "rho_b": 0.1,
        "box_xy": 16.0,
        "H": 20.0,
        "rcut": 1.0,
        "max_N": 640,
        "external_potential": "custom"
    },
    "simulation_params": {
        "EPS_TRANS": 0.05,
        "ROT_RATIO": 0.3,
        "K_MAX": 10,
        "sample_interval": 5,
        "sample_time": 40000,
        "sample_block": 4,
        "dz": 0.02
    },
    "Vext_params": {
        "potential_type": "custom",
        "An": [
            1.3536745710416758,
            -0.5295898238818593,
            1.526459471503667,
            0.17518047591341104
        ],
        "phi_n": [
            3.7625088007064957,
            1.310659449449613,
            2.9655127597018716,
            2.1364542575640164
        ],
        "Vlin_par": [
            [
                -0.9900935708487336,
                -4.275354852206224,
                1.0001500724373815,
                -2.8555816837279933
            ],
            [
                0.6007953616797456,
                -0.7421459794684425,
                0.35966694427744017,
                -2.3094423760437977
            ]
        ],
        "x_tar": [
            [
                6.123116797338108,
                8.754386986656865,
                9.072338943128841,
                6.556029641576339
            ],
            [
                6.820746259151813,
                11.54390738751659,
                10.901523386278154,
                12.583663117876307
            ]
        ],
        "C": 0.2
    },
    "output_params": {
        "output_dir": "output/OUT_config_0577_M8_Trivial_H20.0_mu4.58",
        "output_prefix": "mc_sim_Trivial_H20.0_mub4.58_M8"
    }
}