{
    "input_params": {
        "polymer_type": "Ring",
        "knot_type": "Trivial",
        "configuration": "input/init_config_Z/TrivialN64M8H20.00rho0.10.dat",
        "mu_b": 1.476880972928853,
        "M": 8,
        "init_N": 64,
        "rho_b": 0.1,
        "box_xy": 16.0,
        "H": 20.0,
        "rcut": 1.0,
        "max_N": 640,
        "external_potential": "custom"
    },
    "simulation_params": {
        "EPS_TRANS": 0.05,
        "ROT_RATIO": 0.3,
        "K_MAX": 10,
        "sample_interval": 5,
        "sample_time": 40000,
        "sample_block": 4,
        "dz": 0.02
    },
    "Vext_params": {
        "potential_type": "custom",
        "An": [
            2.4987806549988423,
            0.9145597698487601,
            1.2987681811333172,
            0.4974957856117529
        ],
        "phi_n": [
            4.7544303597692625,
            2.4837096264114438,
            1.390916044153657,
            4.295540376968679
        ],
        "Vlin_par": [
            [
                1.595659151292533,
                6.17718770133277,
                -0.4655614798266488,
                -2.059259617059494
            ],
            [
                0.38989544880905197,
                1.9540392630253114,
                -0.36943942819605585,
                -0.887559322922023
            ]
        ],
        "x_tar": [
            [
                7.101031819912082,
                10.583440463480239,
                7.932498014904943,
                2.0886779951458534
            ],
            [
                19.76112544150061,
                17.366933793239692,
                12.225311094444058,
                5.753028374263199
            ]
        ],
        "C": 0.2
    },
    "output_params": {
        "output_dir": "output/OUT_config_0182_M8_Trivial_H20.0_mu1.48",
        "output_prefix": "mc_sim_Trivial_H20.0_mub1.48_M8"
    }
}