{
    "input_params": {
        "polymer_type": "Ring",
        "knot_type": "Trivial",
        "configuration": "input/init_config_Z/TrivialN64M8H20.00rho0.10.dat",
        "mu_b": 4.175755142581983,
        "M": 8,
        "init_N": 64,
        "rho_b": 0.1,
        "box_xy": 16.0,
        "H": 20.0,
        "rcut": 1.0,
        "max_N": 640,
        "external_potential": "custom"
    },
    "simulation_params": {
        "EPS_TRANS": 0.05,
        "ROT_RATIO": 0.3,
        "K_MAX": 10,
        "sample_interval": 5,
        "sample_time": 40000,
        "sample_block": 4,
        "dz": 0.02
    },
    "Vext_params": {
        "potential_type": "custom",
        "An": [
            1.5118157315808602,
            -1.5502198607321136,
            -0.8990279529265467,
            -0.8062856589623001
        ],
        "phi_n": [
            6.271524473499775,
            3.0211862248232397,
            3.267920423720295,
            3.5422560180636333
        ],
        "Vlin_par": [
            [
                -1.753467161856035,
                3.0550126361186742,
                -1.7767004696623327,
                -0.060644443015455594
            ],
            [
                0.702194913856637,
                0.9888064568578465,
                1.2573618004479705,
                0.5106863145340552
            ]
        ],
        "x_tar": [
            [
                1.4037953999382036,
                0.021418758717646202,
                11.59435192790135,
                8.66855252917592
            ],
            [
                4.718383729941927,
                12.270913909382823,
                16.013057153775623,
                14.950414496038649
            ]
        ],
        "C": 0.2
    },
    "output_params": {
        "output_dir": "output/OUT_config_0287_M8_Trivial_H20.0_mu4.18",
        "output_prefix": "mc_sim_Trivial_H20.0_mub4.18_M8"
    }
}