{
    "input_params": {
        "polymer_type": "Ring",
        "knot_type": "Trivial",
        "configuration": "input/init_config_Z/TrivialN64M8H20.00rho0.10.dat",
        "mu_b": 2.2395468045152125,
        "M": 8,
        "init_N": 64,
        "rho_b": 0.1,
        "box_xy": 16.0,
        "H": 20.0,
        "rcut": 1.0,
        "max_N": 640,
        "external_potential": "custom"
    },
    "simulation_params": {
        "EPS_TRANS": 0.05,
        "ROT_RATIO": 0.3,
        "K_MAX": 10,
        "sample_interval": 5,
        "sample_time": 40000,
        "sample_block": 4,
        "dz": 0.02
    },
    "Vext_params": {
        "potential_type": "custom",
        "An": [
            -2.4405439538101716,
            -3.302529404308151,
            1.894498611479893,
            2.9724693246482703
        ],
        "phi_n": [
            1.6813852527459767,
            6.10319273229804,
            5.911561536500183,
            1.7361576090971735
        ],
        "Vlin_par": [
            [
                -0.5463181035307494,
                -1.1286319522981823,
                -2.2595784695438637,
                1.1408344455309805
            ],
            [
                -4.461109111318027,
                2.2591123891296494,
                2.6453024460130345,
                -4.841497264566708
            ]
        ],
        "x_tar": [
            [
                3.4960126965912575,
                2.2662522020688347,
                10.790599211906077,
                4.966285925598141
            ],
            [
                11.98629469787342,
                3.3408108852148266,
                18.42678559551794,
                18.535081813675777
            ]
        ],
        "C": 0.2
    },
    "output_params": {
        "output_dir": "output/OUT_config_0461_M8_Trivial_H20.0_mu2.24",
        "output_prefix": "mc_sim_Trivial_H20.0_mub2.24_M8"
    }
}