{
    "input_params": {
        "polymer_type": "Ring",
        "knot_type": "Trivial",
        "configuration": "input/init_config_Z/TrivialN64M8H20.00rho0.10.dat",
        "mu_b": 3.068411154816032,
        "M": 8,
        "init_N": 64,
        "rho_b": 0.1,
        "box_xy": 16.0,
        "H": 20.0,
        "rcut": 1.0,
        "max_N": 640,
        "external_potential": "custom"
    },
    "simulation_params": {
        "EPS_TRANS": 0.05,
        "ROT_RATIO": 0.3,
        "K_MAX": 10,
        "sample_interval": 5,
        "sample_time": 40000,
        "sample_block": 4,
        "dz": 0.02
    },
    "Vext_params": {
        "potential_type": "custom",
        "An": [
            0.013413313621999443,
            -1.46176611295407,
            1.1399434549235734,
            0.2648770313301968
        ],
        "phi_n": [
            5.111570902897042,
            1.787538566094032,
            5.577677232709851,
            1.4635379762232794
        ],
        "Vlin_par": [
            [
                -2.6416760559708217,
                0.7020965504946215,
                1.8003578525566175,
                3.1942335114364955
            ],
            [
                -0.8146945484394852,
                -0.06615292438504783,
                0.42174303244318573,
                3.017381520636199
            ]
        ],
        "x_tar": [
            [
                10.727132424635386,
                0.5577408770664682,
                14.288673784974119,
                17.311327523455272
            ],
            [
                14.523264510550044,
                11.994353179029723,
                19.09241338442096,
                17.61891262850922
            ]
        ],
        "C": 0.2
    },
    "output_params": {
        "output_dir": "output/OUT_config_0374_M8_Trivial_H20.0_mu3.07",
        "output_prefix": "mc_sim_Trivial_H20.0_mub3.07_M8"
    }
}