{
    "input_params": {
        "polymer_type": "Ring",
        "knot_type": "Trivial",
        "configuration": "input/init_config_Z/TrivialN64M8H20.00rho0.10.dat",
        "mu_b": 1.1036749320865118,
        "M": 8,
        "init_N": 64,
        "rho_b": 0.1,
        "box_xy": 16.0,
        "H": 20.0,
        "rcut": 1.0,
        "max_N": 640,
        "external_potential": "custom"
    },
    "simulation_params": {
        "EPS_TRANS": 0.05,
        "ROT_RATIO": 0.3,
        "K_MAX": 10,
        "sample_interval": 5,
        "sample_time": 40000,
        "sample_block": 4,
        "dz": 0.02
    },
    "Vext_params": {
        "potential_type": "custom",
        "An": [
            -0.10240128215220153,
            4.297308349012993,
            0.6564792918049719,
            0.4519983171598839
        ],
        "phi_n": [
            3.806554135079896,
            0.8088370035932952,
            2.8515528359030764,
            0.31048523187258964
        ],
        "Vlin_par": [
            [
                -0.9010468265319748,
                -0.013106705727174105,
                2.6222456456756014,
                2.6697611148240767
            ],
            [
                -1.1130948671434564,
                -1.3391317551787916,
                -1.0773392663355155,
                -0.000522746598350579
            ]
        ],
        "x_tar": [
            [
                0.7294349848325754,
                3.023228137338163,
                7.829470191445993,
                2.1039965779914427
            ],
            [
                12.474626196731224,
                12.734963374211006,
                19.1999576289808,
                16.23669695595414
            ]
        ],
        "C": 0.2
    },
    "output_params": {
        "output_dir": "output/OUT_config_0471_M8_Trivial_H20.0_mu1.10",
        "output_prefix": "mc_sim_Trivial_H20.0_mub1.10_M8"
    }
}