{
    "input_params": {
        "polymer_type": "Ring",
        "knot_type": "Trivial",
        "configuration": "input/init_config_Z/TrivialN64M8H20.00rho0.10.dat",
        "mu_b": 2.821356566780876,
        "M": 8,
        "init_N": 64,
        "rho_b": 0.1,
        "box_xy": 16.0,
        "H": 20.0,
        "rcut": 1.0,
        "max_N": 640,
        "external_potential": "custom"
    },
    "simulation_params": {
        "EPS_TRANS": 0.05,
        "ROT_RATIO": 0.3,
        "K_MAX": 10,
        "sample_interval": 5,
        "sample_time": 40000,
        "sample_block": 4,
        "dz": 0.02
    },
    "Vext_params": {
        "potential_type": "custom",
        "An": [
            1.304008705582626,
            -1.5140227651033429,
            -0.14246353062365896,
            -0.10371772374994014
        ],
        "phi_n": [
            5.162189364667066,
            4.613258818134645,
            3.3349102427019175,
            3.641805870918298
        ],
        "Vlin_par": [
            [
                -4.132445961336293,
                -0.6249923068580345,
                3.088703090516353,
                -3.797193258247592
            ],
            [
                -1.0358964139683327,
                1.1608314351056415,
                0.945357228349491,
                1.2116534054933674
            ]
        ],
        "x_tar": [
            [
                3.8895433103223453,
                3.6158733631232853,
                14.158732930981575,
                6.09914171171734
            ],
            [
                12.773795788309537,
                5.925685878819474,
                15.69480200350533,
                14.063204283261134
            ]
        ],
        "C": 0.2
    },
    "output_params": {
        "output_dir": "output/OUT_config_0059_M8_Trivial_H20.0_mu2.82",
        "output_prefix": "mc_sim_Trivial_H20.0_mub2.82_M8"
    }
}