{
    "input_params": {
        "polymer_type": "Ring",
        "knot_type": "Trivial",
        "configuration": "input/init_config_Z/TrivialN64M8H20.00rho0.10.dat",
        "mu_b": 5.021479921199909,
        "M": 8,
        "init_N": 64,
        "rho_b": 0.1,
        "box_xy": 16.0,
        "H": 20.0,
        "rcut": 1.0,
        "max_N": 640,
        "external_potential": "custom"
    },
    "simulation_params": {
        "EPS_TRANS": 0.05,
        "ROT_RATIO": 0.3,
        "K_MAX": 10,
        "sample_interval": 5,
        "sample_time": 40000,
        "sample_block": 4,
        "dz": 0.02
    },
    "Vext_params": {
        "potential_type": "custom",
        "An": [
            0.9345257279212793,
            -0.15042944663943972,
            -3.5442439560577577,
            -0.005434874701189631
        ],
        "phi_n": [
            3.0386663348586613,
            5.572229460143294,
            3.541038015611122,
            4.334027453170076
        ],
        "Vlin_par": [
            [
                -2.386369482159596,
                -2.6067889515839395,
                -1.9495736324808695,
                0.4702156772331481
            ],
            [
                -3.276303184973275,
                -2.0872948916270584,
                -2.3945892391156023,
                -0.9591930227379875
            ]
        ],
        "x_tar": [
            [
                12.619791959449467,
                11.972750130564778,
                4.25724114198948,
                9.105387867741086
            ],
            [
                14.322557047185294,
                15.864248241595611,
                4.388131646805331,
                14.662042986817227
            ]
        ],
        "C": 0.2
    },
    "output_params": {
        "output_dir": "output/OUT_config_0209_M8_Trivial_H20.0_mu5.02",
        "output_prefix": "mc_sim_Trivial_H20.0_mub5.02_M8"
    }
}