{
    "input_params": {
        "polymer_type": "Ring",
        "knot_type": "Trivial",
        "configuration": "input/init_config_Z/TrivialN64M8H20.00rho0.10.dat",
        "mu_b": 2.4836193435235585,
        "M": 8,
        "init_N": 64,
        "rho_b": 0.1,
        "box_xy": 16.0,
        "H": 20.0,
        "rcut": 1.0,
        "max_N": 640,
        "external_potential": "custom"
    },
    "simulation_params": {
        "EPS_TRANS": 0.05,
        "ROT_RATIO": 0.3,
        "K_MAX": 10,
        "sample_interval": 5,
        "sample_time": 40000,
        "sample_block": 4,
        "dz": 0.02
    },
    "Vext_params": {
        "potential_type": "custom",
        "An": [
            2.8454758799161164,
            0.7699489280524864,
            1.8515144415277787,
            -1.4220451899627278
        ],
        "phi_n": [
            3.3119267247169724,
            2.19850511546837,
            0.3180652656893045,
            3.149070664512958
        ],
        "Vlin_par": [
            [
                2.339995710936729,
                1.9485629908366293,
                2.0937108993633577,
                -1.1728018065595054
            ],
            [
                -2.0367163469933574,
                3.6943706254473336,
                0.9613281304038416,
                -0.2782296294689006
            ]
        ],
        "x_tar": [
            [
                13.038566646879667,
                11.565281508173623,
                6.468373972340822,
                7.880248953763454
            ],
            [
                14.59746466016121,
                19.374984088346352,
                17.952621536286287,
                14.451491779634186
            ]
        ],
        "C": 0.2
    },
    "output_params": {
        "output_dir": "output/OUT_config_0449_M8_Trivial_H20.0_mu2.48",
        "output_prefix": "mc_sim_Trivial_H20.0_mub2.48_M8"
    }
}