{
    "input_params": {
        "polymer_type": "Ring",
        "knot_type": "Trivial",
        "configuration": "input/init_config_Z/TrivialN64M8H20.00rho0.10.dat",
        "mu_b": 3.9372061272957097,
        "M": 8,
        "init_N": 64,
        "rho_b": 0.1,
        "box_xy": 16.0,
        "H": 20.0,
        "rcut": 1.0,
        "max_N": 640,
        "external_potential": "custom"
    },
    "simulation_params": {
        "EPS_TRANS": 0.05,
        "ROT_RATIO": 0.3,
        "K_MAX": 10,
        "sample_interval": 5,
        "sample_time": 40000,
        "sample_block": 4,
        "dz": 0.02
    },
    "Vext_params": {
        "potential_type": "custom",
        "An": [
            -1.046864974842653,
            -1.45950850781164,
            1.2638294635922331,
            -0.09831518159904677
        ],
        "phi_n": [
            0.7337779986342519,
            0.5285729476119126,
            2.783373137405379,
            1.376513209462265
        ],
        "Vlin_par": [
            [
                -4.340886951362025,
                -2.10404192749294,
                0.780626753026888,
                -0.7725951492145644
            ],
            [
                -1.8639782774553761,
                -4.6621735422172,
                4.28397846386742,
                2.5813237197822057
            ]
        ],
        "x_tar": [
            [
                0.22084446529743396,
                2.964025904051051,
                3.2446524971823143,
                5.740506489884101
            ],
            [
                4.42650374734132,
                12.156331099883936,
                6.929119054069077,
                14.289101598882656
            ]
        ],
        "C": 0.2
    },
    "output_params": {
        "output_dir": "output/OUT_config_0173_M8_Trivial_H20.0_mu3.94",
        "output_prefix": "mc_sim_Trivial_H20.0_mub3.94_M8"
    }
}