{
    "input_params": {
        "polymer_type": "Ring",
        "knot_type": "Trivial",
        "configuration": "input/init_config_Z/TrivialN64M8H20.00rho0.10.dat",
        "mu_b": 1.0047065328480649,
        "M": 8,
        "init_N": 64,
        "rho_b": 0.1,
        "box_xy": 16.0,
        "H": 20.0,
        "rcut": 1.0,
        "max_N": 640,
        "external_potential": "custom"
    },
    "simulation_params": {
        "EPS_TRANS": 0.05,
        "ROT_RATIO": 0.3,
        "K_MAX": 10,
        "sample_interval": 5,
        "sample_time": 40000,
        "sample_block": 4,
        "dz": 0.02
    },
    "Vext_params": {
        "potential_type": "custom",
        "An": [
            -0.5921216170523009,
            0.25368061200692144,
            2.2834372108382848,
            -3.116734317276623
        ],
        "phi_n": [
            3.701395587625754,
            3.5872436603575304,
            1.6891246041266845,
            4.897747073225949
        ],
        "Vlin_par": [
            [
                1.7018372795657857,
                0.5868365412527692,
                0.8899034642956933,
                4.628664406328225
            ],
            [
                0.9070525912440107,
                1.5407877245370891,
                -0.8227074326900159,
                -1.4444308382155138
            ]
        ],
        "x_tar": [
            [
                1.440560097141883,
                1.1589639607505653,
                4.277450759390666,
                0.02374591139608473
            ],
            [
                18.07101148728913,
                7.389879308992571,
                17.953514602476865,
                12.490892371260358
            ]
        ],
        "C": 0.2
    },
    "output_params": {
        "output_dir": "output/OUT_config_0565_M8_Trivial_H20.0_mu1.00",
        "output_prefix": "mc_sim_Trivial_H20.0_mub1.00_M8"
    }
}