{
    "input_params": {
        "polymer_type": "Ring",
        "knot_type": "Trivial",
        "configuration": "input/init_config_Z/TrivialN64M8H20.00rho0.10.dat",
        "mu_b": 1.8444654385079362,
        "M": 8,
        "init_N": 64,
        "rho_b": 0.1,
        "box_xy": 16.0,
        "H": 20.0,
        "rcut": 1.0,
        "max_N": 640,
        "external_potential": "custom"
    },
    "simulation_params": {
        "EPS_TRANS": 0.05,
        "ROT_RATIO": 0.3,
        "K_MAX": 10,
        "sample_interval": 5,
        "sample_time": 40000,
        "sample_block": 4,
        "dz": 0.02
    },
    "Vext_params": {
        "potential_type": "custom",
        "An": [
            -0.1361622851178114,
            0.5429758811344544,
            -1.1481460534796626,
            -1.469821368176336
        ],
        "phi_n": [
            3.355590526135275,
            0.8232353938389975,
            3.017679029175559,
            1.6000196655031673
        ],
        "Vlin_par": [
            [
                2.200552022236339,
                1.5094077695540595,
                0.08994846625206683,
                6.06686707990901
            ],
            [
                -1.6070077073467128,
                1.7074881685548262,
                2.599865528841261,
                -0.780502659560407
            ]
        ],
        "x_tar": [
            [
                1.8451592672526473,
                2.1685621412302436,
                0.13894724342678355,
                13.409316326828717
            ],
            [
                15.409386814681149,
                11.682988684533463,
                4.7919573644307345,
                15.931462814011843
            ]
        ],
        "C": 0.2
    },
    "output_params": {
        "output_dir": "output/OUT_config_0436_M8_Trivial_H20.0_mu1.84",
        "output_prefix": "mc_sim_Trivial_H20.0_mub1.84_M8"
    }
}