{
    "input_params": {
        "polymer_type": "Ring",
        "knot_type": "Trivial",
        "configuration": "input/init_config_Z/TrivialN64M8H20.00rho0.10.dat",
        "mu_b": 3.9871056402814036,
        "M": 8,
        "init_N": 64,
        "rho_b": 0.1,
        "box_xy": 16.0,
        "H": 20.0,
        "rcut": 1.0,
        "max_N": 640,
        "external_potential": "custom"
    },
    "simulation_params": {
        "EPS_TRANS": 0.05,
        "ROT_RATIO": 0.3,
        "K_MAX": 10,
        "sample_interval": 5,
        "sample_time": 40000,
        "sample_block": 4,
        "dz": 0.02
    },
    "Vext_params": {
        "potential_type": "custom",
        "An": [
            0.05387709919643613,
            0.40414895343465057,
            0.5134076963657613,
            0.5035047723781738
        ],
        "phi_n": [
            1.5717306208735178,
            1.347319510160426,
            2.31774611557972,
            3.734183719587587
        ],
        "Vlin_par": [
            [
                -0.6082159932064319,
                0.01968168220681642,
                0.9930302321601366,
                -0.0344023076821175
            ],
            [
                -1.2546280560124774,
                0.19620302880054902,
                -0.640558991556328,
                -0.7345978281012685
            ]
        ],
        "x_tar": [
            [
                1.5639261902854962,
                0.1596839681213913,
                10.839226995244731,
                7.671248248954692
            ],
            [
                10.481897453500459,
                6.130286682640063,
                14.844155161538966,
                11.70381996184636
            ]
        ],
        "C": 0.2
    },
    "output_params": {
        "output_dir": "output/OUT_config_0090_M8_Trivial_H20.0_mu3.99",
        "output_prefix": "mc_sim_Trivial_H20.0_mub3.99_M8"
    }
}