{
    "input_params": {
        "polymer_type": "Ring",
        "knot_type": "Trivial",
        "configuration": "input/init_config_Z/TrivialN64M8H20.00rho0.10.dat",
        "mu_b": 5.908524951811964,
        "M": 8,
        "init_N": 64,
        "rho_b": 0.1,
        "box_xy": 16.0,
        "H": 20.0,
        "rcut": 1.0,
        "max_N": 640,
        "external_potential": "custom"
    },
    "simulation_params": {
        "EPS_TRANS": 0.05,
        "ROT_RATIO": 0.3,
        "K_MAX": 10,
        "sample_interval": 5,
        "sample_time": 40000,
        "sample_block": 4,
        "dz": 0.02
    },
    "Vext_params": {
        "potential_type": "custom",
        "An": [
            -0.16820177494435457,
            0.3141369355393751,
            1.2877238771833468,
            0.817479999020984
        ],
        "phi_n": [
            2.175685235299045,
            2.6435923459032984,
            2.241672583120428,
            3.5192149543390925
        ],
        "Vlin_par": [
            [
                0.3854474411167337,
                -0.436714473993552,
                2.492261482615557,
                5.834366639424246
            ],
            [
                -1.7333531092911751,
                1.9982861993910657,
                0.3752717203709019,
                0.31949356555485847
            ]
        ],
        "x_tar": [
            [
                8.439266484974706,
                1.0647811702509657,
                2.0183928730466216,
                4.370699202149606
            ],
            [
                12.874256268585029,
                11.348153418472787,
                10.67009773087565,
                9.619532283244343
            ]
        ],
        "C": 0.2
    },
    "output_params": {
        "output_dir": "output/OUT_config_0426_M8_Trivial_H20.0_mu5.91",
        "output_prefix": "mc_sim_Trivial_H20.0_mub5.91_M8"
    }
}