{
    "input_params": {
        "polymer_type": "Ring",
        "knot_type": "Trivial",
        "configuration": "input/init_config_Z/TrivialN64M8H20.00rho0.10.dat",
        "mu_b": 0.6706069024721817,
        "M": 8,
        "init_N": 64,
        "rho_b": 0.1,
        "box_xy": 16.0,
        "H": 20.0,
        "rcut": 1.0,
        "max_N": 640,
        "external_potential": "custom"
    },
    "simulation_params": {
        "EPS_TRANS": 0.05,
        "ROT_RATIO": 0.3,
        "K_MAX": 10,
        "sample_interval": 5,
        "sample_time": 40000,
        "sample_block": 4,
        "dz": 0.02
    },
    "Vext_params": {
        "potential_type": "custom",
        "An": [
            1.1185048760553025,
            -2.2002814036052327,
            -1.1193956229165698,
            1.1188320857184244
        ],
        "phi_n": [
            1.669684437662019,
            2.402738257228655,
            4.683416759973217,
            3.6644878520235893
        ],
        "Vlin_par": [
            [
                0.2353933456575357,
                -0.5136400224104504,
                3.8437683764085606,
                3.339283524290012
            ],
            [
                -2.296340744427247,
                -1.5767302896940578,
                -0.4419887852836522,
                3.8483614184351644
            ]
        ],
        "x_tar": [
            [
                6.683749369651013,
                9.033857810831021,
                15.923637683583326,
                18.468921113659405
            ],
            [
                15.792693452503979,
                10.554161584570851,
                18.773355580843944,
                19.914772014100276
            ]
        ],
        "C": 0.2
    },
    "output_params": {
        "output_dir": "output/OUT_config_0290_M8_Trivial_H20.0_mu0.67",
        "output_prefix": "mc_sim_Trivial_H20.0_mub0.67_M8"
    }
}