{
    "input_params": {
        "polymer_type": "Ring",
        "knot_type": "Trivial",
        "configuration": "input/init_config_Z/TrivialN64M8H20.00rho0.10.dat",
        "mu_b": 3.3617580066636723,
        "M": 8,
        "init_N": 64,
        "rho_b": 0.1,
        "box_xy": 16.0,
        "H": 20.0,
        "rcut": 1.0,
        "max_N": 640,
        "external_potential": "custom"
    },
    "simulation_params": {
        "EPS_TRANS": 0.05,
        "ROT_RATIO": 0.3,
        "K_MAX": 10,
        "sample_interval": 5,
        "sample_time": 40000,
        "sample_block": 4,
        "dz": 0.02
    },
    "Vext_params": {
        "potential_type": "custom",
        "An": [
            1.6787063291729734,
            0.9714696338849281,
            -0.10859410091762824,
            -0.7875191672904046
        ],
        "phi_n": [
            3.6628159058338032,
            1.8872217148929629,
            4.475631156663866,
            6.092205149976305
        ],
        "Vlin_par": [
            [
                0.12643373099749552,
                1.591064436289486,
                0.38524780270895415,
                1.6308994953130125
            ],
            [
                4.387290389818042,
                0.29922885148258715,
                -0.5267531690965765,
                1.4487203360085645
            ]
        ],
        "x_tar": [
            [
                0.06828350255544624,
                9.692895301872122,
                3.697239178770495,
                7.114612997738538
            ],
            [
                16.88965467824382,
                16.311020061391414,
                4.960828192417523,
                18.48914576746022
            ]
        ],
        "C": 0.2
    },
    "output_params": {
        "output_dir": "output/OUT_config_0048_M8_Trivial_H20.0_mu3.36",
        "output_prefix": "mc_sim_Trivial_H20.0_mub3.36_M8"
    }
}