{
    "input_params": {
        "polymer_type": "Ring",
        "knot_type": "Trivial",
        "configuration": "input/init_config_Z/TrivialN64M8H20.00rho0.10.dat",
        "mu_b": 4.6579305433338885,
        "M": 8,
        "init_N": 64,
        "rho_b": 0.1,
        "box_xy": 16.0,
        "H": 20.0,
        "rcut": 1.0,
        "max_N": 640,
        "external_potential": "custom"
    },
    "simulation_params": {
        "EPS_TRANS": 0.05,
        "ROT_RATIO": 0.3,
        "K_MAX": 10,
        "sample_interval": 5,
        "sample_time": 40000,
        "sample_block": 4,
        "dz": 0.02
    },
    "Vext_params": {
        "potential_type": "custom",
        "An": [
            -2.528875850185436,
            1.778824535346697,
            -0.6600436463933911,
            -0.3800507172820581
        ],
        "phi_n": [
            3.7542843698906467,
            4.557858608981778,
            4.938583665676675,
            2.3070412690864495
        ],
        "Vlin_par": [
            [
                -2.5658225673476722,
                0.6781012059631958,
                1.8264388561966112,
                2.6994834262144365
            ],
            [
                1.0625160676356753,
                3.4895499619626347,
                -0.7224011489864584,
                -0.6553594633948177
            ]
        ],
        "x_tar": [
            [
                9.028473501127039,
                0.6695239101589023,
                11.11511210180228,
                6.886670929418425
            ],
            [
                15.99638389123372,
                3.6559050323037656,
                19.496079797514593,
                17.92010737660727
            ]
        ],
        "C": 0.2
    },
    "output_params": {
        "output_dir": "output/OUT_config_0203_M8_Trivial_H20.0_mu4.66",
        "output_prefix": "mc_sim_Trivial_H20.0_mub4.66_M8"
    }
}