{
    "input_params": {
        "polymer_type": "Ring",
        "knot_type": "Trivial",
        "configuration": "input/init_config_Z/TrivialN64M8H20.00rho0.10.dat",
        "mu_b": -0.716354159997841,
        "M": 8,
        "init_N": 64,
        "rho_b": 0.1,
        "box_xy": 16.0,
        "H": 20.0,
        "rcut": 1.0,
        "max_N": 640,
        "external_potential": "custom"
    },
    "simulation_params": {
        "EPS_TRANS": 0.05,
        "ROT_RATIO": 0.3,
        "K_MAX": 10,
        "sample_interval": 5,
        "sample_time": 40000,
        "sample_block": 4,
        "dz": 0.02
    },
    "Vext_params": {
        "potential_type": "custom",
        "An": [
            -0.3565416292109159,
            -0.08992583881521235,
            -2.1174345534863255,
            0.4188753866062655
        ],
        "phi_n": [
            2.6485561622951224,
            4.298691697980263,
            2.9403266082934345,
            2.7577438844302837
        ],
        "Vlin_par": [
            [
                0.174865767160314,
                -2.315426263089285,
                1.3175607259176658,
                -0.36525489563654817
            ],
            [
                -2.2456792469709126,
                -2.151991139600609,
                0.5557044416216794,
                -0.2875117317739584
            ]
        ],
        "x_tar": [
            [
                7.5502623914313975,
                1.5470861673859115,
                5.213099315021665,
                3.6095048274175623
            ],
            [
                16.568600845338402,
                3.0745793134436306,
                9.955347167102243,
                15.379617770999076
            ]
        ],
        "C": 0.2
    },
    "output_params": {
        "output_dir": "output/OUT_config_0118_M8_Trivial_H20.0_mu-0.72",
        "output_prefix": "mc_sim_Trivial_H20.0_mub-0.72_M8"
    }
}