{
    "input_params": {
        "polymer_type": "Ring",
        "knot_type": "Trivial",
        "configuration": "input/init_config_Z/TrivialN64M8H20.00rho0.10.dat",
        "mu_b": 3.8020404292806713,
        "M": 8,
        "init_N": 64,
        "rho_b": 0.1,
        "box_xy": 16.0,
        "H": 20.0,
        "rcut": 1.0,
        "max_N": 640,
        "external_potential": "custom"
    },
    "simulation_params": {
        "EPS_TRANS": 0.05,
        "ROT_RATIO": 0.3,
        "K_MAX": 10,
        "sample_interval": 5,
        "sample_time": 40000,
        "sample_block": 4,
        "dz": 0.02
    },
    "Vext_params": {
        "potential_type": "custom",
        "An": [
            0.25985557417642347,
            0.34797788318924583,
            -0.2963955045563697,
            -0.524678593258798
        ],
        "phi_n": [
            6.2440616159623,
            0.4938863068418796,
            6.068215211549607,
            1.5502358149888193
        ],
        "Vlin_par": [
            [
                0.04718895330195223,
                3.429053947539224,
                -0.10657320534920002,
                -5.349096197112723
            ],
            [
                -1.8652811709726298,
                -1.9806895294732694,
                0.8319555565179965,
                0.852706105569306
            ]
        ],
        "x_tar": [
            [
                9.207616755079076,
                8.74417725707692,
                6.802510578227629,
                12.038272351544517
            ],
            [
                17.228708722099228,
                14.597404355928568,
                10.897277242854173,
                13.577913328875821
            ]
        ],
        "C": 0.2
    },
    "output_params": {
        "output_dir": "output/OUT_config_0109_M8_Trivial_H20.0_mu3.80",
        "output_prefix": "mc_sim_Trivial_H20.0_mub3.80_M8"
    }
}