{
    "input_params": {
        "polymer_type": "Ring",
        "knot_type": "Trivial",
        "configuration": "input/init_config_Z/TrivialN64M8H20.00rho0.10.dat",
        "mu_b": 4.309907066882276,
        "M": 8,
        "init_N": 64,
        "rho_b": 0.1,
        "box_xy": 16.0,
        "H": 20.0,
        "rcut": 1.0,
        "max_N": 640,
        "external_potential": "custom"
    },
    "simulation_params": {
        "EPS_TRANS": 0.05,
        "ROT_RATIO": 0.3,
        "K_MAX": 10,
        "sample_interval": 5,
        "sample_time": 40000,
        "sample_block": 4,
        "dz": 0.02
    },
    "Vext_params": {
        "potential_type": "custom",
        "An": [
            -0.47091886061808796,
            -0.016320445379462947,
            -0.5332272916260166,
            -1.2828227965296675
        ],
        "phi_n": [
            1.959630889505455,
            3.860804962926225,
            4.957615569527246,
            1.7189639516523705
        ],
        "Vlin_par": [
            [
                -1.1382547262493143,
                1.092255174434615,
                -0.2949220404104902,
                -0.2621862097232618
            ],
            [
                0.6896600253459616,
                0.5084253098223724,
                1.9841217312690262,
                2.53737808754896
            ]
        ],
        "x_tar": [
            [
                3.366897929577748,
                10.30435794853915,
                5.587913739120474,
                2.1901673191359783
            ],
            [
                12.038027209219592,
                12.408467289317674,
                18.774124509397183,
                18.09008139953819
            ]
        ],
        "C": 0.2
    },
    "output_params": {
        "output_dir": "output/OUT_config_0491_M8_Trivial_H20.0_mu4.31",
        "output_prefix": "mc_sim_Trivial_H20.0_mub4.31_M8"
    }
}