{
    "input_params": {
        "polymer_type": "Ring",
        "knot_type": "Trivial",
        "configuration": "input/init_config_Z/TrivialN64M8H20.00rho0.10.dat",
        "mu_b": 4.327883189096856,
        "M": 8,
        "init_N": 64,
        "rho_b": 0.1,
        "box_xy": 16.0,
        "H": 20.0,
        "rcut": 1.0,
        "max_N": 640,
        "external_potential": "custom"
    },
    "simulation_params": {
        "EPS_TRANS": 0.05,
        "ROT_RATIO": 0.3,
        "K_MAX": 10,
        "sample_interval": 5,
        "sample_time": 40000,
        "sample_block": 4,
        "dz": 0.02
    },
    "Vext_params": {
        "potential_type": "custom",
        "An": [
            0.4932996125355659,
            -0.3914220394187694,
            0.4710734274493711,
            -1.5641358618932693
        ],
        "phi_n": [
            1.906394459939758,
            0.24120674538631467,
            1.0858643019714724,
            4.435131743273026
        ],
        "Vlin_par": [
            [
                -0.6943440590121973,
                0.1848385141257211,
                0.4142429538082669,
                3.3224468265788345
            ],
            [
                -2.334843521901821,
                3.081749416979654,
                -0.682081002109517,
                -1.9788534191441212
            ]
        ],
        "x_tar": [
            [
                10.710863928501595,
                1.5581475088468832,
                4.51730911801188,
                0.5870176897636936
            ],
            [
                13.427780198555121,
                2.4848301835068476,
                18.506230013753612,
                12.871280906588211
            ]
        ],
        "C": 0.2
    },
    "output_params": {
        "output_dir": "output/OUT_config_0490_M8_Trivial_H20.0_mu4.33",
        "output_prefix": "mc_sim_Trivial_H20.0_mub4.33_M8"
    }
}