{
    "input_params": {
        "polymer_type": "Ring",
        "knot_type": "Trivial",
        "configuration": "input/init_config_Z/TrivialN64M8H20.00rho0.10.dat",
        "mu_b": 0.9348116501671502,
        "M": 8,
        "init_N": 64,
        "rho_b": 0.1,
        "box_xy": 16.0,
        "H": 20.0,
        "rcut": 1.0,
        "max_N": 640,
        "external_potential": "custom"
    },
    "simulation_params": {
        "EPS_TRANS": 0.05,
        "ROT_RATIO": 0.3,
        "K_MAX": 10,
        "sample_interval": 5,
        "sample_time": 40000,
        "sample_block": 4,
        "dz": 0.02
    },
    "Vext_params": {
        "potential_type": "custom",
        "An": [
            2.2702472110231144,
            -1.1632013001825212,
            -3.9543690366898456,
            0.9797530048248557
        ],
        "phi_n": [
            4.986284254080461,
            6.183136229036381,
            0.44335143351512707,
            2.550171300979899
        ],
        "Vlin_par": [
            [
                -0.805495516470479,
                2.397775554976652,
                1.3134647433091355,
                -2.236234125966538
            ],
            [
                -1.3007110734231937,
                1.7937244768985354,
                0.09087422833027795,
                -0.6259166212936823
            ]
        ],
        "x_tar": [
            [
                3.9672387647760288,
                6.196804520010996,
                9.065265477888255,
                6.6523575685418805
            ],
            [
                12.373312432277393,
                17.486909825333036,
                12.097398143951231,
                16.92539919663038
            ]
        ],
        "C": 0.2
    },
    "output_params": {
        "output_dir": "output/OUT_config_0397_M8_Trivial_H20.0_mu0.93",
        "output_prefix": "mc_sim_Trivial_H20.0_mub0.93_M8"
    }
}