{
    "input_params": {
        "polymer_type": "Ring",
        "knot_type": "Trivial",
        "configuration": "input/init_config_Z/TrivialN64M8H20.00rho0.10.dat",
        "mu_b": 0.1844278592284403,
        "M": 8,
        "init_N": 64,
        "rho_b": 0.1,
        "box_xy": 16.0,
        "H": 20.0,
        "rcut": 1.0,
        "max_N": 640,
        "external_potential": "custom"
    },
    "simulation_params": {
        "EPS_TRANS": 0.05,
        "ROT_RATIO": 0.3,
        "K_MAX": 10,
        "sample_interval": 5,
        "sample_time": 40000,
        "sample_block": 4,
        "dz": 0.02
    },
    "Vext_params": {
        "potential_type": "custom",
        "An": [
            0.24852339801823403,
            1.4126762182080215,
            0.7490388778080669,
            0.332677386663096
        ],
        "phi_n": [
            2.9097338953835927,
            5.41112307384719,
            5.573203217663861,
            4.823699402095724
        ],
        "Vlin_par": [
            [
                0.6292611729649621,
                1.616459082852993,
                -1.5187171512207924,
                3.162733122732001
            ],
            [
                0.3578563517666012,
                0.32851031548035275,
                1.2435407650297319,
                1.8473861301704397
            ]
        ],
        "x_tar": [
            [
                10.916006691980169,
                3.4294539214013597,
                2.062260830166216,
                17.002582091380628
            ],
            [
                13.971290338655741,
                4.776480058318144,
                5.716246726869089,
                19.35879033595147
            ]
        ],
        "C": 0.2
    },
    "output_params": {
        "output_dir": "output/OUT_config_0300_M8_Trivial_H20.0_mu0.18",
        "output_prefix": "mc_sim_Trivial_H20.0_mub0.18_M8"
    }
}