{
    "input_params": {
        "polymer_type": "Ring",
        "knot_type": "Trivial",
        "configuration": "input/init_config_Z/TrivialN64M8H20.00rho0.10.dat",
        "mu_b": 2.5942028091726983,
        "M": 8,
        "init_N": 64,
        "rho_b": 0.1,
        "box_xy": 16.0,
        "H": 20.0,
        "rcut": 1.0,
        "max_N": 640,
        "external_potential": "custom"
    },
    "simulation_params": {
        "EPS_TRANS": 0.05,
        "ROT_RATIO": 0.3,
        "K_MAX": 10,
        "sample_interval": 5,
        "sample_time": 40000,
        "sample_block": 4,
        "dz": 0.02
    },
    "Vext_params": {
        "potential_type": "custom",
        "An": [
            -1.1011924453659425,
            0.7700592397147126,
            -1.7384869281274073,
            -1.249361017494928
        ],
        "phi_n": [
            3.128286421613115,
            0.9817188212528569,
            0.8162295714710182,
            2.969781863703087
        ],
        "Vlin_par": [
            [
                -1.6891141384335135,
                -1.8704415750359615,
                0.02401283720551044,
                -1.2641047337634503
            ],
            [
                1.6560305271496398,
                0.22746859121538338,
                4.280468333451842,
                -1.5528907065981667
            ]
        ],
        "x_tar": [
            [
                0.6796747534125247,
                8.053802064815159,
                6.504660771195477,
                9.453013743994607
            ],
            [
                12.103181734840078,
                17.015412050376128,
                19.40302977922364,
                12.232501512921313
            ]
        ],
        "C": 0.2
    },
    "output_params": {
        "output_dir": "output/OUT_config_0363_M8_Trivial_H20.0_mu2.59",
        "output_prefix": "mc_sim_Trivial_H20.0_mub2.59_M8"
    }
}