{
    "input_params": {
        "polymer_type": "Ring",
        "knot_type": "Trivial",
        "configuration": "input/init_config_Z/TrivialN64M8H20.00rho0.10.dat",
        "mu_b": 4.192026606152887,
        "M": 8,
        "init_N": 64,
        "rho_b": 0.1,
        "box_xy": 16.0,
        "H": 20.0,
        "rcut": 1.0,
        "max_N": 640,
        "external_potential": "custom"
    },
    "simulation_params": {
        "EPS_TRANS": 0.05,
        "ROT_RATIO": 0.3,
        "K_MAX": 10,
        "sample_interval": 5,
        "sample_time": 40000,
        "sample_block": 4,
        "dz": 0.02
    },
    "Vext_params": {
        "potential_type": "custom",
        "An": [
            1.9665734992745547,
            -0.4454767446951116,
            1.957275833032975,
            -0.8436728424702529
        ],
        "phi_n": [
            1.4561838145132906,
            1.2908624610692918,
            0.7496820906584413,
            6.157221494225964
        ],
        "Vlin_par": [
            [
                -0.29521560591061297,
                -3.5527611008361677,
                2.338959673483546,
                -1.028636788303881
            ],
            [
                0.033615383392938805,
                1.210798737712924,
                -1.1652563892071377,
                0.021781314432846154
            ]
        ],
        "x_tar": [
            [
                8.641453598015456,
                10.38580320153452,
                10.330032820278383,
                7.611026156213412
            ],
            [
                10.792646685825888,
                17.302890773849423,
                15.011028333920354,
                9.466088016967282
            ]
        ],
        "C": 0.2
    },
    "output_params": {
        "output_dir": "output/OUT_config_0190_M8_Trivial_H20.0_mu4.19",
        "output_prefix": "mc_sim_Trivial_H20.0_mub4.19_M8"
    }
}