{
    "input_params": {
        "polymer_type": "Ring",
        "knot_type": "Trivial",
        "configuration": "input/init_config_Z/TrivialN64M8H20.00rho0.10.dat",
        "mu_b": 3.5381950145634278,
        "M": 8,
        "init_N": 64,
        "rho_b": 0.1,
        "box_xy": 16.0,
        "H": 20.0,
        "rcut": 1.0,
        "max_N": 640,
        "external_potential": "custom"
    },
    "simulation_params": {
        "EPS_TRANS": 0.05,
        "ROT_RATIO": 0.3,
        "K_MAX": 10,
        "sample_interval": 5,
        "sample_time": 40000,
        "sample_block": 4,
        "dz": 0.02
    },
    "Vext_params": {
        "potential_type": "custom",
        "An": [
            1.0171554421353048,
            -3.2494230374259274,
            -1.945373546402453,
            0.34443024854145365
        ],
        "phi_n": [
            4.559559250361913,
            2.689434200309238,
            3.250529859721663,
            3.188079968267817
        ],
        "Vlin_par": [
            [
                2.0943641831716255,
                0.12825851009689718,
                -0.818837030811291,
                0.39690689361701
            ],
            [
                2.9462105986737495,
                1.6598219602854072,
                -0.35636828760308115,
                3.8569839190049082
            ]
        ],
        "x_tar": [
            [
                17.56935299109816,
                8.280273384647748,
                0.07543462846901994,
                3.878191341557078
            ],
            [
                18.134139737003004,
                15.411644162711973,
                10.359128168005522,
                12.623682119099913
            ]
        ],
        "C": 0.2
    },
    "output_params": {
        "output_dir": "output/OUT_config_0421_M8_Trivial_H20.0_mu3.54",
        "output_prefix": "mc_sim_Trivial_H20.0_mub3.54_M8"
    }
}