{
    "input_params": {
        "polymer_type": "Ring",
        "knot_type": "Trivial",
        "configuration": "input/init_config_Z/TrivialN64M8H20.00rho0.10.dat",
        "mu_b": 0.02090499794634071,
        "M": 8,
        "init_N": 64,
        "rho_b": 0.1,
        "box_xy": 16.0,
        "H": 20.0,
        "rcut": 1.0,
        "max_N": 640,
        "external_potential": "custom"
    },
    "simulation_params": {
        "EPS_TRANS": 0.05,
        "ROT_RATIO": 0.3,
        "K_MAX": 10,
        "sample_interval": 5,
        "sample_time": 40000,
        "sample_block": 4,
        "dz": 0.02
    },
    "Vext_params": {
        "potential_type": "custom",
        "An": [
            1.197327042340602,
            -0.03740821204486637,
            0.2090372699705757,
            -2.7504169805573193
        ],
        "phi_n": [
            2.420582265278989,
            2.499307284256122,
            0.1814840443147733,
            0.43523409360149395
        ],
        "Vlin_par": [
            [
                3.151923980246739,
                -1.1548984568998395,
                -1.1875144441384253,
                -1.3646323898697035
            ],
            [
                -1.0790420966567502,
                0.06142273367572533,
                -0.8272635097398636,
                -0.3714420327385342
            ]
        ],
        "x_tar": [
            [
                4.276225936957092,
                17.341709532527823,
                9.545928331342656,
                6.929556942126174
            ],
            [
                4.714153951648394,
                17.471634503896205,
                13.249677237106676,
                10.619959788362173
            ]
        ],
        "C": 0.2
    },
    "output_params": {
        "output_dir": "output/OUT_config_0495_M8_Trivial_H20.0_mu0.02",
        "output_prefix": "mc_sim_Trivial_H20.0_mub0.02_M8"
    }
}