{
    "input_params": {
        "polymer_type": "Ring",
        "knot_type": "Trivial",
        "configuration": "input/init_config_Z/TrivialN64M8H20.00rho0.10.dat",
        "mu_b": 3.730533512932759,
        "M": 8,
        "init_N": 64,
        "rho_b": 0.1,
        "box_xy": 16.0,
        "H": 20.0,
        "rcut": 1.0,
        "max_N": 640,
        "external_potential": "custom"
    },
    "simulation_params": {
        "EPS_TRANS": 0.05,
        "ROT_RATIO": 0.3,
        "K_MAX": 10,
        "sample_interval": 5,
        "sample_time": 40000,
        "sample_block": 4,
        "dz": 0.02
    },
    "Vext_params": {
        "potential_type": "custom",
        "An": [
            -3.5083526169124637,
            -1.218001781624733,
            -1.1531000004403955,
            2.0158922784603424
        ],
        "phi_n": [
            4.4181388304873845,
            3.6766275461588456,
            3.3093331852102903,
            5.703692226516965
        ],
        "Vlin_par": [
            [
                -0.5942096419504349,
                2.2409036430891756,
                -2.2180140343330175,
                -0.28928043554443417
            ],
            [
                2.4643378771547226,
                -0.19343384034728317,
                1.8770430810377368,
                -0.1621393689082709
            ]
        ],
        "x_tar": [
            [
                2.0916279559102535,
                4.60038731732797,
                7.5477057993232926,
                3.4507833700501167
            ],
            [
                5.735969669863881,
                12.950261309324775,
                13.623276266821701,
                7.593201327830519
            ]
        ],
        "C": 0.2
    },
    "output_params": {
        "output_dir": "output/OUT_config_0078_M8_Trivial_H20.0_mu3.73",
        "output_prefix": "mc_sim_Trivial_H20.0_mub3.73_M8"
    }
}