{
    "input_params": {
        "polymer_type": "Ring",
        "knot_type": "Trivial",
        "configuration": "input/init_config_Z/TrivialN64M8H20.00rho0.10.dat",
        "mu_b": 4.579476889174531,
        "M": 8,
        "init_N": 64,
        "rho_b": 0.1,
        "box_xy": 16.0,
        "H": 20.0,
        "rcut": 1.0,
        "max_N": 640,
        "external_potential": "custom"
    },
    "simulation_params": {
        "EPS_TRANS": 0.05,
        "ROT_RATIO": 0.3,
        "K_MAX": 10,
        "sample_interval": 5,
        "sample_time": 40000,
        "sample_block": 4,
        "dz": 0.02
    },
    "Vext_params": {
        "potential_type": "custom",
        "An": [
            1.4802138409386987,
            1.2012932471536932,
            -0.7036523750081612,
            -2.9558346991762825
        ],
        "phi_n": [
            2.255349516389795,
            3.348978730405893,
            5.682011493345589,
            5.112429936774829
        ],
        "Vlin_par": [
            [
                0.7153717309794307,
                -1.1715769060782228,
                -1.992509230563752,
                -0.7153350244943228
            ],
            [
                3.8005415833226763,
                -1.9410093770939354,
                -2.159412417458402,
                -1.8131460810157112
            ]
        ],
        "x_tar": [
            [
                6.650519876379912,
                10.389663291304254,
                3.8621407354436887,
                3.9298411805152034
            ],
            [
                15.50235123732069,
                19.2970684481878,
                11.442472467685826,
                19.038616214108607
            ]
        ],
        "C": 0.2
    },
    "output_params": {
        "output_dir": "output/OUT_config_0183_M8_Trivial_H20.0_mu4.58",
        "output_prefix": "mc_sim_Trivial_H20.0_mub4.58_M8"
    }
}