{
    "input_params": {
        "polymer_type": "Ring",
        "knot_type": "Trivial",
        "configuration": "input/init_config_Z/TrivialN64M8H20.00rho0.10.dat",
        "mu_b": -0.6416623033977216,
        "M": 8,
        "init_N": 64,
        "rho_b": 0.1,
        "box_xy": 16.0,
        "H": 20.0,
        "rcut": 1.0,
        "max_N": 640,
        "external_potential": "custom"
    },
    "simulation_params": {
        "EPS_TRANS": 0.05,
        "ROT_RATIO": 0.3,
        "K_MAX": 10,
        "sample_interval": 5,
        "sample_time": 40000,
        "sample_block": 4,
        "dz": 0.02
    },
    "Vext_params": {
        "potential_type": "custom",
        "An": [
            0.7748848507024751,
            2.597667623063226,
            2.3269833716436468,
            -0.29773353253486495
        ],
        "phi_n": [
            2.402554726879888,
            0.9712747574618449,
            1.1486802084796026,
            4.5129344110025045
        ],
        "Vlin_par": [
            [
                -0.2611489109733306,
                -0.7655868130701027,
                -1.6928909235573109,
                0.22513281234276314
            ],
            [
                0.7680908528089104,
                -1.8317593106440422,
                -3.992870873582252,
                -0.0728032816188178
            ]
        ],
        "x_tar": [
            [
                11.167003878139756,
                1.1761210635577002,
                3.8229854454457635,
                6.127929650656676
            ],
            [
                17.746706075137745,
                3.412165640216547,
                9.014569077838072,
                13.917635686367088
            ]
        ],
        "C": 0.2
    },
    "output_params": {
        "output_dir": "output/OUT_config_0035_M8_Trivial_H20.0_mu-0.64",
        "output_prefix": "mc_sim_Trivial_H20.0_mub-0.64_M8"
    }
}