{
    "input_params": {
        "polymer_type": "Ring",
        "knot_type": "Trivial",
        "configuration": "input/init_config_Z/TrivialN64M8H20.00rho0.10.dat",
        "mu_b": 5.5907923996493905,
        "M": 8,
        "init_N": 64,
        "rho_b": 0.1,
        "box_xy": 16.0,
        "H": 20.0,
        "rcut": 1.0,
        "max_N": 640,
        "external_potential": "custom"
    },
    "simulation_params": {
        "EPS_TRANS": 0.05,
        "ROT_RATIO": 0.3,
        "K_MAX": 10,
        "sample_interval": 5,
        "sample_time": 40000,
        "sample_block": 4,
        "dz": 0.02
    },
    "Vext_params": {
        "potential_type": "custom",
        "An": [
            -0.441760764181277,
            -0.6222611264598328,
            -1.3048220535501438,
            0.9157026678934735
        ],
        "phi_n": [
            1.9024023440994704,
            0.1115393213997422,
            1.1459718917844284,
            4.252823390645032
        ],
        "Vlin_par": [
            [
                -0.25953336396729393,
                -1.1084488607073035,
                -4.8528511985611775,
                1.6098161986910071
            ],
            [
                -2.8346048927692946,
                -2.9524691584730056,
                3.5690534318673492,
                0.25600452321888967
            ]
        ],
        "x_tar": [
            [
                6.02182083389561,
                3.258411857067076,
                16.367432419685734,
                1.9339291742955123
            ],
            [
                7.6597808788153525,
                12.641864902264874,
                18.71401062722348,
                3.5786367683621334
            ]
        ],
        "C": 0.2
    },
    "output_params": {
        "output_dir": "output/OUT_config_0266_M8_Trivial_H20.0_mu5.59",
        "output_prefix": "mc_sim_Trivial_H20.0_mub5.59_M8"
    }
}