{
    "input_params": {
        "polymer_type": "Ring",
        "knot_type": "Trivial",
        "configuration": "input/init_config_Z/TrivialN64M8H20.00rho0.10.dat",
        "mu_b": -0.006610961014046568,
        "M": 8,
        "init_N": 64,
        "rho_b": 0.1,
        "box_xy": 16.0,
        "H": 20.0,
        "rcut": 1.0,
        "max_N": 640,
        "external_potential": "custom"
    },
    "simulation_params": {
        "EPS_TRANS": 0.05,
        "ROT_RATIO": 0.3,
        "K_MAX": 10,
        "sample_interval": 5,
        "sample_time": 40000,
        "sample_block": 4,
        "dz": 0.02
    },
    "Vext_params": {
        "potential_type": "custom",
        "An": [
            1.9751470814083751,
            -3.467528057074702,
            0.3091561889145638,
            -0.7877108802545559
        ],
        "phi_n": [
            1.5867046430313012,
            2.367302384787692,
            2.1033324682441212,
            2.6930663824287775
        ],
        "Vlin_par": [
            [
                -1.7386037158434262,
                -0.8225753983589102,
                3.462094159513996,
                0.7072606222731406
            ],
            [
                4.716599506949109,
                -0.6754128668970769,
                -0.44436129618009906,
                1.8298275768773096
            ]
        ],
        "x_tar": [
            [
                7.633587850093453,
                4.165832949084669,
                4.238391915738415,
                11.299646488273236
            ],
            [
                10.713216461819004,
                12.04476164209071,
                10.948516785510451,
                12.86285820179974
            ]
        ],
        "C": 0.2
    },
    "output_params": {
        "output_dir": "output/OUT_config_0253_M8_Trivial_H20.0_mu-0.01",
        "output_prefix": "mc_sim_Trivial_H20.0_mub-0.01_M8"
    }
}