{
    "input_params": {
        "polymer_type": "Ring",
        "knot_type": "Trivial",
        "configuration": "input/init_config_Z/TrivialN64M8H20.00rho0.10.dat",
        "mu_b": 1.6995895324510193,
        "M": 8,
        "init_N": 64,
        "rho_b": 0.1,
        "box_xy": 16.0,
        "H": 20.0,
        "rcut": 1.0,
        "max_N": 640,
        "external_potential": "custom"
    },
    "simulation_params": {
        "EPS_TRANS": 0.05,
        "ROT_RATIO": 0.3,
        "K_MAX": 10,
        "sample_interval": 5,
        "sample_time": 40000,
        "sample_block": 4,
        "dz": 0.02
    },
    "Vext_params": {
        "potential_type": "custom",
        "An": [
            0.26246444848101835,
            -1.5124924299358926,
            -2.2006975037534096,
            2.6906221259521645
        ],
        "phi_n": [
            4.003137961779681,
            3.844785632022031,
            4.130344813016741,
            3.5565554995890145
        ],
        "Vlin_par": [
            [
                0.855483840770779,
                0.3173019045040856,
                -1.9165799628064617,
                -2.6361485129874653
            ],
            [
                -2.6096888674132654,
                1.1804600385165729,
                -1.0081062381990114,
                0.44221423439487495
            ]
        ],
        "x_tar": [
            [
                7.476665727140155,
                1.778439699974872,
                9.492010735435322,
                4.162726493919527
            ],
            [
                8.287782235465546,
                12.481810566539144,
                11.499352446849123,
                13.78573574470652
            ]
        ],
        "C": 0.2
    },
    "output_params": {
        "output_dir": "output/OUT_config_0370_M8_Trivial_H20.0_mu1.70",
        "output_prefix": "mc_sim_Trivial_H20.0_mub1.70_M8"
    }
}