{
    "input_params": {
        "polymer_type": "Ring",
        "knot_type": "Trivial",
        "configuration": "input/init_config_Z/TrivialN64M8H20.00rho0.10.dat",
        "mu_b": 2.486872220090331,
        "M": 8,
        "init_N": 64,
        "rho_b": 0.1,
        "box_xy": 16.0,
        "H": 20.0,
        "rcut": 1.0,
        "max_N": 640,
        "external_potential": "custom"
    },
    "simulation_params": {
        "EPS_TRANS": 0.05,
        "ROT_RATIO": 0.3,
        "K_MAX": 10,
        "sample_interval": 5,
        "sample_time": 40000,
        "sample_block": 4,
        "dz": 0.02
    },
    "Vext_params": {
        "potential_type": "custom",
        "An": [
            -1.3382186064339117,
            -1.9091031488647434,
            -0.6361434729899725,
            0.25295224333008465
        ],
        "phi_n": [
            4.835757126052126,
            4.169802529349778,
            0.4121169357943065,
            2.806374875721564
        ],
        "Vlin_par": [
            [
                1.9034803920871715,
                2.0301511383680775,
                0.6122046367892408,
                1.8783730508599403
            ],
            [
                -1.1347619372249722,
                0.8656052548984535,
                1.0742147669081406,
                2.8639573721274543
            ]
        ],
        "x_tar": [
            [
                1.862026375253274,
                0.4836741795224797,
                10.498558573662756,
                1.6344746849614067
            ],
            [
                10.125294264924925,
                16.55881775579834,
                11.459269411955088,
                16.750061684809786
            ]
        ],
        "C": 0.2
    },
    "output_params": {
        "output_dir": "output/OUT_config_0336_M8_Trivial_H20.0_mu2.49",
        "output_prefix": "mc_sim_Trivial_H20.0_mub2.49_M8"
    }
}