{
    "input_params": {
        "polymer_type": "Ring",
        "knot_type": "Trivial",
        "configuration": "input/init_config_Z/TrivialN64M8H20.00rho0.10.dat",
        "mu_b": 5.8395064021379435,
        "M": 8,
        "init_N": 64,
        "rho_b": 0.1,
        "box_xy": 16.0,
        "H": 20.0,
        "rcut": 1.0,
        "max_N": 640,
        "external_potential": "custom"
    },
    "simulation_params": {
        "EPS_TRANS": 0.05,
        "ROT_RATIO": 0.3,
        "K_MAX": 10,
        "sample_interval": 5,
        "sample_time": 40000,
        "sample_block": 4,
        "dz": 0.02
    },
    "Vext_params": {
        "potential_type": "custom",
        "An": [
            -0.8446139860975569,
            0.19979276164904053,
            0.4939019869553983,
            0.9243981737290243
        ],
        "phi_n": [
            0.011999177206313992,
            4.61119494326142,
            2.6613581611223105,
            5.179662887337042
        ],
        "Vlin_par": [
            [
                -3.0161494623869296,
                -0.4080741174345983,
                0.7083271448621408,
                -1.7105546287652333
            ],
            [
                0.6854914634523004,
                3.421236494462456,
                0.41302264582841025,
                -0.05130208719785717
            ]
        ],
        "x_tar": [
            [
                3.6394466306106943,
                12.918590607959304,
                12.746697256671629,
                4.833959575433163
            ],
            [
                15.197584386035741,
                14.630190128211243,
                16.615309287852234,
                17.741480969915674
            ]
        ],
        "C": 0.2
    },
    "output_params": {
        "output_dir": "output/OUT_config_0297_M8_Trivial_H20.0_mu5.84",
        "output_prefix": "mc_sim_Trivial_H20.0_mub5.84_M8"
    }
}