{
    "input_params": {
        "polymer_type": "Ring",
        "knot_type": "Trivial",
        "configuration": "input/init_config_Z/TrivialN64M8H20.00rho0.10.dat",
        "mu_b": 5.0130858457764065,
        "M": 8,
        "init_N": 64,
        "rho_b": 0.1,
        "box_xy": 16.0,
        "H": 20.0,
        "rcut": 1.0,
        "max_N": 640,
        "external_potential": "custom"
    },
    "simulation_params": {
        "EPS_TRANS": 0.05,
        "ROT_RATIO": 0.3,
        "K_MAX": 10,
        "sample_interval": 5,
        "sample_time": 40000,
        "sample_block": 4,
        "dz": 0.02
    },
    "Vext_params": {
        "potential_type": "custom",
        "An": [
            1.1562328538549416,
            1.3412187354995873,
            -0.21107066539170063,
            -0.016348386379533817
        ],
        "phi_n": [
            3.392697964184243,
            3.049141860307249,
            1.4259727120902903,
            3.7503399456321436
        ],
        "Vlin_par": [
            [
                1.777882895604418,
                -0.894037394870357,
                -0.5533074341140893,
                -0.1140129591355962
            ],
            [
                0.7956719697098135,
                2.0543911714896765,
                0.06386350120067671,
                1.5325070510207714
            ]
        ],
        "x_tar": [
            [
                4.390855283622077,
                8.260752102847155,
                6.51253768158192,
                1.7038062752706384
            ],
            [
                5.249613356302232,
                19.02861221751855,
                10.33928004952493,
                4.154166784541915
            ]
        ],
        "C": 0.2
    },
    "output_params": {
        "output_dir": "output/OUT_config_0255_M8_Trivial_H20.0_mu5.01",
        "output_prefix": "mc_sim_Trivial_H20.0_mub5.01_M8"
    }
}