{
    "input_params": {
        "polymer_type": "Ring",
        "knot_type": "Trivial",
        "configuration": "input/init_config_Z/TrivialN64M8H20.00rho0.10.dat",
        "mu_b": 1.5830084856446227,
        "M": 8,
        "init_N": 64,
        "rho_b": 0.1,
        "box_xy": 16.0,
        "H": 20.0,
        "rcut": 1.0,
        "max_N": 640,
        "external_potential": "custom"
    },
    "simulation_params": {
        "EPS_TRANS": 0.05,
        "ROT_RATIO": 0.3,
        "K_MAX": 10,
        "sample_interval": 5,
        "sample_time": 40000,
        "sample_block": 4,
        "dz": 0.02
    },
    "Vext_params": {
        "potential_type": "custom",
        "An": [
            -1.3312169979605948,
            -0.05356611595378931,
            0.08575552283502853,
            1.0188023445866503
        ],
        "phi_n": [
            1.5126413867024544,
            2.023134277469848,
            2.600094749361538,
            5.587952068533076
        ],
        "Vlin_par": [
            [
                0.7547411335388441,
                -0.8652630401855655,
                -3.093345953397019,
                1.0205068786164544
            ],
            [
                -0.3965125764074062,
                3.9011374123317797,
                -0.9653085704925572,
                -2.322321011112108
            ]
        ],
        "x_tar": [
            [
                1.984306136445313,
                5.908609849944155,
                8.903361153360912,
                0.7847415681874459
            ],
            [
                9.297527781029382,
                16.170281293889,
                13.626437151029583,
                2.8298278330222315
            ]
        ],
        "C": 0.2
    },
    "output_params": {
        "output_dir": "output/OUT_config_0189_M8_Trivial_H20.0_mu1.58",
        "output_prefix": "mc_sim_Trivial_H20.0_mub1.58_M8"
    }
}