{
    "input_params": {
        "polymer_type": "Ring",
        "knot_type": "Trivial",
        "configuration": "input/init_config_Z/TrivialN64M8H20.00rho0.10.dat",
        "mu_b": -0.44338280799175456,
        "M": 8,
        "init_N": 64,
        "rho_b": 0.1,
        "box_xy": 16.0,
        "H": 20.0,
        "rcut": 1.0,
        "max_N": 640,
        "external_potential": "custom"
    },
    "simulation_params": {
        "EPS_TRANS": 0.05,
        "ROT_RATIO": 0.3,
        "K_MAX": 10,
        "sample_interval": 5,
        "sample_time": 40000,
        "sample_block": 4,
        "dz": 0.02
    },
    "Vext_params": {
        "potential_type": "custom",
        "An": [
            -1.0540881930576678,
            2.1538499148062034,
            -0.17735839900942763,
            -0.157843612524284
        ],
        "phi_n": [
            2.5661073061549815,
            5.762958370206704,
            4.814051011833294,
            4.050257935226993
        ],
        "Vlin_par": [
            [
                -0.3942172348666692,
                -5.126996268953519,
                -3.2280512970065467,
                -1.3446819700930555
            ],
            [
                0.722346056189234,
                -1.0398282191964712,
                0.3436354180361197,
                -4.481228736648987
            ]
        ],
        "x_tar": [
            [
                5.899405735889609,
                0.6763534783416203,
                18.751189529472793,
                3.1638925832079834
            ],
            [
                7.323282788531658,
                14.984333461842972,
                19.70805261958632,
                8.769492930697371
            ]
        ],
        "C": 0.2
    },
    "output_params": {
        "output_dir": "output/OUT_config_0204_M8_Trivial_H20.0_mu-0.44",
        "output_prefix": "mc_sim_Trivial_H20.0_mub-0.44_M8"
    }
}