{
    "input_params": {
        "polymer_type": "Ring",
        "knot_type": "Trivial",
        "configuration": "input/init_config_Z/TrivialN64M8H20.00rho0.10.dat",
        "mu_b": 5.094057704066296,
        "M": 8,
        "init_N": 64,
        "rho_b": 0.1,
        "box_xy": 16.0,
        "H": 20.0,
        "rcut": 1.0,
        "max_N": 640,
        "external_potential": "custom"
    },
    "simulation_params": {
        "EPS_TRANS": 0.05,
        "ROT_RATIO": 0.3,
        "K_MAX": 10,
        "sample_interval": 5,
        "sample_time": 40000,
        "sample_block": 4,
        "dz": 0.02
    },
    "Vext_params": {
        "potential_type": "custom",
        "An": [
            -0.27366268841293995,
            -0.22094739135550784,
            -0.1619375581119957,
            2.3157605249507993
        ],
        "phi_n": [
            3.6771876999835023,
            1.8764435971753848,
            5.300503365283603,
            1.8634258992255495
        ],
        "Vlin_par": [
            [
                1.102214161521757,
                4.39942132954804,
                -4.992777362076778,
                -2.249354658533356
            ],
            [
                -0.09155810718602313,
                -1.8156798496396402,
                -1.700212714371544,
                -3.1597926541610315
            ]
        ],
        "x_tar": [
            [
                10.57257984092303,
                10.695635584527095,
                4.730851208052158,
                2.82332667845415
            ],
            [
                15.642463588871603,
                14.553269112169671,
                8.72282496927262,
                10.193762152279648
            ]
        ],
        "C": 0.2
    },
    "output_params": {
        "output_dir": "output/OUT_config_0398_M8_Trivial_H20.0_mu5.09",
        "output_prefix": "mc_sim_Trivial_H20.0_mub5.09_M8"
    }
}