{
    "input_params": {
        "polymer_type": "Ring",
        "knot_type": "Trivial",
        "configuration": "input/init_config_Z/TrivialN64M8H20.00rho0.10.dat",
        "mu_b": -0.06990890224218194,
        "M": 8,
        "init_N": 64,
        "rho_b": 0.1,
        "box_xy": 16.0,
        "H": 20.0,
        "rcut": 1.0,
        "max_N": 640,
        "external_potential": "custom"
    },
    "simulation_params": {
        "EPS_TRANS": 0.05,
        "ROT_RATIO": 0.3,
        "K_MAX": 10,
        "sample_interval": 5,
        "sample_time": 40000,
        "sample_block": 4,
        "dz": 0.02
    },
    "Vext_params": {
        "potential_type": "custom",
        "An": [
            2.0052708527557224,
            0.05674396716712383,
            -0.9687503192682995,
            -3.5871693651491956
        ],
        "phi_n": [
            5.072274246349324,
            5.494921938917643,
            4.56981624195794,
            3.389718357153292
        ],
        "Vlin_par": [
            [
                -3.4648085553126102,
                1.5327792776818432,
                -0.2906277699002442,
                0.8566299824037069
            ],
            [
                -1.4088905437205088,
                2.9985626656105624,
                -0.7715787501303377,
                0.5109599869019714
            ]
        ],
        "x_tar": [
            [
                9.046314732275,
                17.18106339392277,
                6.763256161834956,
                2.123779260941643
            ],
            [
                9.557259456260724,
                19.59492843573165,
                17.680260297559663,
                3.0680561005659723
            ]
        ],
        "C": 0.2
    },
    "output_params": {
        "output_dir": "output/OUT_config_0466_M8_Trivial_H20.0_mu-0.07",
        "output_prefix": "mc_sim_Trivial_H20.0_mub-0.07_M8"
    }
}