{
    "input_params": {
        "polymer_type": "Ring",
        "knot_type": "Trivial",
        "configuration": "input/init_config_Z/TrivialN64M8H20.00rho0.10.dat",
        "mu_b": 2.621865736475398,
        "M": 8,
        "init_N": 64,
        "rho_b": 0.1,
        "box_xy": 16.0,
        "H": 20.0,
        "rcut": 1.0,
        "max_N": 640,
        "external_potential": "custom"
    },
    "simulation_params": {
        "EPS_TRANS": 0.05,
        "ROT_RATIO": 0.3,
        "K_MAX": 10,
        "sample_interval": 5,
        "sample_time": 40000,
        "sample_block": 4,
        "dz": 0.02
    },
    "Vext_params": {
        "potential_type": "custom",
        "An": [
            -1.6928230234521386,
            1.9532403961735942,
            2.046897693611036,
            0.3105146832353705
        ],
        "phi_n": [
            4.648062067256647,
            3.9114076648501785,
            1.688097989302662,
            0.8388249538325108
        ],
        "Vlin_par": [
            [
                0.13637176346367286,
                3.8786227763180543,
                -0.12313952240429975,
                -2.5859342933797445
            ],
            [
                1.7034941561118497,
                -3.8625634498583516,
                0.4477909796680714,
                0.5353639757943905
            ]
        ],
        "x_tar": [
            [
                0.2553997561106436,
                1.9255845300538788,
                4.990396817849165,
                10.794848179036485
            ],
            [
                5.1833419541864885,
                14.86487263567119,
                7.231402358753682,
                17.59609540657301
            ]
        ],
        "C": 0.2
    },
    "output_params": {
        "output_dir": "output/OUT_config_0208_M8_Trivial_H20.0_mu2.62",
        "output_prefix": "mc_sim_Trivial_H20.0_mub2.62_M8"
    }
}