{
    "input_params": {
        "polymer_type": "Ring",
        "knot_type": "Trivial",
        "configuration": "input/init_config_Z/TrivialN64M8H20.00rho0.10.dat",
        "mu_b": 5.354694208877551,
        "M": 8,
        "init_N": 64,
        "rho_b": 0.1,
        "box_xy": 16.0,
        "H": 20.0,
        "rcut": 1.0,
        "max_N": 640,
        "external_potential": "custom"
    },
    "simulation_params": {
        "EPS_TRANS": 0.05,
        "ROT_RATIO": 0.3,
        "K_MAX": 10,
        "sample_interval": 5,
        "sample_time": 40000,
        "sample_block": 4,
        "dz": 0.02
    },
    "Vext_params": {
        "potential_type": "custom",
        "An": [
            -0.4622441560891512,
            -0.04105331496637043,
            -1.3317880141969156,
            -0.40692598310362965
        ],
        "phi_n": [
            4.997513905002417,
            4.313956991494758,
            4.314284769298081,
            2.1173167246254696
        ],
        "Vlin_par": [
            [
                -2.3982902401923263,
                0.17961699248939045,
                -0.47128034305143063,
                -0.5538524812609974
            ],
            [
                1.8296161769849848,
                -3.8106722058868088,
                -2.363915339908232,
                2.2000967215990492
            ]
        ],
        "x_tar": [
            [
                4.641311130748747,
                3.325424399616488,
                14.96213681629784,
                2.322405095192135
            ],
            [
                17.725225857698884,
                7.873079780768471,
                15.335809629249598,
                19.19966096505792
            ]
        ],
        "C": 0.2
    },
    "output_params": {
        "output_dir": "output/OUT_config_0030_M8_Trivial_H20.0_mu5.35",
        "output_prefix": "mc_sim_Trivial_H20.0_mub5.35_M8"
    }
}