{
    "input_params": {
        "polymer_type": "Ring",
        "knot_type": "Trivial",
        "configuration": "input/init_config_Z/TrivialN64M8H20.00rho0.10.dat",
        "mu_b": -0.6844364910076395,
        "M": 8,
        "init_N": 64,
        "rho_b": 0.1,
        "box_xy": 16.0,
        "H": 20.0,
        "rcut": 1.0,
        "max_N": 640,
        "external_potential": "custom"
    },
    "simulation_params": {
        "EPS_TRANS": 0.05,
        "ROT_RATIO": 0.3,
        "K_MAX": 10,
        "sample_interval": 5,
        "sample_time": 40000,
        "sample_block": 4,
        "dz": 0.02
    },
    "Vext_params": {
        "potential_type": "custom",
        "An": [
            1.105880776511568,
            1.8279227129764335,
            0.48235818555537013,
            1.257290347871849
        ],
        "phi_n": [
            1.511471323072538,
            3.577725327453894,
            0.8526387877181378,
            2.991644745798173
        ],
        "Vlin_par": [
            [
                -0.8633302241415318,
                2.495638564882162,
                1.7793546955052266,
                -2.4635810881333784
            ],
            [
                3.2324394138155665,
                -2.3781539282251383,
                -0.28112346630757246,
                -1.6621832878645355
            ]
        ],
        "x_tar": [
            [
                7.277266982858488,
                5.130915472763133,
                1.5659677739521105,
                7.111198374481109
            ],
            [
                15.853256478870822,
                5.732735910493101,
                10.967168322214349,
                11.728554149533162
            ]
        ],
        "C": 0.2
    },
    "output_params": {
        "output_dir": "output/OUT_config_0424_M8_Trivial_H20.0_mu-0.68",
        "output_prefix": "mc_sim_Trivial_H20.0_mub-0.68_M8"
    }
}