{
    "input_params": {
        "polymer_type": "Ring",
        "knot_type": "Trivial",
        "configuration": "input/init_config_Z/TrivialN64M8H20.00rho0.10.dat",
        "mu_b": 2.557114413318388,
        "M": 8,
        "init_N": 64,
        "rho_b": 0.1,
        "box_xy": 16.0,
        "H": 20.0,
        "rcut": 1.0,
        "max_N": 640,
        "external_potential": "custom"
    },
    "simulation_params": {
        "EPS_TRANS": 0.05,
        "ROT_RATIO": 0.3,
        "K_MAX": 10,
        "sample_interval": 5,
        "sample_time": 40000,
        "sample_block": 4,
        "dz": 0.02
    },
    "Vext_params": {
        "potential_type": "custom",
        "An": [
            -0.15977397142886718,
            -2.2514647247364112,
            0.06754649397287882,
            -1.7751235603774251
        ],
        "phi_n": [
            2.1658404756833005,
            4.674400247005222,
            4.1649689858257135,
            2.434960230019009
        ],
        "Vlin_par": [
            [
                2.806374842634374,
                2.7212272955889656,
                -3.234358496218463,
                2.582536917869307
            ],
            [
                1.2264762935606108,
                3.1835959039896546,
                -2.470333325886841,
                -0.23012655856512204
            ]
        ],
        "x_tar": [
            [
                3.3782742231712537,
                7.576072794378099,
                13.272065564757128,
                6.6905265790753425
            ],
            [
                16.39725603088512,
                16.912415387499195,
                16.135784779880538,
                17.348554028862793
            ]
        ],
        "C": 0.2
    },
    "output_params": {
        "output_dir": "output/OUT_config_0456_M8_Trivial_H20.0_mu2.56",
        "output_prefix": "mc_sim_Trivial_H20.0_mub2.56_M8"
    }
}