{
    "input_params": {
        "polymer_type": "Ring",
        "knot_type": "Trivial",
        "configuration": "input/init_config_Z/TrivialN64M8H20.00rho0.10.dat",
        "mu_b": 5.7963340490949875,
        "M": 8,
        "init_N": 64,
        "rho_b": 0.1,
        "box_xy": 16.0,
        "H": 20.0,
        "rcut": 1.0,
        "max_N": 640,
        "external_potential": "custom"
    },
    "simulation_params": {
        "EPS_TRANS": 0.05,
        "ROT_RATIO": 0.3,
        "K_MAX": 10,
        "sample_interval": 5,
        "sample_time": 40000,
        "sample_block": 4,
        "dz": 0.02
    },
    "Vext_params": {
        "potential_type": "custom",
        "An": [
            -0.5648692574232481,
            2.6279977524551783,
            -0.7074562635761823,
            0.3040218206451608
        ],
        "phi_n": [
            2.694810025081749,
            2.1476386904400937,
            0.8819346231834273,
            5.71957796791765
        ],
        "Vlin_par": [
            [
                -3.644598380100877,
                -0.6166597254379357,
                -1.2093356773163513,
                1.1947898338828526
            ],
            [
                -0.39400983804702155,
                -2.1551612847153403,
                4.94618245301319,
                1.700159604901509
            ]
        ],
        "x_tar": [
            [
                4.667353394315514,
                10.77369206748397,
                3.018860792930478,
                1.2530380332397084
            ],
            [
                16.886318439358256,
                11.52148345928613,
                6.372293016301138,
                18.608601018881508
            ]
        ],
        "C": 0.2
    },
    "output_params": {
        "output_dir": "output/OUT_config_0329_M8_Trivial_H20.0_mu5.80",
        "output_prefix": "mc_sim_Trivial_H20.0_mub5.80_M8"
    }
}