{
    "input_params": {
        "polymer_type": "Ring",
        "knot_type": "Trivial",
        "configuration": "input/init_config_Z/TrivialN64M8H20.00rho0.10.dat",
        "mu_b": 4.85971474546329,
        "M": 8,
        "init_N": 64,
        "rho_b": 0.1,
        "box_xy": 16.0,
        "H": 20.0,
        "rcut": 1.0,
        "max_N": 640,
        "external_potential": "custom"
    },
    "simulation_params": {
        "EPS_TRANS": 0.05,
        "ROT_RATIO": 0.3,
        "K_MAX": 10,
        "sample_interval": 5,
        "sample_time": 40000,
        "sample_block": 4,
        "dz": 0.02
    },
    "Vext_params": {
        "potential_type": "custom",
        "An": [
            -0.8993661692774407,
            0.8655909088470186,
            -2.3011953949910686,
            0.20360020786142605
        ],
        "phi_n": [
            1.8631273529622143,
            1.5565993140391114,
            3.4802023231072687,
            5.184950552125206
        ],
        "Vlin_par": [
            [
                -3.6555175226387826,
                2.3247544163281533,
                -1.08312430551498,
                -0.394523151802431
            ],
            [
                -0.17601729035547503,
                -1.6427905403206347,
                0.5264858456186272,
                -1.3819110422197565
            ]
        ],
        "x_tar": [
            [
                5.616424081836113,
                4.675816525482766,
                1.3613379798607506,
                3.320161523008296
            ],
            [
                18.166465753100773,
                11.084216866705477,
                1.3717296919966326,
                3.580725573563537
            ]
        ],
        "C": 0.2
    },
    "output_params": {
        "output_dir": "output/OUT_config_0387_M8_Trivial_H20.0_mu4.86",
        "output_prefix": "mc_sim_Trivial_H20.0_mub4.86_M8"
    }
}