{
    "input_params": {
        "polymer_type": "Ring",
        "knot_type": "Trivial",
        "configuration": "input/init_config_Z/TrivialN64M8H20.00rho0.10.dat",
        "mu_b": -0.7826998507017071,
        "M": 8,
        "init_N": 64,
        "rho_b": 0.1,
        "box_xy": 16.0,
        "H": 20.0,
        "rcut": 1.0,
        "max_N": 640,
        "external_potential": "custom"
    },
    "simulation_params": {
        "EPS_TRANS": 0.05,
        "ROT_RATIO": 0.3,
        "K_MAX": 10,
        "sample_interval": 5,
        "sample_time": 40000,
        "sample_block": 4,
        "dz": 0.02
    },
    "Vext_params": {
        "potential_type": "custom",
        "An": [
            0.05271553025885036,
            2.200848071268575,
            -0.031512607969273757,
            -0.1312307758286605
        ],
        "phi_n": [
            2.105745673328687,
            0.3855967686770296,
            2.792310216385916,
            6.253738143824399
        ],
        "Vlin_par": [
            [
                1.9432399303142536,
                -1.2265846796247328,
                -0.3633185212963899,
                -1.3210219033906905
            ],
            [
                1.4345697685200993,
                -0.697643939427154,
                1.5362533481235583,
                -0.24569997046257944
            ]
        ],
        "x_tar": [
            [
                4.79947140315681,
                11.824695419052114,
                12.10008520362199,
                17.98481959124464
            ],
            [
                11.453988060024937,
                12.144227650900266,
                15.708327325759246,
                18.693626906759565
            ]
        ],
        "C": 0.2
    },
    "output_params": {
        "output_dir": "output/OUT_config_0540_M8_Trivial_H20.0_mu-0.78",
        "output_prefix": "mc_sim_Trivial_H20.0_mub-0.78_M8"
    }
}