{
    "input_params": {
        "polymer_type": "Ring",
        "knot_type": "Trivial",
        "configuration": "input/init_config_Z/TrivialN64M8H20.00rho0.10.dat",
        "mu_b": 2.3489481929342526,
        "M": 8,
        "init_N": 64,
        "rho_b": 0.1,
        "box_xy": 16.0,
        "H": 20.0,
        "rcut": 1.0,
        "max_N": 640,
        "external_potential": "custom"
    },
    "simulation_params": {
        "EPS_TRANS": 0.05,
        "ROT_RATIO": 0.3,
        "K_MAX": 10,
        "sample_interval": 5,
        "sample_time": 40000,
        "sample_block": 4,
        "dz": 0.02
    },
    "Vext_params": {
        "potential_type": "custom",
        "An": [
            -2.60603447301917,
            0.3493112493843001,
            -1.099949499888191,
            -1.2329589665526013
        ],
        "phi_n": [
            0.7062759181030098,
            1.8142596756173237,
            3.1226249672878654,
            6.190990054686296
        ],
        "Vlin_par": [
            [
                -0.22453159935822542,
                -2.262742836284864,
                0.9067187778021216,
                0.9075990597178863
            ],
            [
                -1.1285771743280872,
                -1.5257511976566738,
                1.4869464531108516,
                -0.7035331189553955
            ]
        ],
        "x_tar": [
            [
                1.1866525377533255,
                1.142063524461332,
                14.63600098447756,
                3.9528241318855395
            ],
            [
                11.075946203098123,
                5.615449858904316,
                15.95710893370784,
                7.367630634105895
            ]
        ],
        "C": 0.2
    },
    "output_params": {
        "output_dir": "output/OUT_config_0342_M8_Trivial_H20.0_mu2.35",
        "output_prefix": "mc_sim_Trivial_H20.0_mub2.35_M8"
    }
}