{
    "input_params": {
        "polymer_type": "Ring",
        "knot_type": "Trivial",
        "configuration": "input/init_config_Z/TrivialN64M8H20.00rho0.10.dat",
        "mu_b": 4.423872493148083,
        "M": 8,
        "init_N": 64,
        "rho_b": 0.1,
        "box_xy": 16.0,
        "H": 20.0,
        "rcut": 1.0,
        "max_N": 640,
        "external_potential": "custom"
    },
    "simulation_params": {
        "EPS_TRANS": 0.05,
        "ROT_RATIO": 0.3,
        "K_MAX": 10,
        "sample_interval": 5,
        "sample_time": 40000,
        "sample_block": 4,
        "dz": 0.02
    },
    "Vext_params": {
        "potential_type": "custom",
        "An": [
            0.21422644680988365,
            -0.7209155070204247,
            -0.5731153662642913,
            -0.4010453764240476
        ],
        "phi_n": [
            6.281883905507714,
            0.27836646593680164,
            1.650150775131708,
            6.254681567873786
        ],
        "Vlin_par": [
            [
                0.08840748302411458,
                0.09779165869500031,
                0.5502801459600688,
                -3.097062064374998
            ],
            [
                1.0051960912951086,
                0.6517991036850419,
                -1.358082262183046,
                -4.98206533074991
            ]
        ],
        "x_tar": [
            [
                12.724230124550836,
                11.627674874994636,
                8.405646994708977,
                3.341522872050311
            ],
            [
                18.670922229963008,
                15.04971160289254,
                13.451875356856615,
                19.195897788349367
            ]
        ],
        "C": 0.2
    },
    "output_params": {
        "output_dir": "output/OUT_config_0125_M8_Trivial_H20.0_mu4.42",
        "output_prefix": "mc_sim_Trivial_H20.0_mub4.42_M8"
    }
}