{
    "input_params": {
        "polymer_type": "Ring",
        "knot_type": "Trivial",
        "configuration": "input/init_config_Z/TrivialN64M8H20.00rho0.10.dat",
        "mu_b": 1.8569137654314805,
        "M": 8,
        "init_N": 64,
        "rho_b": 0.1,
        "box_xy": 16.0,
        "H": 20.0,
        "rcut": 1.0,
        "max_N": 640,
        "external_potential": "custom"
    },
    "simulation_params": {
        "EPS_TRANS": 0.05,
        "ROT_RATIO": 0.3,
        "K_MAX": 10,
        "sample_interval": 5,
        "sample_time": 40000,
        "sample_block": 4,
        "dz": 0.02
    },
    "Vext_params": {
        "potential_type": "custom",
        "An": [
            0.7322450147576343,
            0.13133783614471148,
            0.7024847099774194,
            1.78307872108464
        ],
        "phi_n": [
            4.078844514169823,
            1.2278334443026395,
            4.037900687572819,
            2.627803588834378
        ],
        "Vlin_par": [
            [
                -2.835884270627179,
                -1.5194646504422604,
                -0.417845726041116,
                4.319167068094659
            ],
            [
                -0.387523888547512,
                0.8018074652599693,
                -1.7710029083994763,
                -2.4400707349322928
            ]
        ],
        "x_tar": [
            [
                0.1626939394246496,
                8.595673637748861,
                15.332367434122942,
                5.649293166913843
            ],
            [
                16.35057942159661,
                17.665380324087238,
                18.36255184883963,
                6.660682849815509
            ]
        ],
        "C": 0.2
    },
    "output_params": {
        "output_dir": "output/OUT_config_0091_M8_Trivial_H20.0_mu1.86",
        "output_prefix": "mc_sim_Trivial_H20.0_mub1.86_M8"
    }
}