{
    "input_params": {
        "polymer_type": "Ring",
        "knot_type": "Trivial",
        "configuration": "input/init_config_Z/TrivialN64M8H20.00rho0.10.dat",
        "mu_b": -0.7292080005182522,
        "M": 8,
        "init_N": 64,
        "rho_b": 0.1,
        "box_xy": 16.0,
        "H": 20.0,
        "rcut": 1.0,
        "max_N": 640,
        "external_potential": "custom"
    },
    "simulation_params": {
        "EPS_TRANS": 0.05,
        "ROT_RATIO": 0.3,
        "K_MAX": 10,
        "sample_interval": 5,
        "sample_time": 40000,
        "sample_block": 4,
        "dz": 0.02
    },
    "Vext_params": {
        "potential_type": "custom",
        "An": [
            1.5274409371366153,
            -0.44441989328620496,
            -0.7871624295485428,
            -2.4443123575895744
        ],
        "phi_n": [
            2.0650535513012755,
            2.1899527484880412,
            5.661238812584535,
            4.551606775509784
        ],
        "Vlin_par": [
            [
                -1.2415580680423182,
                -1.9252687954515393,
                -1.6214195028882912,
                -1.796372680751991
            ],
            [
                1.0871896488400734,
                -2.0614313460157603,
                2.223345619527445,
                0.7523117018491924
            ]
        ],
        "x_tar": [
            [
                0.15452388782088988,
                2.7448032667852584,
                6.1453267845496296,
                11.453229761169226
            ],
            [
                8.540907789612913,
                7.794991664025881,
                13.46420015161355,
                19.758194282762403
            ]
        ],
        "C": 0.2
    },
    "output_params": {
        "output_dir": "output/OUT_config_0475_M8_Trivial_H20.0_mu-0.73",
        "output_prefix": "mc_sim_Trivial_H20.0_mub-0.73_M8"
    }
}