{
    "input_params": {
        "polymer_type": "Ring",
        "knot_type": "Trivial",
        "configuration": "input/init_config_Z/TrivialN64M8H20.00rho0.10.dat",
        "mu_b": 5.324206569325225,
        "M": 8,
        "init_N": 64,
        "rho_b": 0.1,
        "box_xy": 16.0,
        "H": 20.0,
        "rcut": 1.0,
        "max_N": 640,
        "external_potential": "custom"
    },
    "simulation_params": {
        "EPS_TRANS": 0.05,
        "ROT_RATIO": 0.3,
        "K_MAX": 10,
        "sample_interval": 5,
        "sample_time": 40000,
        "sample_block": 4,
        "dz": 0.02
    },
    "Vext_params": {
        "potential_type": "custom",
        "An": [
            -0.6750505228844017,
            1.157784222873411,
            -1.0259791426029463,
            -1.4079898516930807
        ],
        "phi_n": [
            5.682917741542085,
            2.57298199241886,
            2.4541093281864925,
            0.8979671366116102
        ],
        "Vlin_par": [
            [
                3.3437203491567784,
                -2.18429496723118,
                3.2174361589764255,
                3.494005259784734
            ],
            [
                2.3631634411396525,
                0.2606364348813585,
                -2.6838530315646443,
                -1.299855565293227
            ]
        ],
        "x_tar": [
            [
                13.384366863213856,
                4.586777058469722,
                5.2872628455641335,
                11.861328030289464
            ],
            [
                19.180875680016246,
                5.389026379063669,
                15.781003372840999,
                15.487574553050791
            ]
        ],
        "C": 0.2
    },
    "output_params": {
        "output_dir": "output/OUT_config_0157_M8_Trivial_H20.0_mu5.32",
        "output_prefix": "mc_sim_Trivial_H20.0_mub5.32_M8"
    }
}