{
    "input_params": {
        "polymer_type": "Ring",
        "knot_type": "Trivial",
        "configuration": "input/init_config_Z/TrivialN64M8H20.00rho0.10.dat",
        "mu_b": 2.8812492044945968,
        "M": 8,
        "init_N": 64,
        "rho_b": 0.1,
        "box_xy": 16.0,
        "H": 20.0,
        "rcut": 1.0,
        "max_N": 640,
        "external_potential": "custom"
    },
    "simulation_params": {
        "EPS_TRANS": 0.05,
        "ROT_RATIO": 0.3,
        "K_MAX": 10,
        "sample_interval": 5,
        "sample_time": 40000,
        "sample_block": 4,
        "dz": 0.02
    },
    "Vext_params": {
        "potential_type": "custom",
        "An": [
            -1.1721907979141948,
            -1.294387021519345,
            -1.3876319891286568,
            4.681214208901849
        ],
        "phi_n": [
            6.17353754532378,
            2.3924352527356185,
            3.3320954813945316,
            0.3163489652166697
        ],
        "Vlin_par": [
            [
                1.139330185827365,
                0.14484519376377275,
                1.0088811594790903,
                2.6732759845898584
            ],
            [
                -3.1808823033658236,
                1.162308102303033,
                -1.2969134419809487,
                1.1611616091381782
            ]
        ],
        "x_tar": [
            [
                9.250766229044752,
                17.47353231490434,
                5.452747063816643,
                0.14031235349623028
            ],
            [
                16.102738784255205,
                18.68925168561807,
                16.457144826108344,
                5.618154219368292
            ]
        ],
        "C": 0.2
    },
    "output_params": {
        "output_dir": "output/OUT_config_0411_M8_Trivial_H20.0_mu2.88",
        "output_prefix": "mc_sim_Trivial_H20.0_mub2.88_M8"
    }
}