{
    "input_params": {
        "polymer_type": "Ring",
        "knot_type": "Trivial",
        "configuration": "input/init_config_Z/TrivialN64M8H20.00rho0.10.dat",
        "mu_b": 5.404429317890892,
        "M": 8,
        "init_N": 64,
        "rho_b": 0.1,
        "box_xy": 16.0,
        "H": 20.0,
        "rcut": 1.0,
        "max_N": 640,
        "external_potential": "custom"
    },
    "simulation_params": {
        "EPS_TRANS": 0.05,
        "ROT_RATIO": 0.3,
        "K_MAX": 10,
        "sample_interval": 5,
        "sample_time": 40000,
        "sample_block": 4,
        "dz": 0.02
    },
    "Vext_params": {
        "potential_type": "custom",
        "An": [
            2.456358081791658,
            1.6102623105098213,
            -1.1167708046360905,
            -4.010932086618817
        ],
        "phi_n": [
            2.6790367928478958,
            6.010487766306617,
            5.9570604173605295,
            1.032395457399235
        ],
        "Vlin_par": [
            [
                -0.8605015324070923,
                0.6973148691033243,
                -0.32374837270832785,
                2.9498373932373334
            ],
            [
                1.470923333099041,
                -2.4980380903371544,
                -0.766551910857309,
                0.14099649116246393
            ]
        ],
        "x_tar": [
            [
                12.1732699300293,
                6.982213809828406,
                12.76908054293868,
                4.178235746800771
            ],
            [
                17.268345115800635,
                8.833415677018476,
                19.476344281080934,
                4.8628520517369855
            ]
        ],
        "C": 0.2
    },
    "output_params": {
        "output_dir": "output/OUT_config_0529_M8_Trivial_H20.0_mu5.40",
        "output_prefix": "mc_sim_Trivial_H20.0_mub5.40_M8"
    }
}