{
    "input_params": {
        "polymer_type": "Ring",
        "knot_type": "Trivial",
        "configuration": "input/init_config_Z/TrivialN64M8H20.00rho0.10.dat",
        "mu_b": 4.741798304249224,
        "M": 8,
        "init_N": 64,
        "rho_b": 0.1,
        "box_xy": 16.0,
        "H": 20.0,
        "rcut": 1.0,
        "max_N": 640,
        "external_potential": "custom"
    },
    "simulation_params": {
        "EPS_TRANS": 0.05,
        "ROT_RATIO": 0.3,
        "K_MAX": 10,
        "sample_interval": 5,
        "sample_time": 40000,
        "sample_block": 4,
        "dz": 0.02
    },
    "Vext_params": {
        "potential_type": "custom",
        "An": [
            -2.8650779282530894,
            1.335018449102685,
            -1.647482385990338,
            3.033820779943376
        ],
        "phi_n": [
            3.5494983858012215,
            3.5083310000460153,
            5.353159308593965,
            0.3233817418015801
        ],
        "Vlin_par": [
            [
                3.007522545841877,
                -0.7757358831919242,
                -2.3873117036801847,
                -0.8922753054586311
            ],
            [
                1.5950648010320794,
                0.9739130339594121,
                1.0556440524654969,
                0.600613961878531
            ]
        ],
        "x_tar": [
            [
                9.541578536064684,
                0.3227301227789159,
                11.716315010064076,
                9.180443221649588
            ],
            [
                19.46478681492398,
                16.1547309492562,
                17.410341832679016,
                10.685253629377808
            ]
        ],
        "C": 0.2
    },
    "output_params": {
        "output_dir": "output/OUT_config_0365_M8_Trivial_H20.0_mu4.74",
        "output_prefix": "mc_sim_Trivial_H20.0_mub4.74_M8"
    }
}