{
    "input_params": {
        "polymer_type": "Ring",
        "knot_type": "Trivial",
        "configuration": "input/init_config_Z/TrivialN64M8H20.00rho0.10.dat",
        "mu_b": 1.2865505976403648,
        "M": 8,
        "init_N": 64,
        "rho_b": 0.1,
        "box_xy": 16.0,
        "H": 20.0,
        "rcut": 1.0,
        "max_N": 640,
        "external_potential": "custom"
    },
    "simulation_params": {
        "EPS_TRANS": 0.05,
        "ROT_RATIO": 0.3,
        "K_MAX": 10,
        "sample_interval": 5,
        "sample_time": 40000,
        "sample_block": 4,
        "dz": 0.02
    },
    "Vext_params": {
        "potential_type": "custom",
        "An": [
            2.3780068875846476,
            3.23946916810451,
            -0.5045060753075136,
            -0.6733375808366433
        ],
        "phi_n": [
            5.920998964827378,
            1.3416463529810168,
            4.448107379740759,
            4.153851437644736
        ],
        "Vlin_par": [
            [
                -1.0262801378384303,
                0.09777409251718056,
                1.2061807427351818,
                4.127988116411057
            ],
            [
                -2.0077083537066,
                0.1630249573848358,
                -2.1416778115748705,
                -1.21910681523221
            ]
        ],
        "x_tar": [
            [
                14.898631277193983,
                3.89043246853209,
                7.42124081495197,
                7.401442737401219
            ],
            [
                19.12642726598814,
                4.927033240748024,
                19.726876662218807,
                8.40268827897372
            ]
        ],
        "C": 0.2
    },
    "output_params": {
        "output_dir": "output/OUT_config_0480_M8_Trivial_H20.0_mu1.29",
        "output_prefix": "mc_sim_Trivial_H20.0_mub1.29_M8"
    }
}