{
    "input_params": {
        "polymer_type": "Ring",
        "knot_type": "Trivial",
        "configuration": "input/init_config_Z/TrivialN64M8H20.00rho0.10.dat",
        "mu_b": 5.112692351723571,
        "M": 8,
        "init_N": 64,
        "rho_b": 0.1,
        "box_xy": 16.0,
        "H": 20.0,
        "rcut": 1.0,
        "max_N": 640,
        "external_potential": "custom"
    },
    "simulation_params": {
        "EPS_TRANS": 0.05,
        "ROT_RATIO": 0.3,
        "K_MAX": 10,
        "sample_interval": 5,
        "sample_time": 40000,
        "sample_block": 4,
        "dz": 0.02
    },
    "Vext_params": {
        "potential_type": "custom",
        "An": [
            -3.0623264307202964,
            -1.8378430061811257,
            1.8635262977889087,
            -0.890719811437502
        ],
        "phi_n": [
            4.819918118138138,
            3.7398789577113387,
            1.87797949483476,
            5.196360964051499
        ],
        "Vlin_par": [
            [
                -1.5088844053947665,
                -0.16167500172853477,
                -0.25779177065843567,
                -1.0795738276547049
            ],
            [
                -0.08635181658370392,
                -0.41255218594906384,
                -0.7632311863749452,
                -0.5623571632258493
            ]
        ],
        "x_tar": [
            [
                0.3234431867311538,
                8.772303079459094,
                5.145228138230977,
                0.9541633928113358
            ],
            [
                2.4767500411056265,
                10.890572762798662,
                7.737070496898508,
                4.941598992853002
            ]
        ],
        "C": 0.2
    },
    "output_params": {
        "output_dir": "output/OUT_config_0126_M8_Trivial_H20.0_mu5.11",
        "output_prefix": "mc_sim_Trivial_H20.0_mub5.11_M8"
    }
}