{
    "input_params": {
        "polymer_type": "Ring",
        "knot_type": "Trivial",
        "configuration": "input/init_config_Z/TrivialN64M8H20.00rho0.10.dat",
        "mu_b": 1.9192324230696904,
        "M": 8,
        "init_N": 64,
        "rho_b": 0.1,
        "box_xy": 16.0,
        "H": 20.0,
        "rcut": 1.0,
        "max_N": 640,
        "external_potential": "custom"
    },
    "simulation_params": {
        "EPS_TRANS": 0.05,
        "ROT_RATIO": 0.3,
        "K_MAX": 10,
        "sample_interval": 5,
        "sample_time": 40000,
        "sample_block": 4,
        "dz": 0.02
    },
    "Vext_params": {
        "potential_type": "custom",
        "An": [
            -1.420979185795593,
            2.027690579910667,
            0.42273235396040115,
            1.545326359062856
        ],
        "phi_n": [
            5.69069111989568,
            2.836483185890623,
            4.376906426052079,
            6.039693422931921
        ],
        "Vlin_par": [
            [
                0.0557822850418236,
                -0.5828839989456785,
                -0.011684700737825007,
                3.2877552235156617
            ],
            [
                1.12624030980648,
                -0.992602930999494,
                1.6836910491560635,
                -2.4949924914756343
            ]
        ],
        "x_tar": [
            [
                11.414079266500838,
                14.335288045988019,
                4.850717260131323,
                8.977591119165425
            ],
            [
                14.367610114052818,
                15.636957861478715,
                5.289793974176408,
                19.406765913344145
            ]
        ],
        "C": 0.2
    },
    "output_params": {
        "output_dir": "output/OUT_config_0119_M8_Trivial_H20.0_mu1.92",
        "output_prefix": "mc_sim_Trivial_H20.0_mub1.92_M8"
    }
}