{
    "input_params": {
        "polymer_type": "Ring",
        "knot_type": "Trivial",
        "configuration": "input/init_config_Z/TrivialN64M8H20.00rho0.10.dat",
        "mu_b": 0.5732508096479374,
        "M": 8,
        "init_N": 64,
        "rho_b": 0.1,
        "box_xy": 16.0,
        "H": 20.0,
        "rcut": 1.0,
        "max_N": 640,
        "external_potential": "custom"
    },
    "simulation_params": {
        "EPS_TRANS": 0.05,
        "ROT_RATIO": 0.3,
        "K_MAX": 10,
        "sample_interval": 5,
        "sample_time": 40000,
        "sample_block": 4,
        "dz": 0.02
    },
    "Vext_params": {
        "potential_type": "custom",
        "An": [
            0.34871487363694514,
            0.96264282101602,
            -2.655986325676569,
            -1.4578754275965646
        ],
        "phi_n": [
            0.6803234617996005,
            4.007763659767541,
            2.4440656677941304,
            3.823210101133339
        ],
        "Vlin_par": [
            [
                -1.6283421363207715,
                2.7751827963490676,
                3.0584829778350353,
                4.529182956544642
            ],
            [
                -1.2563146563830832,
                -0.04447040731631489,
                -1.4766334325917514,
                0.2701351308801194
            ]
        ],
        "x_tar": [
            [
                11.060491419194122,
                9.558214137451294,
                3.98432569456435,
                14.283750678495151
            ],
            [
                15.162503695670269,
                16.524285498015566,
                9.901807168022716,
                19.80911239661493
            ]
        ],
        "C": 0.2
    },
    "output_params": {
        "output_dir": "output/OUT_config_0356_M8_Trivial_H20.0_mu0.57",
        "output_prefix": "mc_sim_Trivial_H20.0_mub0.57_M8"
    }
}