{
    "input_params": {
        "polymer_type": "Ring",
        "knot_type": "Trivial",
        "configuration": "input/init_config_Z/TrivialN64M8H20.00rho0.10.dat",
        "mu_b": -0.2817442054590481,
        "M": 8,
        "init_N": 64,
        "rho_b": 0.1,
        "box_xy": 16.0,
        "H": 20.0,
        "rcut": 1.0,
        "max_N": 640,
        "external_potential": "custom"
    },
    "simulation_params": {
        "EPS_TRANS": 0.05,
        "ROT_RATIO": 0.3,
        "K_MAX": 10,
        "sample_interval": 5,
        "sample_time": 40000,
        "sample_block": 4,
        "dz": 0.02
    },
    "Vext_params": {
        "potential_type": "custom",
        "An": [
            1.8161258923311683,
            0.8662439830636198,
            -0.3517730575563932,
            -0.5378632288184664
        ],
        "phi_n": [
            0.04025702648267213,
            5.171485183255883,
            4.033568884702091,
            0.5551931820478088
        ],
        "Vlin_par": [
            [
                0.07865424739598878,
                -0.1283456441542323,
                2.9197233454277525,
                -0.6942586100279741
            ],
            [
                1.722726226448227,
                -1.199299975512159,
                -1.7503038307723355,
                2.268324397264008
            ]
        ],
        "x_tar": [
            [
                9.009281706905618,
                12.562633215135941,
                1.1783266323404407,
                9.096793632724776
            ],
            [
                11.852979461958356,
                17.28076980704483,
                5.701761433676498,
                10.68655778754926
            ]
        ],
        "C": 0.2
    },
    "output_params": {
        "output_dir": "output/OUT_config_0521_M8_Trivial_H20.0_mu-0.28",
        "output_prefix": "mc_sim_Trivial_H20.0_mub-0.28_M8"
    }
}