{
    "input_params": {
        "polymer_type": "Ring",
        "knot_type": "Trivial",
        "configuration": "input/init_config_Z/TrivialN64M8H20.00rho0.10.dat",
        "mu_b": 3.0785626010446725,
        "M": 8,
        "init_N": 64,
        "rho_b": 0.1,
        "box_xy": 16.0,
        "H": 20.0,
        "rcut": 1.0,
        "max_N": 640,
        "external_potential": "custom"
    },
    "simulation_params": {
        "EPS_TRANS": 0.05,
        "ROT_RATIO": 0.3,
        "K_MAX": 10,
        "sample_interval": 5,
        "sample_time": 40000,
        "sample_block": 4,
        "dz": 0.02
    },
    "Vext_params": {
        "potential_type": "custom",
        "An": [
            0.402677640472517,
            -0.08346811348725576,
            1.5537392812165407,
            -0.6406653937187926
        ],
        "phi_n": [
            2.17601724861477,
            1.180292762394128,
            0.6105547235723552,
            1.907154165594056
        ],
        "Vlin_par": [
            [
                2.3812374270449035,
                -1.364634910778084,
                2.336533533084726,
                0.8276187924584342
            ],
            [
                0.6525994690926007,
                3.912255345061792,
                1.2245666041011856,
                -4.123204828939918
            ]
        ],
        "x_tar": [
            [
                1.2788083667939598,
                8.150704586606093,
                6.012037921212654,
                0.8542827170067002
            ],
            [
                13.676028676846377,
                17.047829961128976,
                11.061713398694415,
                10.30605325743165
            ]
        ],
        "C": 0.2
    },
    "output_params": {
        "output_dir": "output/OUT_config_0123_M8_Trivial_H20.0_mu3.08",
        "output_prefix": "mc_sim_Trivial_H20.0_mub3.08_M8"
    }
}