{
    "input_params": {
        "polymer_type": "Ring",
        "knot_type": "Trivial",
        "configuration": "input/init_config_Z/TrivialN64M8H20.00rho0.10.dat",
        "mu_b": 1.8231844817865053,
        "M": 8,
        "init_N": 64,
        "rho_b": 0.1,
        "box_xy": 16.0,
        "H": 20.0,
        "rcut": 1.0,
        "max_N": 640,
        "external_potential": "custom"
    },
    "simulation_params": {
        "EPS_TRANS": 0.05,
        "ROT_RATIO": 0.3,
        "K_MAX": 10,
        "sample_interval": 5,
        "sample_time": 40000,
        "sample_block": 4,
        "dz": 0.02
    },
    "Vext_params": {
        "potential_type": "custom",
        "An": [
            -3.398446285456755,
            -0.6741500306248969,
            0.10704493394668278,
            -0.20896790157695086
        ],
        "phi_n": [
            6.2629471325450154,
            2.664440470919796,
            2.4588658538961354,
            4.406273814562815
        ],
        "Vlin_par": [
            [
                -1.6935116311365364,
                -0.052735066649258866,
                -1.4806286447363615,
                -2.1695043216107237
            ],
            [
                2.325779589902447,
                1.1434538104187904,
                0.28427378136823,
                -1.5254034036595323
            ]
        ],
        "x_tar": [
            [
                12.986218689951787,
                8.834645629541146,
                1.0777333890488472,
                4.8908977032150736
            ],
            [
                18.708785948849254,
                19.659681446748994,
                3.1845247286248934,
                18.071586340376268
            ]
        ],
        "C": 0.2
    },
    "output_params": {
        "output_dir": "output/OUT_config_0016_M8_Trivial_H20.0_mu1.82",
        "output_prefix": "mc_sim_Trivial_H20.0_mub1.82_M8"
    }
}