{
    "input_params": {
        "polymer_type": "Ring",
        "knot_type": "Trivial",
        "configuration": "input/init_config_Z/TrivialN64M8H20.00rho0.10.dat",
        "mu_b": 0.9829401364539705,
        "M": 8,
        "init_N": 64,
        "rho_b": 0.1,
        "box_xy": 16.0,
        "H": 20.0,
        "rcut": 1.0,
        "max_N": 640,
        "external_potential": "custom"
    },
    "simulation_params": {
        "EPS_TRANS": 0.05,
        "ROT_RATIO": 0.3,
        "K_MAX": 10,
        "sample_interval": 5,
        "sample_time": 40000,
        "sample_block": 4,
        "dz": 0.02
    },
    "Vext_params": {
        "potential_type": "custom",
        "An": [
            -0.501751821385281,
            -4.296605903003467,
            -0.8351990762301655,
            -0.3737305176736414
        ],
        "phi_n": [
            1.3491722045913728,
            2.8594044089466975,
            6.246430903305489,
            2.7326650486475956
        ],
        "Vlin_par": [
            [
                -2.172667661139266,
                -0.2653088365743739,
                0.6918805468740541,
                -0.9304761798206166
            ],
            [
                0.8467683442110022,
                -0.8579466489028328,
                -3.639206658852345,
                -2.210762304994862
            ]
        ],
        "x_tar": [
            [
                6.033123369961826,
                3.37768782984861,
                0.15410437082916673,
                15.125788919270152
            ],
            [
                18.824123680633978,
                4.662360295239505,
                6.256336557178908,
                16.328592267000023
            ]
        ],
        "C": 0.2
    },
    "output_params": {
        "output_dir": "output/OUT_config_0303_M8_Trivial_H20.0_mu0.98",
        "output_prefix": "mc_sim_Trivial_H20.0_mub0.98_M8"
    }
}