{
    "input_params": {
        "polymer_type": "Ring",
        "knot_type": "Trivial",
        "configuration": "input/init_config_Z/TrivialN64M8H20.00rho0.10.dat",
        "mu_b": 2.0961761872772042,
        "M": 8,
        "init_N": 64,
        "rho_b": 0.1,
        "box_xy": 16.0,
        "H": 20.0,
        "rcut": 1.0,
        "max_N": 640,
        "external_potential": "custom"
    },
    "simulation_params": {
        "EPS_TRANS": 0.05,
        "ROT_RATIO": 0.3,
        "K_MAX": 10,
        "sample_interval": 5,
        "sample_time": 40000,
        "sample_block": 4,
        "dz": 0.02
    },
    "Vext_params": {
        "potential_type": "custom",
        "An": [
            -0.49584184536947357,
            -1.7844775870134002,
            -0.7416927666127526,
            2.050437499554275
        ],
        "phi_n": [
            1.019222978420513,
            4.0180983983623975,
            4.53772845015304,
            0.6592823297904097
        ],
        "Vlin_par": [
            [
                -1.7049416559804829,
                -1.9131582628567785,
                3.151140935464784,
                0.6974873747882252
            ],
            [
                -1.5222977746553157,
                -0.9809277183582467,
                -0.7407390575370509,
                2.5939533752356216
            ]
        ],
        "x_tar": [
            [
                5.089485902117983,
                13.27268290756357,
                10.174323712949969,
                5.491900152866669
            ],
            [
                9.791635971898556,
                17.695299225369087,
                16.28084508021587,
                15.478025577806228
            ]
        ],
        "C": 0.2
    },
    "output_params": {
        "output_dir": "output/OUT_config_0155_M8_Trivial_H20.0_mu2.10",
        "output_prefix": "mc_sim_Trivial_H20.0_mub2.10_M8"
    }
}