{
    "input_params": {
        "polymer_type": "Ring",
        "knot_type": "Trivial",
        "configuration": "input/init_config_Z/TrivialN64M8H20.00rho0.10.dat",
        "mu_b": -0.48976667057715784,
        "M": 8,
        "init_N": 64,
        "rho_b": 0.1,
        "box_xy": 16.0,
        "H": 20.0,
        "rcut": 1.0,
        "max_N": 640,
        "external_potential": "custom"
    },
    "simulation_params": {
        "EPS_TRANS": 0.05,
        "ROT_RATIO": 0.3,
        "K_MAX": 10,
        "sample_interval": 5,
        "sample_time": 40000,
        "sample_block": 4,
        "dz": 0.02
    },
    "Vext_params": {
        "potential_type": "custom",
        "An": [
            0.14326572562806164,
            1.687861525536458,
            1.7556080128424985,
            2.9044401197524845
        ],
        "phi_n": [
            4.203900162245471,
            0.02550819168176438,
            4.933309343546847,
            4.59978234907236
        ],
        "Vlin_par": [
            [
                0.09370378124417729,
                -1.7509361624944464,
                1.0194452792752422,
                1.8871114408524614
            ],
            [
                -2.3766560426860583,
                0.44344407211011333,
                2.5605038831217146,
                0.006876007017893578
            ]
        ],
        "x_tar": [
            [
                13.576788170458249,
                9.036010724898954,
                6.488200155652004,
                10.757051359633166
            ],
            [
                14.180736208255901,
                19.916211617346317,
                6.886633966641558,
                18.4978662903466
            ]
        ],
        "C": 0.2
    },
    "output_params": {
        "output_dir": "output/OUT_config_0256_M8_Trivial_H20.0_mu-0.49",
        "output_prefix": "mc_sim_Trivial_H20.0_mub-0.49_M8"
    }
}