{
    "input_params": {
        "polymer_type": "Ring",
        "knot_type": "Trivial",
        "configuration": "input/init_config_Z/TrivialN64M8H20.00rho0.10.dat",
        "mu_b": 0.8882443814754195,
        "M": 8,
        "init_N": 64,
        "rho_b": 0.1,
        "box_xy": 16.0,
        "H": 20.0,
        "rcut": 1.0,
        "max_N": 640,
        "external_potential": "custom"
    },
    "simulation_params": {
        "EPS_TRANS": 0.05,
        "ROT_RATIO": 0.3,
        "K_MAX": 10,
        "sample_interval": 5,
        "sample_time": 40000,
        "sample_block": 4,
        "dz": 0.02
    },
    "Vext_params": {
        "potential_type": "custom",
        "An": [
            1.979379307379663,
            0.5541324329926249,
            2.2778512734512355,
            0.7622037197163519
        ],
        "phi_n": [
            5.730459605783059,
            4.449675394168133,
            2.497109625691266,
            1.607610453567922
        ],
        "Vlin_par": [
            [
                -0.33805572427816744,
                3.005807864926272,
                -0.9622509120080803,
                -0.39068074407823394
            ],
            [
                3.1364988949831987,
                1.81235658726736,
                -4.596633487790255,
                -0.1790570790999616
            ]
        ],
        "x_tar": [
            [
                3.9026399402534495,
                11.050528791036951,
                5.2466594149530055,
                12.01862608184979
            ],
            [
                19.74294770604836,
                15.01867129426576,
                5.814225156598973,
                19.94498815610482
            ]
        ],
        "C": 0.2
    },
    "output_params": {
        "output_dir": "output/OUT_config_0351_M8_Trivial_H20.0_mu0.89",
        "output_prefix": "mc_sim_Trivial_H20.0_mub0.89_M8"
    }
}