{
    "input_params": {
        "polymer_type": "Ring",
        "knot_type": "Trivial",
        "configuration": "input/init_config_Z/TrivialN64M8H20.00rho0.10.dat",
        "mu_b": 5.177223962940765,
        "M": 8,
        "init_N": 64,
        "rho_b": 0.1,
        "box_xy": 16.0,
        "H": 20.0,
        "rcut": 1.0,
        "max_N": 640,
        "external_potential": "custom"
    },
    "simulation_params": {
        "EPS_TRANS": 0.05,
        "ROT_RATIO": 0.3,
        "K_MAX": 10,
        "sample_interval": 5,
        "sample_time": 40000,
        "sample_block": 4,
        "dz": 0.02
    },
    "Vext_params": {
        "potential_type": "custom",
        "An": [
            -0.181489604309559,
            -0.2690164246316473,
            0.6063484628004394,
            1.5293790336614732
        ],
        "phi_n": [
            5.4221981792509135,
            5.577085893849902,
            3.9086655567342565,
            1.1682390155281093
        ],
        "Vlin_par": [
            [
                -1.7330918614978772,
                1.244856265643264,
                -2.714136785376587,
                1.1818509119308072
            ],
            [
                1.9757194593803653,
                0.8151016052629249,
                1.50111526858234,
                0.7963262676441327
            ]
        ],
        "x_tar": [
            [
                0.5371549650610041,
                9.381089856321278,
                17.169540303179975,
                12.039046670307394
            ],
            [
                0.5394663305564396,
                15.187615023207064,
                19.254411535656025,
                15.982274333089721
            ]
        ],
        "C": 0.2
    },
    "output_params": {
        "output_dir": "output/OUT_config_0595_M8_Trivial_H20.0_mu5.18",
        "output_prefix": "mc_sim_Trivial_H20.0_mub5.18_M8"
    }
}