{
    "input_params": {
        "polymer_type": "Ring",
        "knot_type": "Trivial",
        "configuration": "input/init_config_Z/TrivialN64M8H20.00rho0.10.dat",
        "mu_b": 2.6835066691635037,
        "M": 8,
        "init_N": 64,
        "rho_b": 0.1,
        "box_xy": 16.0,
        "H": 20.0,
        "rcut": 1.0,
        "max_N": 640,
        "external_potential": "custom"
    },
    "simulation_params": {
        "EPS_TRANS": 0.05,
        "ROT_RATIO": 0.3,
        "K_MAX": 10,
        "sample_interval": 5,
        "sample_time": 40000,
        "sample_block": 4,
        "dz": 0.02
    },
    "Vext_params": {
        "potential_type": "custom",
        "An": [
            -0.10211084363595528,
            -1.097091114244257,
            -0.09821514815970585,
            0.809185856362108
        ],
        "phi_n": [
            4.967070130299016,
            0.5470800953452236,
            5.465267038206544,
            0.5436208353942587
        ],
        "Vlin_par": [
            [
                0.42827630252328325,
                1.2594069550716094,
                -0.0009366372528281631,
                1.358138198011154
            ],
            [
                0.8148997738756608,
                0.3100088511392185,
                1.4703548801198407,
                -0.4312262648393201
            ]
        ],
        "x_tar": [
            [
                18.54793975875035,
                7.871181951671852,
                0.7534195485696293,
                10.040728100933851
            ],
            [
                19.24969945472528,
                16.077908880758656,
                6.7985617094039075,
                18.40720673871726
            ]
        ],
        "C": 0.2
    },
    "output_params": {
        "output_dir": "output/OUT_config_0549_M8_Trivial_H20.0_mu2.68",
        "output_prefix": "mc_sim_Trivial_H20.0_mub2.68_M8"
    }
}