{
    "input_params": {
        "polymer_type": "Ring",
        "knot_type": "Trivial",
        "configuration": "input/init_config_Z/TrivialN64M8H20.00rho0.10.dat",
        "mu_b": -0.5410495466683718,
        "M": 8,
        "init_N": 64,
        "rho_b": 0.1,
        "box_xy": 16.0,
        "H": 20.0,
        "rcut": 1.0,
        "max_N": 640,
        "external_potential": "custom"
    },
    "simulation_params": {
        "EPS_TRANS": 0.05,
        "ROT_RATIO": 0.3,
        "K_MAX": 10,
        "sample_interval": 5,
        "sample_time": 40000,
        "sample_block": 4,
        "dz": 0.02
    },
    "Vext_params": {
        "potential_type": "custom",
        "An": [
            -1.774547991433793,
            -0.08024196067998438,
            -0.14041952318769568,
            -0.8120658472062425
        ],
        "phi_n": [
            3.6901875968699405,
            4.745235001933026,
            3.8615602852184203,
            4.800311991720779
        ],
        "Vlin_par": [
            [
                0.3295500654392916,
                -0.36499383113477074,
                2.1273977206713663,
                -1.4433718327133227
            ],
            [
                1.4529924523612354,
                0.8068832911440434,
                2.8056065815122064,
                0.2293864521237085
            ]
        ],
        "x_tar": [
            [
                8.967836778077992,
                6.627398321647808,
                10.796063326282484,
                4.636014423294923
            ],
            [
                11.898506454310402,
                17.70690018434874,
                16.962279182112102,
                12.226218180118183
            ]
        ],
        "C": 0.2
    },
    "output_params": {
        "output_dir": "output/OUT_config_0112_M8_Trivial_H20.0_mu-0.54",
        "output_prefix": "mc_sim_Trivial_H20.0_mub-0.54_M8"
    }
}