{
    "input_params": {
        "polymer_type": "Ring",
        "knot_type": "Trivial",
        "configuration": "input/init_config_Z/TrivialN64M8H20.00rho0.10.dat",
        "mu_b": 3.433117060308472,
        "M": 8,
        "init_N": 64,
        "rho_b": 0.1,
        "box_xy": 16.0,
        "H": 20.0,
        "rcut": 1.0,
        "max_N": 640,
        "external_potential": "custom"
    },
    "simulation_params": {
        "EPS_TRANS": 0.05,
        "ROT_RATIO": 0.3,
        "K_MAX": 10,
        "sample_interval": 5,
        "sample_time": 40000,
        "sample_block": 4,
        "dz": 0.02
    },
    "Vext_params": {
        "potential_type": "custom",
        "An": [
            -3.0159117018745443,
            0.8068786650253084,
            0.7425923138470312,
            -1.2767034788113663
        ],
        "phi_n": [
            1.6127762080346513,
            1.4836947551866184,
            2.2085011131876993,
            1.4762476321166524
        ],
        "Vlin_par": [
            [
                1.7441025497770395,
                0.21330357642261827,
                4.794989915036429,
                -2.0131058982432255
            ],
            [
                -0.06857376557205133,
                -2.847987740197959,
                -0.7954961126312806,
                -0.3210466271355926
            ]
        ],
        "x_tar": [
            [
                9.916917980472938,
                5.683647008746884,
                1.6628064647950702,
                7.016451681952436
            ],
            [
                12.922809398170912,
                19.814101959620494,
                16.611278363472735,
                19.19893329311045
            ]
        ],
        "C": 0.2
    },
    "output_params": {
        "output_dir": "output/OUT_config_0372_M8_Trivial_H20.0_mu3.43",
        "output_prefix": "mc_sim_Trivial_H20.0_mub3.43_M8"
    }
}