{
    "input_params": {
        "polymer_type": "Ring",
        "knot_type": "Trivial",
        "configuration": "input/init_config_Z/TrivialN64M8H20.00rho0.10.dat",
        "mu_b": 1.1648479374808156,
        "M": 8,
        "init_N": 64,
        "rho_b": 0.1,
        "box_xy": 16.0,
        "H": 20.0,
        "rcut": 1.0,
        "max_N": 640,
        "external_potential": "custom"
    },
    "simulation_params": {
        "EPS_TRANS": 0.05,
        "ROT_RATIO": 0.3,
        "K_MAX": 10,
        "sample_interval": 5,
        "sample_time": 40000,
        "sample_block": 4,
        "dz": 0.02
    },
    "Vext_params": {
        "potential_type": "custom",
        "An": [
            3.301505516081978,
            3.1734228345693,
            -1.0119190634441673,
            0.49930997025140755
        ],
        "phi_n": [
            0.38684421758441934,
            3.895252940047082,
            1.6854358859827931,
            0.5709125933807047
        ],
        "Vlin_par": [
            [
                0.48836830355890515,
                -1.0877105952850221,
                -0.8409259805802975,
                -0.9012068537348739
            ],
            [
                1.3619278680581717,
                -0.9737130891796844,
                -3.1668060423465803,
                2.901638510974084
            ]
        ],
        "x_tar": [
            [
                6.830089563392323,
                7.105411818207794,
                1.9395319605702133,
                0.4921748332830833
            ],
            [
                13.301408880520185,
                19.581759905381432,
                5.567197910846229,
                18.54523073782872
            ]
        ],
        "C": 0.2
    },
    "output_params": {
        "output_dir": "output/OUT_config_0292_M8_Trivial_H20.0_mu1.16",
        "output_prefix": "mc_sim_Trivial_H20.0_mub1.16_M8"
    }
}