{
    "input_params": {
        "polymer_type": "Ring",
        "knot_type": "Trivial",
        "configuration": "input/init_config_Z/TrivialN64M8H20.00rho0.10.dat",
        "mu_b": 3.6811858600609497,
        "M": 8,
        "init_N": 64,
        "rho_b": 0.1,
        "box_xy": 16.0,
        "H": 20.0,
        "rcut": 1.0,
        "max_N": 640,
        "external_potential": "custom"
    },
    "simulation_params": {
        "EPS_TRANS": 0.05,
        "ROT_RATIO": 0.3,
        "K_MAX": 10,
        "sample_interval": 5,
        "sample_time": 40000,
        "sample_block": 4,
        "dz": 0.02
    },
    "Vext_params": {
        "potential_type": "custom",
        "An": [
            0.7306318722098474,
            -0.2698448456711364,
            0.7256817882862227,
            -2.150938562749831
        ],
        "phi_n": [
            0.44541975696923564,
            0.8391736848860205,
            0.9670799585640105,
            2.0720348537505315
        ],
        "Vlin_par": [
            [
                -1.349254307784606,
                -2.99577683433398,
                -3.004465889207604,
                -2.8184690138411366
            ],
            [
                -1.0874775105413073,
                1.2331138420965309,
                -0.35723587635353754,
                3.1471268637713554
            ]
        ],
        "x_tar": [
            [
                4.34129308653117,
                2.41206164595837,
                2.595035520229636,
                10.994888530267488
            ],
            [
                4.512929512768027,
                3.8496682534392335,
                19.11260947013718,
                19.800129982234743
            ]
        ],
        "C": 0.2
    },
    "output_params": {
        "output_dir": "output/OUT_config_0394_M8_Trivial_H20.0_mu3.68",
        "output_prefix": "mc_sim_Trivial_H20.0_mub3.68_M8"
    }
}