{
    "input_params": {
        "polymer_type": "Ring",
        "knot_type": "Trivial",
        "configuration": "input/init_config_Z/TrivialN64M8H20.00rho0.10.dat",
        "mu_b": 0.7037002226470577,
        "M": 8,
        "init_N": 64,
        "rho_b": 0.1,
        "box_xy": 16.0,
        "H": 20.0,
        "rcut": 1.0,
        "max_N": 640,
        "external_potential": "custom"
    },
    "simulation_params": {
        "EPS_TRANS": 0.05,
        "ROT_RATIO": 0.3,
        "K_MAX": 10,
        "sample_interval": 5,
        "sample_time": 40000,
        "sample_block": 4,
        "dz": 0.02
    },
    "Vext_params": {
        "potential_type": "custom",
        "An": [
            0.19766225305116808,
            -5.0144225997941705,
            -1.8635172269312614,
            2.027301581333098
        ],
        "phi_n": [
            4.209515178217221,
            1.6802205100700056,
            1.6860929450631807,
            5.927965260226855
        ],
        "Vlin_par": [
            [
                -2.2224051109883445,
                2.0236810833849277,
                -2.494512810865695,
                -2.7193628176050777
            ],
            [
                -1.3421641434168494,
                -2.375836835853963,
                2.3847230991254307,
                1.59793166973336
            ]
        ],
        "x_tar": [
            [
                14.107252140132307,
                14.229174341758323,
                2.43947301484859,
                3.380701215519377
            ],
            [
                16.961761111802318,
                14.252856576438873,
                8.099601208670817,
                6.7810618223141255
            ]
        ],
        "C": 0.2
    },
    "output_params": {
        "output_dir": "output/OUT_config_0318_M8_Trivial_H20.0_mu0.70",
        "output_prefix": "mc_sim_Trivial_H20.0_mub0.70_M8"
    }
}