{
    "input_params": {
        "polymer_type": "Ring",
        "knot_type": "Trivial",
        "configuration": "input/init_config_Z/TrivialN64M8H20.00rho0.10.dat",
        "mu_b": 0.35499339319887513,
        "M": 8,
        "init_N": 64,
        "rho_b": 0.1,
        "box_xy": 16.0,
        "H": 20.0,
        "rcut": 1.0,
        "max_N": 640,
        "external_potential": "custom"
    },
    "simulation_params": {
        "EPS_TRANS": 0.05,
        "ROT_RATIO": 0.3,
        "K_MAX": 10,
        "sample_interval": 5,
        "sample_time": 40000,
        "sample_block": 4,
        "dz": 0.02
    },
    "Vext_params": {
        "potential_type": "custom",
        "An": [
            1.1291900772532606,
            0.6860488933371307,
            0.5098314629319979,
            2.8689348849414893
        ],
        "phi_n": [
            5.979476083661094,
            0.8611964281467561,
            2.859011658869006,
            3.3972897579656363
        ],
        "Vlin_par": [
            [
                3.341863411098986,
                1.6317405194301626,
                -2.297657411815986,
                2.175333039462289
            ],
            [
                -0.8860440040825295,
                0.6947894551734548,
                1.0797937342209527,
                -0.9332089415615672
            ]
        ],
        "x_tar": [
            [
                12.083809012073008,
                2.6665123508615163,
                3.122855614404765,
                2.723606167862378
            ],
            [
                18.47127906086348,
                12.921589511237471,
                9.083017540021954,
                19.544862380601696
            ]
        ],
        "C": 0.2
    },
    "output_params": {
        "output_dir": "output/OUT_config_0437_M8_Trivial_H20.0_mu0.35",
        "output_prefix": "mc_sim_Trivial_H20.0_mub0.35_M8"
    }
}