{
    "input_params": {
        "polymer_type": "Ring",
        "knot_type": "Trivial",
        "configuration": "input/init_config_Z/TrivialN64M8H20.00rho0.10.dat",
        "mu_b": 3.946650757037781,
        "M": 8,
        "init_N": 64,
        "rho_b": 0.1,
        "box_xy": 16.0,
        "H": 20.0,
        "rcut": 1.0,
        "max_N": 640,
        "external_potential": "custom"
    },
    "simulation_params": {
        "EPS_TRANS": 0.05,
        "ROT_RATIO": 0.3,
        "K_MAX": 10,
        "sample_interval": 5,
        "sample_time": 40000,
        "sample_block": 4,
        "dz": 0.02
    },
    "Vext_params": {
        "potential_type": "custom",
        "An": [
            -1.3616885183360197,
            -0.46605631031231204,
            0.5032255894249332,
            -1.5872068601185416
        ],
        "phi_n": [
            4.619318821021494,
            4.72994413282005,
            0.9008511811997729,
            2.400491613248007
        ],
        "Vlin_par": [
            [
                -3.843690526914974,
                -0.5295517315974944,
                0.5373240828098306,
                -2.2209509121074085
            ],
            [
                1.0552387318009682,
                -1.998954490375464,
                1.3001373687250313,
                0.5234301561002331
            ]
        ],
        "x_tar": [
            [
                4.634572996060811,
                7.773023974190187,
                11.535149956918094,
                2.4773443203032297
            ],
            [
                7.3705879582193905,
                10.270859536936563,
                18.204609201813525,
                13.475129385817429
            ]
        ],
        "C": 0.2
    },
    "output_params": {
        "output_dir": "output/OUT_config_0026_M8_Trivial_H20.0_mu3.95",
        "output_prefix": "mc_sim_Trivial_H20.0_mub3.95_M8"
    }
}