{
    "input_params": {
        "polymer_type": "Ring",
        "knot_type": "Trivial",
        "configuration": "input/init_config_Z/TrivialN64M8H20.00rho0.10.dat",
        "mu_b": 4.615469505707905,
        "M": 8,
        "init_N": 64,
        "rho_b": 0.1,
        "box_xy": 16.0,
        "H": 20.0,
        "rcut": 1.0,
        "max_N": 640,
        "external_potential": "custom"
    },
    "simulation_params": {
        "EPS_TRANS": 0.05,
        "ROT_RATIO": 0.3,
        "K_MAX": 10,
        "sample_interval": 5,
        "sample_time": 40000,
        "sample_block": 4,
        "dz": 0.02
    },
    "Vext_params": {
        "potential_type": "custom",
        "An": [
            1.118326303364648,
            -1.23077098147185,
            0.6869322847915815,
            1.474868974922036
        ],
        "phi_n": [
            5.069601743164833,
            1.607156963962459,
            0.9886030844583209,
            3.282002481384164
        ],
        "Vlin_par": [
            [
                -0.9228365505374706,
                1.7102221941598923,
                -2.738164751008328,
                2.0253187512835997
            ],
            [
                -0.4441775499693162,
                -1.802446012548017,
                1.6372854066561786,
                0.24930886132754385
            ]
        ],
        "x_tar": [
            [
                3.6613500981426617,
                0.627821354123177,
                0.24007835769797925,
                3.445120693610353
            ],
            [
                4.089577756914872,
                10.672569533936818,
                14.960180283868613,
                14.689341265919008
            ]
        ],
        "C": 0.2
    },
    "output_params": {
        "output_dir": "output/OUT_config_0275_M8_Trivial_H20.0_mu4.62",
        "output_prefix": "mc_sim_Trivial_H20.0_mub4.62_M8"
    }
}