{
    "input_params": {
        "polymer_type": "Ring",
        "knot_type": "Trivial",
        "configuration": "input/init_config_Z/TrivialN64M8H20.00rho0.10.dat",
        "mu_b": -0.10551894991674848,
        "M": 8,
        "init_N": 64,
        "rho_b": 0.1,
        "box_xy": 16.0,
        "H": 20.0,
        "rcut": 1.0,
        "max_N": 640,
        "external_potential": "custom"
    },
    "simulation_params": {
        "EPS_TRANS": 0.05,
        "ROT_RATIO": 0.3,
        "K_MAX": 10,
        "sample_interval": 5,
        "sample_time": 40000,
        "sample_block": 4,
        "dz": 0.02
    },
    "Vext_params": {
        "potential_type": "custom",
        "An": [
            0.05792682730392177,
            1.5274639817161297,
            -0.7068347258103609,
            -1.2324894319005573
        ],
        "phi_n": [
            2.7813616034683424,
            5.826724498203761,
            4.869489557210834,
            3.948495123128982
        ],
        "Vlin_par": [
            [
                2.3600837624807642,
                -1.9142008680976168,
                -1.5807466760386804,
                2.1456516823678684
            ],
            [
                -0.08171821288650807,
                -0.5231358148573574,
                -1.642466389672552,
                1.4695636711619011
            ]
        ],
        "x_tar": [
            [
                8.627703202170558,
                12.652430824360925,
                3.2412045029918457,
                2.1426090666936815
            ],
            [
                19.593049410286337,
                13.390011069262734,
                10.841868524324045,
                3.8487184083749693
            ]
        ],
        "C": 0.2
    },
    "output_params": {
        "output_dir": "output/OUT_config_0389_M8_Trivial_H20.0_mu-0.11",
        "output_prefix": "mc_sim_Trivial_H20.0_mub-0.11_M8"
    }
}