{
    "input_params": {
        "polymer_type": "Ring",
        "knot_type": "Trivial",
        "configuration": "input/init_config_Z/TrivialN64M8H20.00rho0.10.dat",
        "mu_b": 3.2352599753789892,
        "M": 8,
        "init_N": 64,
        "rho_b": 0.1,
        "box_xy": 16.0,
        "H": 20.0,
        "rcut": 1.0,
        "max_N": 640,
        "external_potential": "custom"
    },
    "simulation_params": {
        "EPS_TRANS": 0.05,
        "ROT_RATIO": 0.3,
        "K_MAX": 10,
        "sample_interval": 5,
        "sample_time": 40000,
        "sample_block": 4,
        "dz": 0.02
    },
    "Vext_params": {
        "potential_type": "custom",
        "An": [
            -0.762859679601776,
            0.8425716715293738,
            -0.3122801553146782,
            0.3918076630124785
        ],
        "phi_n": [
            2.1905754957944605,
            2.6287282219379655,
            2.768604635848764,
            0.38993207200042207
        ],
        "Vlin_par": [
            [
                -1.3111256766771249,
                -4.029650090691671,
                -2.177009159334011,
                -0.7719953461867975
            ],
            [
                -2.029603805139331,
                0.5636271243681756,
                4.265768812548132,
                -1.8767864454957024
            ]
        ],
        "x_tar": [
            [
                2.3476469979602355,
                14.611543576042312,
                16.499620184861186,
                6.097014713115971
            ],
            [
                4.467391868730051,
                16.845076846014678,
                17.367228288801044,
                19.176787150099575
            ]
        ],
        "C": 0.2
    },
    "output_params": {
        "output_dir": "output/OUT_config_0175_M8_Trivial_H20.0_mu3.24",
        "output_prefix": "mc_sim_Trivial_H20.0_mub3.24_M8"
    }
}