{
    "input_params": {
        "polymer_type": "Ring",
        "knot_type": "Trivial",
        "configuration": "input/init_config_Z/TrivialN64M8H20.00rho0.10.dat",
        "mu_b": 3.37697048856175,
        "M": 8,
        "init_N": 64,
        "rho_b": 0.1,
        "box_xy": 16.0,
        "H": 20.0,
        "rcut": 1.0,
        "max_N": 640,
        "external_potential": "custom"
    },
    "simulation_params": {
        "EPS_TRANS": 0.05,
        "ROT_RATIO": 0.3,
        "K_MAX": 10,
        "sample_interval": 5,
        "sample_time": 40000,
        "sample_block": 4,
        "dz": 0.02
    },
    "Vext_params": {
        "potential_type": "custom",
        "An": [
            1.4649231174274902,
            -2.5127560678435015,
            1.758363055470217,
            0.42769918513836624
        ],
        "phi_n": [
            2.880795012992606,
            1.0436652512777922,
            4.415356871766177,
            4.649454791661692
        ],
        "Vlin_par": [
            [
                3.5040019041225077,
                -1.3590242065507685,
                -1.7922768411057974,
                -0.23247520754161136
            ],
            [
                -1.8451808787882036,
                2.3439739542769877,
                -0.5815795300285012,
                0.5491347854350127
            ]
        ],
        "x_tar": [
            [
                5.906718943185851,
                1.8875736375660956,
                1.5261247158968216,
                9.851296267824626
            ],
            [
                16.828659386910953,
                17.96136922158514,
                7.994848231365575,
                11.343753727078948
            ]
        ],
        "C": 0.2
    },
    "output_params": {
        "output_dir": "output/OUT_config_0581_M8_Trivial_H20.0_mu3.38",
        "output_prefix": "mc_sim_Trivial_H20.0_mub3.38_M8"
    }
}