{
    "input_params": {
        "polymer_type": "Ring",
        "knot_type": "Trivial",
        "configuration": "input/init_config_Z/TrivialN64M8H20.00rho0.10.dat",
        "mu_b": 3.3529319948801604,
        "M": 8,
        "init_N": 64,
        "rho_b": 0.1,
        "box_xy": 16.0,
        "H": 20.0,
        "rcut": 1.0,
        "max_N": 640,
        "external_potential": "custom"
    },
    "simulation_params": {
        "EPS_TRANS": 0.05,
        "ROT_RATIO": 0.3,
        "K_MAX": 10,
        "sample_interval": 5,
        "sample_time": 40000,
        "sample_block": 4,
        "dz": 0.02
    },
    "Vext_params": {
        "potential_type": "custom",
        "An": [
            1.6000637209250685,
            -0.24497780844900818,
            1.607674518219436,
            -1.7163571710144483
        ],
        "phi_n": [
            2.08140215220061,
            4.434763602175829,
            3.1437137985015298,
            1.7873620521623865
        ],
        "Vlin_par": [
            [
                2.0177464541788783,
                0.4817207468924546,
                -3.5939254591102414,
                -1.0246147340485547
            ],
            [
                0.9930224292287575,
                3.224079384377035,
                0.47185378314373966,
                -2.388885512900109
            ]
        ],
        "x_tar": [
            [
                4.114642556643034,
                0.5515430210869421,
                1.1713567194341112,
                6.5070884204883805
            ],
            [
                9.81581164553715,
                15.541329943115574,
                13.040108878199534,
                16.696218889965472
            ]
        ],
        "C": 0.2
    },
    "output_params": {
        "output_dir": "output/OUT_config_0008_M8_Trivial_H20.0_mu3.35",
        "output_prefix": "mc_sim_Trivial_H20.0_mub3.35_M8"
    }
}