{
    "input_params": {
        "polymer_type": "Ring",
        "knot_type": "Trivial",
        "configuration": "input/init_config_Z/TrivialN64M8H20.00rho0.10.dat",
        "mu_b": 3.2534403283198223,
        "M": 8,
        "init_N": 64,
        "rho_b": 0.1,
        "box_xy": 16.0,
        "H": 20.0,
        "rcut": 1.0,
        "max_N": 640,
        "external_potential": "custom"
    },
    "simulation_params": {
        "EPS_TRANS": 0.05,
        "ROT_RATIO": 0.3,
        "K_MAX": 10,
        "sample_interval": 5,
        "sample_time": 40000,
        "sample_block": 4,
        "dz": 0.02
    },
    "Vext_params": {
        "potential_type": "custom",
        "An": [
            -2.478413746226271,
            -0.35770571225939485,
            0.42675235142952667,
            -0.4107386375713969
        ],
        "phi_n": [
            2.633322343773606,
            4.206830119369434,
            0.3793108292583417,
            5.845349420947004
        ],
        "Vlin_par": [
            [
                3.466056274677836,
                -0.18115846639827388,
                0.4372331136280983,
                -0.6626709459283348
            ],
            [
                -1.136147023351742,
                -1.7554719433897485,
                1.001833134407928,
                0.5549110304568604
            ]
        ],
        "x_tar": [
            [
                11.052395222764318,
                16.310324815823385,
                12.368946686046304,
                11.019273351575691
            ],
            [
                17.840940119951807,
                16.87484405298855,
                19.44648494098481,
                15.676191199231331
            ]
        ],
        "C": 0.2
    },
    "output_params": {
        "output_dir": "output/OUT_config_0478_M8_Trivial_H20.0_mu3.25",
        "output_prefix": "mc_sim_Trivial_H20.0_mub3.25_M8"
    }
}