{
    "input_params": {
        "polymer_type": "Ring",
        "knot_type": "Trivial",
        "configuration": "input/init_config_Z/TrivialN64M8H20.00rho0.10.dat",
        "mu_b": 4.7728300120004405,
        "M": 8,
        "init_N": 64,
        "rho_b": 0.1,
        "box_xy": 16.0,
        "H": 20.0,
        "rcut": 1.0,
        "max_N": 640,
        "external_potential": "custom"
    },
    "simulation_params": {
        "EPS_TRANS": 0.05,
        "ROT_RATIO": 0.3,
        "K_MAX": 10,
        "sample_interval": 5,
        "sample_time": 40000,
        "sample_block": 4,
        "dz": 0.02
    },
    "Vext_params": {
        "potential_type": "custom",
        "An": [
            2.282509002575012,
            0.763699043618127,
            1.1497627483277957,
            -1.1081993680640596
        ],
        "phi_n": [
            5.081479661723099,
            4.543784859021267,
            0.187482294777055,
            1.5955046898751903
        ],
        "Vlin_par": [
            [
                -0.32124760606471175,
                0.9817564499777091,
                -0.6692029887616362,
                -1.5907903355440376
            ],
            [
                0.8756212209724897,
                -2.3836555219207263,
                2.4772995156313864,
                -2.4843480564891776
            ]
        ],
        "x_tar": [
            [
                2.9843475836052047,
                11.963199756590532,
                17.215916134744692,
                13.570650839177974
            ],
            [
                11.846536677628986,
                12.01495195672263,
                18.44227408535628,
                14.571611214617356
            ]
        ],
        "C": 0.2
    },
    "output_params": {
        "output_dir": "output/OUT_config_0101_M8_Trivial_H20.0_mu4.77",
        "output_prefix": "mc_sim_Trivial_H20.0_mub4.77_M8"
    }
}