{
    "input_params": {
        "polymer_type": "Ring",
        "knot_type": "Trivial",
        "configuration": "input/init_config_Z/TrivialN64M8H20.00rho0.10.dat",
        "mu_b": 0.2472959471476881,
        "M": 8,
        "init_N": 64,
        "rho_b": 0.1,
        "box_xy": 16.0,
        "H": 20.0,
        "rcut": 1.0,
        "max_N": 640,
        "external_potential": "custom"
    },
    "simulation_params": {
        "EPS_TRANS": 0.05,
        "ROT_RATIO": 0.3,
        "K_MAX": 10,
        "sample_interval": 5,
        "sample_time": 40000,
        "sample_block": 4,
        "dz": 0.02
    },
    "Vext_params": {
        "potential_type": "custom",
        "An": [
            -1.7600337040071072,
            1.0655082822584867,
            1.9143931784579478,
            0.1703115300709644
        ],
        "phi_n": [
            4.053035352361034,
            4.432896618771887,
            5.0824382877369905,
            5.927248821770712
        ],
        "Vlin_par": [
            [
                3.8362939504421187,
                -0.05037791180732182,
                -0.7872343071177013,
                -1.2129011352175758
            ],
            [
                -0.641274299890765,
                1.3536025898583386,
                4.1307053233125695,
                -1.8624083963329403
            ]
        ],
        "x_tar": [
            [
                5.446351373821214,
                3.6749841386206983,
                0.8636407748375463,
                5.78022113044705
            ],
            [
                15.302178606602268,
                18.069849247067037,
                11.07025362751684,
                7.911460623846073
            ]
        ],
        "C": 0.2
    },
    "output_params": {
        "output_dir": "output/OUT_config_0366_M8_Trivial_H20.0_mu0.25",
        "output_prefix": "mc_sim_Trivial_H20.0_mub0.25_M8"
    }
}