{
    "input_params": {
        "polymer_type": "Ring",
        "knot_type": "Trivial",
        "configuration": "input/init_config_Z/TrivialN64M8H20.00rho0.10.dat",
        "mu_b": 0.7781816020372418,
        "M": 8,
        "init_N": 64,
        "rho_b": 0.1,
        "box_xy": 16.0,
        "H": 20.0,
        "rcut": 1.0,
        "max_N": 640,
        "external_potential": "custom"
    },
    "simulation_params": {
        "EPS_TRANS": 0.05,
        "ROT_RATIO": 0.3,
        "K_MAX": 10,
        "sample_interval": 5,
        "sample_time": 40000,
        "sample_block": 4,
        "dz": 0.02
    },
    "Vext_params": {
        "potential_type": "custom",
        "An": [
            1.0647722742015668,
            0.500591826094072,
            -1.721762724441673,
            -1.647543046200244
        ],
        "phi_n": [
            1.3345521167107555,
            4.109938010702577,
            4.655957172533302,
            3.5387790525300855
        ],
        "Vlin_par": [
            [
                1.0423017989731636,
                -0.6778868528013222,
                -0.3382074204294166,
                1.095032887492739
            ],
            [
                -1.3610653391245244,
                -0.2221491958558531,
                -0.2887681367788077,
                -3.0181033682231884
            ]
        ],
        "x_tar": [
            [
                1.0251281758327813,
                4.462615495486803,
                1.707951630306228,
                1.2741362130815648
            ],
            [
                17.437000278515146,
                10.208935355153901,
                13.074285070735662,
                2.837785963750754
            ]
        ],
        "C": 0.2
    },
    "output_params": {
        "output_dir": "output/OUT_config_0040_M8_Trivial_H20.0_mu0.78",
        "output_prefix": "mc_sim_Trivial_H20.0_mub0.78_M8"
    }
}