{
    "input_params": {
        "polymer_type": "Ring",
        "knot_type": "Trivial",
        "configuration": "input/init_config_Z/TrivialN64M8H20.00rho0.10.dat",
        "mu_b": 5.556898303978102,
        "M": 8,
        "init_N": 64,
        "rho_b": 0.1,
        "box_xy": 16.0,
        "H": 20.0,
        "rcut": 1.0,
        "max_N": 640,
        "external_potential": "custom"
    },
    "simulation_params": {
        "EPS_TRANS": 0.05,
        "ROT_RATIO": 0.3,
        "K_MAX": 10,
        "sample_interval": 5,
        "sample_time": 40000,
        "sample_block": 4,
        "dz": 0.02
    },
    "Vext_params": {
        "potential_type": "custom",
        "An": [
            -2.7144399906097174,
            -1.6117822837384357,
            3.2407702602109953,
            -2.3459006544352867
        ],
        "phi_n": [
            5.578706063685874,
            0.8507678177370503,
            1.8627052038391536,
            0.13860714869332763
        ],
        "Vlin_par": [
            [
                -0.2028256772177303,
                1.127286441102033,
                -2.464107702765813,
                0.6335412492810754
            ],
            [
                1.0168668861716266,
                1.7613486404556538,
                0.9793855280930795,
                1.445123198060054
            ]
        ],
        "x_tar": [
            [
                0.4855080457798122,
                2.332274164625714,
                12.37385114882629,
                1.1183189474876887
            ],
            [
                13.4295438957313,
                16.44810379213319,
                18.29408676814426,
                14.262183935337358
            ]
        ],
        "C": 0.2
    },
    "output_params": {
        "output_dir": "output/OUT_config_0021_M8_Trivial_H20.0_mu5.56",
        "output_prefix": "mc_sim_Trivial_H20.0_mub5.56_M8"
    }
}