{
    "input_params": {
        "polymer_type": "Ring",
        "knot_type": "Trivial",
        "configuration": "input/init_config_Z/TrivialN64M8H20.00rho0.10.dat",
        "mu_b": -0.9251277995076606,
        "M": 8,
        "init_N": 64,
        "rho_b": 0.1,
        "box_xy": 16.0,
        "H": 20.0,
        "rcut": 1.0,
        "max_N": 640,
        "external_potential": "custom"
    },
    "simulation_params": {
        "EPS_TRANS": 0.05,
        "ROT_RATIO": 0.3,
        "K_MAX": 10,
        "sample_interval": 5,
        "sample_time": 40000,
        "sample_block": 4,
        "dz": 0.02
    },
    "Vext_params": {
        "potential_type": "custom",
        "An": [
            0.36604083727967757,
            4.024880804278808,
            -0.9171071707727692,
            1.1603186726476549
        ],
        "phi_n": [
            1.1098432489189014,
            0.6150945111069213,
            3.983414015191291,
            3.2366076919903684
        ],
        "Vlin_par": [
            [
                -0.0520643361920438,
                -5.172559207139076,
                -1.1307838552006855,
                2.143375234042143
            ],
            [
                3.1071127048636438,
                0.6389343565950477,
                0.691083745388316,
                -2.7710213161920074
            ]
        ],
        "x_tar": [
            [
                16.104030370783075,
                1.96133293654553,
                0.13733705210951408,
                1.4777944176873192
            ],
            [
                18.691417753212306,
                15.658943772770147,
                6.627469124728103,
                12.389711638094152
            ]
        ],
        "C": 0.2
    },
    "output_params": {
        "output_dir": "output/OUT_config_0194_M8_Trivial_H20.0_mu-0.93",
        "output_prefix": "mc_sim_Trivial_H20.0_mub-0.93_M8"
    }
}