{
    "input_params": {
        "polymer_type": "Ring",
        "knot_type": "Trivial",
        "configuration": "input/init_config_Z/TrivialN64M8H20.00rho0.10.dat",
        "mu_b": 3.6405692105266434,
        "M": 8,
        "init_N": 64,
        "rho_b": 0.1,
        "box_xy": 16.0,
        "H": 20.0,
        "rcut": 1.0,
        "max_N": 640,
        "external_potential": "custom"
    },
    "simulation_params": {
        "EPS_TRANS": 0.05,
        "ROT_RATIO": 0.3,
        "K_MAX": 10,
        "sample_interval": 5,
        "sample_time": 40000,
        "sample_block": 4,
        "dz": 0.02
    },
    "Vext_params": {
        "potential_type": "custom",
        "An": [
            2.0497794600503965,
            -1.1662291910433162,
            2.948853889966045,
            -0.2371141340433612
        ],
        "phi_n": [
            1.5377836752089848,
            3.5007391818778095,
            3.462894198370593,
            4.519333362803869
        ],
        "Vlin_par": [
            [
                4.465224669911396,
                -1.6175377769778938,
                -1.9999499920460346,
                0.7661266992966154
            ],
            [
                -3.1779625564893967,
                -1.9075179365539603,
                0.08043357401826191,
                1.5754097896039208
            ]
        ],
        "x_tar": [
            [
                0.8893938241809596,
                15.116096275621484,
                1.1656481395984142,
                7.386483850441559
            ],
            [
                13.11445624504854,
                17.319282881711693,
                7.91243902051818,
                18.187201008439356
            ]
        ],
        "C": 0.2
    },
    "output_params": {
        "output_dir": "output/OUT_config_0165_M8_Trivial_H20.0_mu3.64",
        "output_prefix": "mc_sim_Trivial_H20.0_mub3.64_M8"
    }
}