{
    "input_params": {
        "polymer_type": "Ring",
        "knot_type": "Trivial",
        "configuration": "input/init_config_Z/TrivialN64M8H20.00rho0.10.dat",
        "mu_b": 1.870413516133203,
        "M": 8,
        "init_N": 64,
        "rho_b": 0.1,
        "box_xy": 16.0,
        "H": 20.0,
        "rcut": 1.0,
        "max_N": 640,
        "external_potential": "custom"
    },
    "simulation_params": {
        "EPS_TRANS": 0.05,
        "ROT_RATIO": 0.3,
        "K_MAX": 10,
        "sample_interval": 5,
        "sample_time": 40000,
        "sample_block": 4,
        "dz": 0.02
    },
    "Vext_params": {
        "potential_type": "custom",
        "An": [
            -0.40616510797345085,
            0.6303937019222378,
            -1.6340298067930108,
            0.5901340884658618
        ],
        "phi_n": [
            1.3811562270156896,
            3.8478062872689276,
            4.400666748981044,
            5.064415223872338
        ],
        "Vlin_par": [
            [
                0.5570433683515493,
                -3.2670869132043063,
                -0.26548606998015417,
                -2.8583610232530132
            ],
            [
                0.6195482971678824,
                0.10273532075993873,
                2.2756879301410553,
                0.7850758613737538
            ]
        ],
        "x_tar": [
            [
                10.951810968549038,
                8.765977834931602,
                2.115722400889868,
                9.886181440071917
            ],
            [
                18.71645622218882,
                19.346722425386595,
                11.64119749568708,
                19.678067239844893
            ]
        ],
        "C": 0.2
    },
    "output_params": {
        "output_dir": "output/OUT_config_0082_M8_Trivial_H20.0_mu1.87",
        "output_prefix": "mc_sim_Trivial_H20.0_mub1.87_M8"
    }
}