{
    "input_params": {
        "polymer_type": "Ring",
        "knot_type": "Trivial",
        "configuration": "input/init_config_Z/TrivialN64M8H20.00rho0.10.dat",
        "mu_b": 3.597347751353115,
        "M": 8,
        "init_N": 64,
        "rho_b": 0.1,
        "box_xy": 16.0,
        "H": 20.0,
        "rcut": 1.0,
        "max_N": 640,
        "external_potential": "custom"
    },
    "simulation_params": {
        "EPS_TRANS": 0.05,
        "ROT_RATIO": 0.3,
        "K_MAX": 10,
        "sample_interval": 5,
        "sample_time": 40000,
        "sample_block": 4,
        "dz": 0.02
    },
    "Vext_params": {
        "potential_type": "custom",
        "An": [
            -1.5186040015185265,
            -1.0627239648256013,
            -1.5444938000041664,
            0.4112289821780767
        ],
        "phi_n": [
            6.158806383388423,
            5.9914918905603125,
            3.3809856773387743,
            2.8245687561178765
        ],
        "Vlin_par": [
            [
                -0.9945788972835008,
                -1.4458017707373518,
                -3.0880593856705536,
                -0.9764304690452321
            ],
            [
                1.749928571071896,
                -3.0425491701927103,
                3.7407113773713414,
                2.548930471515635
            ]
        ],
        "x_tar": [
            [
                15.32724664627749,
                0.3972923316075949,
                1.9860894977167254,
                11.925208392693056
            ],
            [
                16.354145391978737,
                8.99521509731003,
                15.504729069838504,
                18.232995731662676
            ]
        ],
        "C": 0.2
    },
    "output_params": {
        "output_dir": "output/OUT_config_0425_M8_Trivial_H20.0_mu3.60",
        "output_prefix": "mc_sim_Trivial_H20.0_mub3.60_M8"
    }
}