{
    "input_params": {
        "polymer_type": "Ring",
        "knot_type": "Trivial",
        "configuration": "input/init_config_Z/TrivialN64M8H20.00rho0.10.dat",
        "mu_b": 0.9789399745547613,
        "M": 8,
        "init_N": 64,
        "rho_b": 0.1,
        "box_xy": 16.0,
        "H": 20.0,
        "rcut": 1.0,
        "max_N": 640,
        "external_potential": "custom"
    },
    "simulation_params": {
        "EPS_TRANS": 0.05,
        "ROT_RATIO": 0.3,
        "K_MAX": 10,
        "sample_interval": 5,
        "sample_time": 40000,
        "sample_block": 4,
        "dz": 0.02
    },
    "Vext_params": {
        "potential_type": "custom",
        "An": [
            -0.6295881983473574,
            -1.3098465435020306,
            1.0683396174142747,
            -1.4978566430758313
        ],
        "phi_n": [
            1.6484318236764888,
            1.8335326917011783,
            5.019668355830285,
            2.6690687018896795
        ],
        "Vlin_par": [
            [
                -1.8964995988058557,
                0.18889287856928177,
                2.0551398760580333,
                2.0510343907383355
            ],
            [
                -1.4521128103752214,
                -0.9161880210069542,
                -1.3959052624622679,
                2.4200660938931304
            ]
        ],
        "x_tar": [
            [
                0.08368977437627656,
                8.809510149079511,
                9.76024502095373,
                17.117095213904328
            ],
            [
                9.33999458493837,
                17.350593180367458,
                18.41315914342124,
                18.327627625844126
            ]
        ],
        "C": 0.2
    },
    "output_params": {
        "output_dir": "output/OUT_config_0229_M8_Trivial_H20.0_mu0.98",
        "output_prefix": "mc_sim_Trivial_H20.0_mub0.98_M8"
    }
}