{
    "input_params": {
        "polymer_type": "Ring",
        "knot_type": "Trivial",
        "configuration": "input/init_config_Z/TrivialN64M8H20.00rho0.10.dat",
        "mu_b": 3.850349677521848,
        "M": 8,
        "init_N": 64,
        "rho_b": 0.1,
        "box_xy": 16.0,
        "H": 20.0,
        "rcut": 1.0,
        "max_N": 640,
        "external_potential": "custom"
    },
    "simulation_params": {
        "EPS_TRANS": 0.05,
        "ROT_RATIO": 0.3,
        "K_MAX": 10,
        "sample_interval": 5,
        "sample_time": 40000,
        "sample_block": 4,
        "dz": 0.02
    },
    "Vext_params": {
        "potential_type": "custom",
        "An": [
            -0.07911558187257045,
            1.6743686081856235,
            -2.792122222380925,
            -1.590013812795359
        ],
        "phi_n": [
            2.0473769202667635,
            2.8922970717144145,
            4.642919105709713,
            2.0800354430471204
        ],
        "Vlin_par": [
            [
                0.5734330450945629,
                2.1224657091963897,
                3.056696072647469,
                -2.9190003595161196
            ],
            [
                1.9134087972118476,
                0.4559895186006494,
                -3.11394770342107,
                0.09748086479752617
            ]
        ],
        "x_tar": [
            [
                2.562358581015034,
                12.21049086824742,
                9.605295769815875,
                1.335382538258949
            ],
            [
                4.6922161155589,
                19.343845040127217,
                11.077410101652296,
                11.586811944636892
            ]
        ],
        "C": 0.2
    },
    "output_params": {
        "output_dir": "output/OUT_config_0149_M8_Trivial_H20.0_mu3.85",
        "output_prefix": "mc_sim_Trivial_H20.0_mub3.85_M8"
    }
}