{
    "input_params": {
        "polymer_type": "Ring",
        "knot_type": "Trivial",
        "configuration": "input/init_config_Z/TrivialN64M8H20.00rho0.10.dat",
        "mu_b": 0.6505543188780796,
        "M": 8,
        "init_N": 64,
        "rho_b": 0.1,
        "box_xy": 16.0,
        "H": 20.0,
        "rcut": 1.0,
        "max_N": 640,
        "external_potential": "custom"
    },
    "simulation_params": {
        "EPS_TRANS": 0.05,
        "ROT_RATIO": 0.3,
        "K_MAX": 10,
        "sample_interval": 5,
        "sample_time": 40000,
        "sample_block": 4,
        "dz": 0.02
    },
    "Vext_params": {
        "potential_type": "custom",
        "An": [
            1.5368281044490992,
            -1.2321520165722113,
            -1.2599917988045126,
            -2.7704645954112377
        ],
        "phi_n": [
            5.489297715374613,
            2.4790198464725606,
            4.996093157675741,
            0.4234121015384935
        ],
        "Vlin_par": [
            [
                1.3802516035847785,
                2.05265643246662,
                -0.03947240361310725,
                -4.45226937331073
            ],
            [
                1.191593470935778,
                -0.9392020492202061,
                -1.2674994105088495,
                4.818825568615269
            ]
        ],
        "x_tar": [
            [
                0.33170704318080446,
                12.165997876478693,
                10.394654132754047,
                16.620329178977023
            ],
            [
                7.420789204616723,
                15.106173374188451,
                19.80909794323123,
                16.63725134233429
            ]
        ],
        "C": 0.2
    },
    "output_params": {
        "output_dir": "output/OUT_config_0281_M8_Trivial_H20.0_mu0.65",
        "output_prefix": "mc_sim_Trivial_H20.0_mub0.65_M8"
    }
}