{
    "input_params": {
        "polymer_type": "Ring",
        "knot_type": "Trivial",
        "configuration": "input/init_config_Z/TrivialN64M8H20.00rho0.10.dat",
        "mu_b": -0.3006880542647916,
        "M": 8,
        "init_N": 64,
        "rho_b": 0.1,
        "box_xy": 16.0,
        "H": 20.0,
        "rcut": 1.0,
        "max_N": 640,
        "external_potential": "custom"
    },
    "simulation_params": {
        "EPS_TRANS": 0.05,
        "ROT_RATIO": 0.3,
        "K_MAX": 10,
        "sample_interval": 5,
        "sample_time": 40000,
        "sample_block": 4,
        "dz": 0.02
    },
    "Vext_params": {
        "potential_type": "custom",
        "An": [
            -0.673990875465759,
            -0.3289478060572599,
            -1.1876783326248133,
            0.9454697761769667
        ],
        "phi_n": [
            4.470061210346105,
            5.308378131514274,
            5.436372407424411,
            2.6962690063967787
        ],
        "Vlin_par": [
            [
                0.06798142880246731,
                0.2005867543284434,
                -0.7025443939898401,
                -0.16069583076673502
            ],
            [
                4.201758430472946,
                -1.1630649701765083,
                -0.11373627968630541,
                0.04868204889198769
            ]
        ],
        "x_tar": [
            [
                7.506267615675499,
                3.3433162586733167,
                0.39807944687196395,
                5.220381187600975
            ],
            [
                16.762356242589608,
                7.269472976385288,
                8.725573955901073,
                5.717769040102356
            ]
        ],
        "C": 0.2
    },
    "output_params": {
        "output_dir": "output/OUT_config_0187_M8_Trivial_H20.0_mu-0.30",
        "output_prefix": "mc_sim_Trivial_H20.0_mub-0.30_M8"
    }
}