{
    "input_params": {
        "polymer_type": "Ring",
        "knot_type": "Trivial",
        "configuration": "input/init_config_Z/TrivialN64M8H20.00rho0.10.dat",
        "mu_b": -0.7165074573447079,
        "M": 8,
        "init_N": 64,
        "rho_b": 0.1,
        "box_xy": 16.0,
        "H": 20.0,
        "rcut": 1.0,
        "max_N": 640,
        "external_potential": "custom"
    },
    "simulation_params": {
        "EPS_TRANS": 0.05,
        "ROT_RATIO": 0.3,
        "K_MAX": 10,
        "sample_interval": 5,
        "sample_time": 40000,
        "sample_block": 4,
        "dz": 0.02
    },
    "Vext_params": {
        "potential_type": "custom",
        "An": [
            2.204486563009595,
            1.3684301022722114,
            1.5307792442047334,
            1.2515836167080001
        ],
        "phi_n": [
            5.458524289884798,
            1.071301570477543,
            4.924398245377477,
            4.970228855880456
        ],
        "Vlin_par": [
            [
                0.06067294887040584,
                0.1216353185526795,
                -0.5150521482867128,
                -1.9448946776801876
            ],
            [
                -2.067729802031403,
                -0.9976153918577086,
                -0.6427396238469238,
                0.14170933606017752
            ]
        ],
        "x_tar": [
            [
                9.406653933062607,
                14.810294827584872,
                2.2133886740302344,
                3.9432681241956824
            ],
            [
                15.788644712881762,
                15.743802720020149,
                13.819559154377057,
                9.269860419222923
            ]
        ],
        "C": 0.2
    },
    "output_params": {
        "output_dir": "output/OUT_config_0520_M8_Trivial_H20.0_mu-0.72",
        "output_prefix": "mc_sim_Trivial_H20.0_mub-0.72_M8"
    }
}