{
    "input_params": {
        "polymer_type": "Ring",
        "knot_type": "Trivial",
        "configuration": "input/init_config_Z/TrivialN64M8H20.00rho0.10.dat",
        "mu_b": 1.6943110702937596,
        "M": 8,
        "init_N": 64,
        "rho_b": 0.1,
        "box_xy": 16.0,
        "H": 20.0,
        "rcut": 1.0,
        "max_N": 640,
        "external_potential": "custom"
    },
    "simulation_params": {
        "EPS_TRANS": 0.05,
        "ROT_RATIO": 0.3,
        "K_MAX": 10,
        "sample_interval": 5,
        "sample_time": 40000,
        "sample_block": 4,
        "dz": 0.02
    },
    "Vext_params": {
        "potential_type": "custom",
        "An": [
            -1.4653999625682523,
            1.1506034370463005,
            -1.1268653648576727,
            1.2637145122248232
        ],
        "phi_n": [
            3.8814644165635723,
            1.748827341793826,
            4.325697519930997,
            2.158434929238239
        ],
        "Vlin_par": [
            [
                -0.427592733222579,
                -0.4363332772221449,
                -1.6816359429204308,
                -1.4876630938834712
            ],
            [
                1.5014775793251414,
                -1.1911677777965421,
                5.764849937767645,
                1.5498875894896054
            ]
        ],
        "x_tar": [
            [
                6.712669669452733,
                11.42577597101775,
                0.48984724334725227,
                9.065860808899595
            ],
            [
                7.746527230667226,
                11.895365465829572,
                3.234041410607187,
                14.072186373811297
            ]
        ],
        "C": 0.2
    },
    "output_params": {
        "output_dir": "output/OUT_config_0279_M8_Trivial_H20.0_mu1.69",
        "output_prefix": "mc_sim_Trivial_H20.0_mub1.69_M8"
    }
}