{
    "input_params": {
        "polymer_type": "Ring",
        "knot_type": "Trivial",
        "configuration": "input/init_config_Z/TrivialN64M8H20.00rho0.10.dat",
        "mu_b": -0.6342294091597188,
        "M": 8,
        "init_N": 64,
        "rho_b": 0.1,
        "box_xy": 16.0,
        "H": 20.0,
        "rcut": 1.0,
        "max_N": 640,
        "external_potential": "custom"
    },
    "simulation_params": {
        "EPS_TRANS": 0.05,
        "ROT_RATIO": 0.3,
        "K_MAX": 10,
        "sample_interval": 5,
        "sample_time": 40000,
        "sample_block": 4,
        "dz": 0.02
    },
    "Vext_params": {
        "potential_type": "custom",
        "An": [
            3.0231609488726976,
            -0.08394848287399811,
            2.0548047940791525,
            -0.843807292475568
        ],
        "phi_n": [
            2.3243447721680233,
            1.9304796556348043,
            5.423595915428263,
            2.2614193396524636
        ],
        "Vlin_par": [
            [
                2.464970015652064,
                3.3530893466903735,
                -0.048470876170950555,
                2.807896017192656
            ],
            [
                0.7016189670691496,
                2.7381995177037304,
                0.5734684427615139,
                -2.503006099330104
            ]
        ],
        "x_tar": [
            [
                8.1642173524309,
                3.823667732964544,
                2.0344741187452176,
                11.391662747182657
            ],
            [
                14.182486894374883,
                3.8707254282397408,
                10.278800983822418,
                17.650943662403684
            ]
        ],
        "C": 0.2
    },
    "output_params": {
        "output_dir": "output/OUT_config_0254_M8_Trivial_H20.0_mu-0.63",
        "output_prefix": "mc_sim_Trivial_H20.0_mub-0.63_M8"
    }
}