{
    "input_params": {
        "polymer_type": "Ring",
        "knot_type": "Trivial",
        "configuration": "input/init_config_Z/TrivialN64M8H20.00rho0.10.dat",
        "mu_b": 5.421599470600557,
        "M": 8,
        "init_N": 64,
        "rho_b": 0.1,
        "box_xy": 16.0,
        "H": 20.0,
        "rcut": 1.0,
        "max_N": 640,
        "external_potential": "custom"
    },
    "simulation_params": {
        "EPS_TRANS": 0.05,
        "ROT_RATIO": 0.3,
        "K_MAX": 10,
        "sample_interval": 5,
        "sample_time": 40000,
        "sample_block": 4,
        "dz": 0.02
    },
    "Vext_params": {
        "potential_type": "custom",
        "An": [
            -0.17688573456987935,
            1.3060314620181126,
            0.3432599413653378,
            1.3905171660430486
        ],
        "phi_n": [
            4.669061467704183,
            4.325585567165628,
            1.5727484350251457,
            5.378445773281438
        ],
        "Vlin_par": [
            [
                -1.106006201586027,
                -0.7617973020818573,
                0.9909497692036894,
                0.025881123903396964
            ],
            [
                -0.47559240056754715,
                6.319173857043153,
                -1.306785428885494,
                -4.862764561834223
            ]
        ],
        "x_tar": [
            [
                3.276962325134145,
                8.821344321884455,
                12.091339416268443,
                1.653674306230546
            ],
            [
                14.819213465858319,
                16.116391441132055,
                13.120005053999966,
                14.720821509678576
            ]
        ],
        "C": 0.2
    },
    "output_params": {
        "output_dir": "output/OUT_config_0282_M8_Trivial_H20.0_mu5.42",
        "output_prefix": "mc_sim_Trivial_H20.0_mub5.42_M8"
    }
}