{
    "input_params": {
        "polymer_type": "Ring",
        "knot_type": "Trivial",
        "configuration": "input/init_config_Z/TrivialN64M8H20.00rho0.10.dat",
        "mu_b": 4.724597576006804,
        "M": 8,
        "init_N": 64,
        "rho_b": 0.1,
        "box_xy": 16.0,
        "H": 20.0,
        "rcut": 1.0,
        "max_N": 640,
        "external_potential": "custom"
    },
    "simulation_params": {
        "EPS_TRANS": 0.05,
        "ROT_RATIO": 0.3,
        "K_MAX": 10,
        "sample_interval": 5,
        "sample_time": 40000,
        "sample_block": 4,
        "dz": 0.02
    },
    "Vext_params": {
        "potential_type": "custom",
        "An": [
            -1.8922787412427293,
            -0.8027342043520994,
            -0.5490181266244779,
            -3.3757922086186793
        ],
        "phi_n": [
            2.3437900109960452,
            0.6147177619630154,
            3.6170632460285455,
            2.6705244505814325
        ],
        "Vlin_par": [
            [
                3.397383592427265,
                -0.7611360694986808,
                -4.99435560259342,
                3.145344405930589
            ],
            [
                1.9562057402217752,
                2.2063759186867653,
                -0.7592199555147585,
                3.2575589967071377
            ]
        ],
        "x_tar": [
            [
                8.253496559137862,
                6.644011078043148,
                1.1049734617166673,
                1.8517216164659334
            ],
            [
                8.582755187815001,
                14.846240572197477,
                4.64064133015466,
                8.562906891807335
            ]
        ],
        "C": 0.2
    },
    "output_params": {
        "output_dir": "output/OUT_config_0317_M8_Trivial_H20.0_mu4.72",
        "output_prefix": "mc_sim_Trivial_H20.0_mub4.72_M8"
    }
}