{
    "input_params": {
        "polymer_type": "Ring",
        "knot_type": "Trivial",
        "configuration": "input/init_config_Z/TrivialN64M8H20.00rho0.10.dat",
        "mu_b": 3.2183554089747766,
        "M": 8,
        "init_N": 64,
        "rho_b": 0.1,
        "box_xy": 16.0,
        "H": 20.0,
        "rcut": 1.0,
        "max_N": 640,
        "external_potential": "custom"
    },
    "simulation_params": {
        "EPS_TRANS": 0.05,
        "ROT_RATIO": 0.3,
        "K_MAX": 10,
        "sample_interval": 5,
        "sample_time": 40000,
        "sample_block": 4,
        "dz": 0.02
    },
    "Vext_params": {
        "potential_type": "custom",
        "An": [
            -1.8781458194625604,
            -2.126174796979947,
            -1.143912759907727,
            -0.47231751252321263
        ],
        "phi_n": [
            5.51733907926399,
            0.8535343991405424,
            0.40999414631297043,
            4.183708180423114
        ],
        "Vlin_par": [
            [
                -2.592473314542924,
                0.9351084288797429,
                -0.21914479267587467,
                0.9218029136818744
            ],
            [
                1.2546335192076925,
                2.435279331858397,
                -0.7410340286112482,
                1.9060350751447797
            ]
        ],
        "x_tar": [
            [
                13.271729333535657,
                1.815966924011363,
                14.200836496732903,
                3.268936779221747
            ],
            [
                19.666893554836378,
                9.794049085136216,
                14.673897236076618,
                9.291495731473258
            ]
        ],
        "C": 0.2
    },
    "output_params": {
        "output_dir": "output/OUT_config_0168_M8_Trivial_H20.0_mu3.22",
        "output_prefix": "mc_sim_Trivial_H20.0_mub3.22_M8"
    }
}