{
    "input_params": {
        "polymer_type": "Ring",
        "knot_type": "Trivial",
        "configuration": "input/init_config_Z/TrivialN64M8H20.00rho0.10.dat",
        "mu_b": 2.1301497074342457,
        "M": 8,
        "init_N": 64,
        "rho_b": 0.1,
        "box_xy": 16.0,
        "H": 20.0,
        "rcut": 1.0,
        "max_N": 640,
        "external_potential": "custom"
    },
    "simulation_params": {
        "EPS_TRANS": 0.05,
        "ROT_RATIO": 0.3,
        "K_MAX": 10,
        "sample_interval": 5,
        "sample_time": 40000,
        "sample_block": 4,
        "dz": 0.02
    },
    "Vext_params": {
        "potential_type": "custom",
        "An": [
            -2.6385530161252784,
            0.61411411723074,
            2.411672979522356,
            0.0072017918576383734
        ],
        "phi_n": [
            3.6234051983862146,
            0.218865898589847,
            4.216669431644855,
            0.4709544897814518
        ],
        "Vlin_par": [
            [
                -0.21445343650167153,
                -0.9830586946563686,
                -1.7337505512673654,
                -1.7859044736623435
            ],
            [
                -0.19892225293590785,
                -1.505935274319466,
                1.6343203775762567,
                1.6852507463663238
            ]
        ],
        "x_tar": [
            [
                4.713162409236233,
                17.48293009293522,
                9.022669274158616,
                7.194008006549051
            ],
            [
                10.497195710184462,
                19.86366842876977,
                19.554972832179715,
                12.162953294001497
            ]
        ],
        "C": 0.2
    },
    "output_params": {
        "output_dir": "output/OUT_config_0181_M8_Trivial_H20.0_mu2.13",
        "output_prefix": "mc_sim_Trivial_H20.0_mub2.13_M8"
    }
}