{
    "input_params": {
        "polymer_type": "Ring",
        "knot_type": "Trivial",
        "configuration": "input/init_config_Z/TrivialN64M8H20.00rho0.10.dat",
        "mu_b": -0.3820334912742933,
        "M": 8,
        "init_N": 64,
        "rho_b": 0.1,
        "box_xy": 16.0,
        "H": 20.0,
        "rcut": 1.0,
        "max_N": 640,
        "external_potential": "custom"
    },
    "simulation_params": {
        "EPS_TRANS": 0.05,
        "ROT_RATIO": 0.3,
        "K_MAX": 10,
        "sample_interval": 5,
        "sample_time": 40000,
        "sample_block": 4,
        "dz": 0.02
    },
    "Vext_params": {
        "potential_type": "custom",
        "An": [
            1.1831465592358097,
            -2.4110434639812715,
            0.8175380425252642,
            0.05312587269417827
        ],
        "phi_n": [
            4.354233091421162,
            1.0471613392098642,
            3.219182989078489,
            5.227486257224183
        ],
        "Vlin_par": [
            [
                0.15213272158588076,
                -1.7744787044014916,
                2.81392921376717,
                2.1851899776350794
            ],
            [
                -2.0290359587704496,
                1.943346472288323,
                -1.4903633116685044,
                -1.4962002349772476
            ]
        ],
        "x_tar": [
            [
                1.7112219205209667,
                7.90294652795059,
                13.802636222914932,
                2.319464868021801
            ],
            [
                2.05017150839484,
                19.528766950808617,
                16.16025296730599,
                19.00812135298156
            ]
        ],
        "C": 0.2
    },
    "output_params": {
        "output_dir": "output/OUT_config_0538_M8_Trivial_H20.0_mu-0.38",
        "output_prefix": "mc_sim_Trivial_H20.0_mub-0.38_M8"
    }
}