{
    "input_params": {
        "polymer_type": "Ring",
        "knot_type": "Trivial",
        "configuration": "input/init_config_Z/TrivialN64M8H20.00rho0.10.dat",
        "mu_b": 2.9119331640239303,
        "M": 8,
        "init_N": 64,
        "rho_b": 0.1,
        "box_xy": 16.0,
        "H": 20.0,
        "rcut": 1.0,
        "max_N": 640,
        "external_potential": "custom"
    },
    "simulation_params": {
        "EPS_TRANS": 0.05,
        "ROT_RATIO": 0.3,
        "K_MAX": 10,
        "sample_interval": 5,
        "sample_time": 40000,
        "sample_block": 4,
        "dz": 0.02
    },
    "Vext_params": {
        "potential_type": "custom",
        "An": [
            -0.35170026137201443,
            2.20313531962266,
            0.7715187871972823,
            1.3530520599026306
        ],
        "phi_n": [
            2.9801982269101743,
            5.478627507116607,
            3.742383735870857,
            4.793363675015349
        ],
        "Vlin_par": [
            [
                -2.400162933971201,
                1.464993921861174,
                -3.983847159689811,
                1.20445208835205
            ],
            [
                4.090148918586303,
                0.40910910423754615,
                -0.6555043740315392,
                -3.3641257129571964
            ]
        ],
        "x_tar": [
            [
                4.920302771329705,
                16.504286050833276,
                2.1896137891824963,
                4.86184714470949
            ],
            [
                7.65789480654983,
                18.67124004766819,
                9.04749699595489,
                12.610310690842388
            ]
        ],
        "C": 0.2
    },
    "output_params": {
        "output_dir": "output/OUT_config_0193_M8_Trivial_H20.0_mu2.91",
        "output_prefix": "mc_sim_Trivial_H20.0_mub2.91_M8"
    }
}