{
    "input_params": {
        "polymer_type": "Ring",
        "knot_type": "Trivial",
        "configuration": "input/init_config_Z/TrivialN64M8H20.00rho0.10.dat",
        "mu_b": 4.160268962842053,
        "M": 8,
        "init_N": 64,
        "rho_b": 0.1,
        "box_xy": 16.0,
        "H": 20.0,
        "rcut": 1.0,
        "max_N": 640,
        "external_potential": "custom"
    },
    "simulation_params": {
        "EPS_TRANS": 0.05,
        "ROT_RATIO": 0.3,
        "K_MAX": 10,
        "sample_interval": 5,
        "sample_time": 40000,
        "sample_block": 4,
        "dz": 0.02
    },
    "Vext_params": {
        "potential_type": "custom",
        "An": [
            -3.2581159370158574,
            0.4896531209040658,
            1.10720767283514,
            0.6618155558877867
        ],
        "phi_n": [
            0.799044070950628,
            0.02868450825911768,
            0.008793136184022074,
            4.182062968177368
        ],
        "Vlin_par": [
            [
                2.1401170160765135,
                4.30261231828056,
                -1.1625589578565154,
                -0.411213860071323
            ],
            [
                4.523349287040223,
                3.838356466581998,
                0.2835597338596738,
                -3.7040729122005045
            ]
        ],
        "x_tar": [
            [
                16.236694460499717,
                15.6425112903285,
                0.825274117844983,
                7.880859763469199
            ],
            [
                17.709216159040253,
                18.94014703586955,
                5.118711767063413,
                13.628089679613606
            ]
        ],
        "C": 0.2
    },
    "output_params": {
        "output_dir": "output/OUT_config_0417_M8_Trivial_H20.0_mu4.16",
        "output_prefix": "mc_sim_Trivial_H20.0_mub4.16_M8"
    }
}