{
    "input_params": {
        "polymer_type": "Ring",
        "knot_type": "Trivial",
        "configuration": "input/init_config_Z/TrivialN64M8H20.00rho0.10.dat",
        "mu_b": 1.6941802160149666,
        "M": 8,
        "init_N": 64,
        "rho_b": 0.1,
        "box_xy": 16.0,
        "H": 20.0,
        "rcut": 1.0,
        "max_N": 640,
        "external_potential": "custom"
    },
    "simulation_params": {
        "EPS_TRANS": 0.05,
        "ROT_RATIO": 0.3,
        "K_MAX": 10,
        "sample_interval": 5,
        "sample_time": 40000,
        "sample_block": 4,
        "dz": 0.02
    },
    "Vext_params": {
        "potential_type": "custom",
        "An": [
            3.019576222220995,
            1.6012834571572698,
            0.9839013632698984,
            0.3778820415314983
        ],
        "phi_n": [
            0.923972217386307,
            2.8946314606604124,
            5.073943275385869,
            0.47600481919335985
        ],
        "Vlin_par": [
            [
                -0.4627790805442088,
                1.900553695127957,
                -3.014220799774049,
                1.175905610495888
            ],
            [
                -1.889095008036429,
                -2.439718929653854,
                2.432079753726715,
                -0.2721193582015588
            ]
        ],
        "x_tar": [
            [
                1.6864540893693092,
                0.630399122044325,
                3.6505518219177002,
                7.326306761314636
            ],
            [
                12.790658012216218,
                6.950548352673531,
                9.65557323198043,
                10.578148609627453
            ]
        ],
        "C": 0.2
    },
    "output_params": {
        "output_dir": "output/OUT_config_0227_M8_Trivial_H20.0_mu1.69",
        "output_prefix": "mc_sim_Trivial_H20.0_mub1.69_M8"
    }
}