{
    "input_params": {
        "polymer_type": "Ring",
        "knot_type": "Trivial",
        "configuration": "input/init_config_Z/TrivialN64M8H20.00rho0.10.dat",
        "mu_b": 1.8726007827257272,
        "M": 8,
        "init_N": 64,
        "rho_b": 0.1,
        "box_xy": 16.0,
        "H": 20.0,
        "rcut": 1.0,
        "max_N": 640,
        "external_potential": "custom"
    },
    "simulation_params": {
        "EPS_TRANS": 0.05,
        "ROT_RATIO": 0.3,
        "K_MAX": 10,
        "sample_interval": 5,
        "sample_time": 40000,
        "sample_block": 4,
        "dz": 0.02
    },
    "Vext_params": {
        "potential_type": "custom",
        "An": [
            2.6656251688225163,
            -1.4567584370524995,
            -1.8620027966803014,
            1.3603418008688508
        ],
        "phi_n": [
            3.0305822579317607,
            4.052367117896752,
            4.831760579387847,
            5.171548458266129
        ],
        "Vlin_par": [
            [
                0.21744401019886078,
                -0.4709403130107107,
                0.6644448146171578,
                -0.7310117424580725
            ],
            [
                -0.8168515433573454,
                1.4123695330011194,
                -1.4324246158400353,
                -4.395311240299552
            ]
        ],
        "x_tar": [
            [
                2.3560254302609085,
                2.325620531263457,
                1.730679122426324,
                6.329667651507913
            ],
            [
                15.538620209369329,
                12.637180592430386,
                7.384320815135457,
                8.836247341768559
            ]
        ],
        "C": 0.2
    },
    "output_params": {
        "output_dir": "output/OUT_config_0237_M8_Trivial_H20.0_mu1.87",
        "output_prefix": "mc_sim_Trivial_H20.0_mub1.87_M8"
    }
}