{
    "input_params": {
        "polymer_type": "Ring",
        "knot_type": "Trivial",
        "configuration": "input/init_config_Z/TrivialN64M8H20.00rho0.10.dat",
        "mu_b": 3.897785763073273,
        "M": 8,
        "init_N": 64,
        "rho_b": 0.1,
        "box_xy": 16.0,
        "H": 20.0,
        "rcut": 1.0,
        "max_N": 640,
        "external_potential": "custom"
    },
    "simulation_params": {
        "EPS_TRANS": 0.05,
        "ROT_RATIO": 0.3,
        "K_MAX": 10,
        "sample_interval": 5,
        "sample_time": 40000,
        "sample_block": 4,
        "dz": 0.02
    },
    "Vext_params": {
        "potential_type": "custom",
        "An": [
            -2.1172366533309117,
            4.225860791408318,
            -0.7144352058375443,
            -1.0504011767606944
        ],
        "phi_n": [
            0.596000883929391,
            0.6933034168256579,
            1.3231929409213639,
            4.1236762327103165
        ],
        "Vlin_par": [
            [
                -0.6355451892848879,
                0.06687029691222238,
                0.8619054839785779,
                0.7868213365939554
            ],
            [
                -1.5086619222166822,
                1.318205701889643,
                -0.6861697039695221,
                2.6899607144354394
            ]
        ],
        "x_tar": [
            [
                4.00052092504591,
                3.1674410796110597,
                11.824941493124577,
                3.0206887211591393
            ],
            [
                9.713083574566578,
                3.703451514942231,
                17.431864059344402,
                13.514962595909257
            ]
        ],
        "C": 0.2
    },
    "output_params": {
        "output_dir": "output/OUT_config_0408_M8_Trivial_H20.0_mu3.90",
        "output_prefix": "mc_sim_Trivial_H20.0_mub3.90_M8"
    }
}