{
    "input_params": {
        "polymer_type": "Ring",
        "knot_type": "Trivial",
        "configuration": "input/init_config_Z/TrivialN64M8H20.00rho0.10.dat",
        "mu_b": 2.887762210661446,
        "M": 8,
        "init_N": 64,
        "rho_b": 0.1,
        "box_xy": 16.0,
        "H": 20.0,
        "rcut": 1.0,
        "max_N": 640,
        "external_potential": "custom"
    },
    "simulation_params": {
        "EPS_TRANS": 0.05,
        "ROT_RATIO": 0.3,
        "K_MAX": 10,
        "sample_interval": 5,
        "sample_time": 40000,
        "sample_block": 4,
        "dz": 0.02
    },
    "Vext_params": {
        "potential_type": "custom",
        "An": [
            -1.8896238839124773,
            2.7361800990037457,
            -2.885603425288238,
            1.1411733191772293
        ],
        "phi_n": [
            3.179771077914341,
            2.300038880836327,
            0.4390428522743618,
            3.695600263489555
        ],
        "Vlin_par": [
            [
                3.1415678921693053,
                1.479325323434844,
                2.9295049756719114,
                -0.8604648866897138
            ],
            [
                0.47026790998764667,
                -2.1137088153197907,
                1.240516589844567,
                -2.4417991051225854
            ]
        ],
        "x_tar": [
            [
                11.519158157747674,
                4.421989407131786,
                8.944824540801473,
                0.18066320978239014
            ],
            [
                18.390601217244992,
                6.341624799489769,
                13.24560367680979,
                16.251215436820946
            ]
        ],
        "C": 0.2
    },
    "output_params": {
        "output_dir": "output/OUT_config_0539_M8_Trivial_H20.0_mu2.89",
        "output_prefix": "mc_sim_Trivial_H20.0_mub2.89_M8"
    }
}