{
    "input_params": {
        "polymer_type": "Ring",
        "knot_type": "Trivial",
        "configuration": "input/init_config_Z/TrivialN64M8H20.00rho0.10.dat",
        "mu_b": 5.870889385561965,
        "M": 8,
        "init_N": 64,
        "rho_b": 0.1,
        "box_xy": 16.0,
        "H": 20.0,
        "rcut": 1.0,
        "max_N": 640,
        "external_potential": "custom"
    },
    "simulation_params": {
        "EPS_TRANS": 0.05,
        "ROT_RATIO": 0.3,
        "K_MAX": 10,
        "sample_interval": 5,
        "sample_time": 40000,
        "sample_block": 4,
        "dz": 0.02
    },
    "Vext_params": {
        "potential_type": "custom",
        "An": [
            0.14253858051142496,
            -3.0449334901758274,
            1.284657222204151,
            -2.3677309459356057
        ],
        "phi_n": [
            2.9428444297840795,
            5.932644401963304,
            2.16271440445409,
            5.477567094367091
        ],
        "Vlin_par": [
            [
                0.6086155008362285,
                0.2988889897313514,
                -0.9931222544003908,
                1.6814684985241066
            ],
            [
                2.138309414368189,
                -2.275006585153762,
                0.036680745410950864,
                3.222850295481052
            ]
        ],
        "x_tar": [
            [
                9.086303857373148,
                11.120220198765507,
                17.89111239003318,
                2.9585212510523973
            ],
            [
                11.39815201908323,
                12.618243152771406,
                18.193535345791368,
                14.497686760529938
            ]
        ],
        "C": 0.2
    },
    "output_params": {
        "output_dir": "output/OUT_config_0010_M8_Trivial_H20.0_mu5.87",
        "output_prefix": "mc_sim_Trivial_H20.0_mub5.87_M8"
    }
}