{
    "input_params": {
        "polymer_type": "Ring",
        "knot_type": "Trivial",
        "configuration": "input/init_config_Z/TrivialN64M8H20.00rho0.10.dat",
        "mu_b": -0.5927408434926992,
        "M": 8,
        "init_N": 64,
        "rho_b": 0.1,
        "box_xy": 16.0,
        "H": 20.0,
        "rcut": 1.0,
        "max_N": 640,
        "external_potential": "custom"
    },
    "simulation_params": {
        "EPS_TRANS": 0.05,
        "ROT_RATIO": 0.3,
        "K_MAX": 10,
        "sample_interval": 5,
        "sample_time": 40000,
        "sample_block": 4,
        "dz": 0.02
    },
    "Vext_params": {
        "potential_type": "custom",
        "An": [
            -0.9908359308261168,
            -2.3466387210182424,
            2.0294819047328767,
            1.0378292273744882
        ],
        "phi_n": [
            5.706535630508257,
            0.640012872545501,
            6.247364157017769,
            5.34398259210723
        ],
        "Vlin_par": [
            [
                1.0985099582897722,
                -1.3319506945841808,
                -3.0551829216473663,
                -1.578478508166837
            ],
            [
                1.601435883211885,
                2.0147503138532317,
                0.5747231654228948,
                -0.9482367252729402
            ]
        ],
        "x_tar": [
            [
                0.3487419794421154,
                2.6168496113890716,
                18.591864882575305,
                1.8508620678025278
            ],
            [
                4.98970181315914,
                13.79800089951571,
                18.625709492748527,
                15.527231954372711
            ]
        ],
        "C": 0.2
    },
    "output_params": {
        "output_dir": "output/OUT_config_0199_M8_Trivial_H20.0_mu-0.59",
        "output_prefix": "mc_sim_Trivial_H20.0_mub-0.59_M8"
    }
}