{
    "input_params": {
        "polymer_type": "Ring",
        "knot_type": "Trivial",
        "configuration": "input/init_config_Z/TrivialN64M8H20.00rho0.10.dat",
        "mu_b": 1.0827364574298248,
        "M": 8,
        "init_N": 64,
        "rho_b": 0.1,
        "box_xy": 16.0,
        "H": 20.0,
        "rcut": 1.0,
        "max_N": 640,
        "external_potential": "custom"
    },
    "simulation_params": {
        "EPS_TRANS": 0.05,
        "ROT_RATIO": 0.3,
        "K_MAX": 10,
        "sample_interval": 5,
        "sample_time": 40000,
        "sample_block": 4,
        "dz": 0.02
    },
    "Vext_params": {
        "potential_type": "custom",
        "An": [
            0.15656653280917454,
            1.3531225063954322,
            -1.1001611163180294,
            0.05028972417904534
        ],
        "phi_n": [
            1.9563548916401954,
            5.985779196671953,
            5.762694487061154,
            4.276692920451797
        ],
        "Vlin_par": [
            [
                2.2377535500867216,
                2.4020370841690935,
                0.1167344556955603,
                2.307731919150242
            ],
            [
                0.7593323103843799,
                3.00337712746746,
                -2.269183398159952,
                0.3967629161049771
            ]
        ],
        "x_tar": [
            [
                2.9624448175693052,
                12.62280909446486,
                0.7854457274614579,
                2.8025663174174653
            ],
            [
                9.437342333831417,
                18.802098239257205,
                3.8653453707512586,
                10.547760438271037
            ]
        ],
        "C": 0.2
    },
    "output_params": {
        "output_dir": "output/OUT_config_0316_M8_Trivial_H20.0_mu1.08",
        "output_prefix": "mc_sim_Trivial_H20.0_mub1.08_M8"
    }
}