{
    "input_params": {
        "polymer_type": "Ring",
        "knot_type": "Trivial",
        "configuration": "input/init_config_Z/TrivialN64M8H20.00rho0.10.dat",
        "mu_b": 0.6919562474486001,
        "M": 8,
        "init_N": 64,
        "rho_b": 0.1,
        "box_xy": 16.0,
        "H": 20.0,
        "rcut": 1.0,
        "max_N": 640,
        "external_potential": "custom"
    },
    "simulation_params": {
        "EPS_TRANS": 0.05,
        "ROT_RATIO": 0.3,
        "K_MAX": 10,
        "sample_interval": 5,
        "sample_time": 40000,
        "sample_block": 4,
        "dz": 0.02
    },
    "Vext_params": {
        "potential_type": "custom",
        "An": [
            1.9327096565817254,
            -2.8309713157318033,
            -0.1038453675409164,
            -2.106136323461372
        ],
        "phi_n": [
            4.823946084274523,
            5.503214470072724,
            6.187023954096944,
            0.6029596898050852
        ],
        "Vlin_par": [
            [
                -3.4110937154784824,
                0.9284917973156157,
                -1.1231531343618404,
                1.5085139391658917
            ],
            [
                1.2636846338514984,
                -0.05201657861728967,
                0.5554924675408847,
                -0.2611362069564504
            ]
        ],
        "x_tar": [
            [
                4.029262433246799,
                3.9712401838104316,
                13.081908800189264,
                12.970732909666188
            ],
            [
                6.4574704105987335,
                10.994220170261409,
                14.360690975100523,
                16.416560322684
            ]
        ],
        "C": 0.2
    },
    "output_params": {
        "output_dir": "output/OUT_config_0002_M8_Trivial_H20.0_mu0.69",
        "output_prefix": "mc_sim_Trivial_H20.0_mub0.69_M8"
    }
}