{
    "input_params": {
        "polymer_type": "Ring",
        "knot_type": "Trivial",
        "configuration": "input/init_config_Z/TrivialN64M8H20.00rho0.10.dat",
        "mu_b": 2.572924004289364,
        "M": 8,
        "init_N": 64,
        "rho_b": 0.1,
        "box_xy": 16.0,
        "H": 20.0,
        "rcut": 1.0,
        "max_N": 640,
        "external_potential": "custom"
    },
    "simulation_params": {
        "EPS_TRANS": 0.05,
        "ROT_RATIO": 0.3,
        "K_MAX": 10,
        "sample_interval": 5,
        "sample_time": 40000,
        "sample_block": 4,
        "dz": 0.02
    },
    "Vext_params": {
        "potential_type": "custom",
        "An": [
            -1.6999770333657964,
            1.3399393829119,
            -2.342070356206822,
            2.991430571429777
        ],
        "phi_n": [
            3.6930885801192557,
            0.3588540014509798,
            1.713009239885032,
            4.318842701481003
        ],
        "Vlin_par": [
            [
                -0.8147588320105563,
                -0.6766024936395365,
                -0.46720593499092183,
                0.4971640295404084
            ],
            [
                0.23364831262403207,
                2.111522382369614,
                -2.838188541465848,
                -2.3992178067600753
            ]
        ],
        "x_tar": [
            [
                3.2705144331591973,
                6.322019044302527,
                4.545700918192505,
                8.547032846298492
            ],
            [
                4.2642742196125845,
                9.865868143060176,
                5.734531304493908,
                15.05756219459638
            ]
        ],
        "C": 0.2
    },
    "output_params": {
        "output_dir": "output/OUT_config_0124_M8_Trivial_H20.0_mu2.57",
        "output_prefix": "mc_sim_Trivial_H20.0_mub2.57_M8"
    }
}