{
    "input_params": {
        "polymer_type": "Ring",
        "knot_type": "Trivial",
        "configuration": "input/init_config_Z/TrivialN64M8H20.00rho0.10.dat",
        "mu_b": 0.2120438846892181,
        "M": 8,
        "init_N": 64,
        "rho_b": 0.1,
        "box_xy": 16.0,
        "H": 20.0,
        "rcut": 1.0,
        "max_N": 640,
        "external_potential": "custom"
    },
    "simulation_params": {
        "EPS_TRANS": 0.05,
        "ROT_RATIO": 0.3,
        "K_MAX": 10,
        "sample_interval": 5,
        "sample_time": 40000,
        "sample_block": 4,
        "dz": 0.02
    },
    "Vext_params": {
        "potential_type": "custom",
        "An": [
            -0.5902690517314656,
            1.222798846363358,
            1.2507581365995994,
            -1.1554373174974633
        ],
        "phi_n": [
            0.28133434946810804,
            5.963987344037248,
            0.7917092267392312,
            1.726249127672745
        ],
        "Vlin_par": [
            [
                0.5989375177344909,
                -0.7297550202809875,
                1.7350928491076643,
                -0.39752156785970993
            ],
            [
                -1.3492510034216265,
                0.7193931029040336,
                1.0216195569390232,
                -1.307321580825017
            ]
        ],
        "x_tar": [
            [
                2.69114369736031,
                1.8205230318552812,
                7.271320915864599,
                5.416641930708998
            ],
            [
                16.0576875730466,
                10.24307418118087,
                7.856336675572377,
                15.039302073946889
            ]
        ],
        "C": 0.2
    },
    "output_params": {
        "output_dir": "output/OUT_config_0132_M8_Trivial_H20.0_mu0.21",
        "output_prefix": "mc_sim_Trivial_H20.0_mub0.21_M8"
    }
}