{
    "input_params": {
        "polymer_type": "Ring",
        "knot_type": "Trivial",
        "configuration": "input/init_config_Z/TrivialN64M8H20.00rho0.10.dat",
        "mu_b": 1.2466668384715387,
        "M": 8,
        "init_N": 64,
        "rho_b": 0.1,
        "box_xy": 16.0,
        "H": 20.0,
        "rcut": 1.0,
        "max_N": 640,
        "external_potential": "custom"
    },
    "simulation_params": {
        "EPS_TRANS": 0.05,
        "ROT_RATIO": 0.3,
        "K_MAX": 10,
        "sample_interval": 5,
        "sample_time": 40000,
        "sample_block": 4,
        "dz": 0.02
    },
    "Vext_params": {
        "potential_type": "custom",
        "An": [
            0.22570499456153872,
            -3.7661979381479216,
            -0.22324698712325433,
            2.959583608112323
        ],
        "phi_n": [
            2.724394958183051,
            4.75710299445892,
            1.4498359706064077,
            2.5523701401657566
        ],
        "Vlin_par": [
            [
                -0.9712916913017656,
                0.2632035617579649,
                -0.06533789757935668,
                -1.5625158630166005
            ],
            [
                -1.5536273547407669,
                1.9868916490628616,
                1.8123368499359944,
                -2.9822050326103984
            ]
        ],
        "x_tar": [
            [
                15.78616157122912,
                4.417373141026122,
                18.2659504976912,
                0.9847584941564014
            ],
            [
                17.903720140180344,
                6.9652037799699045,
                18.39455417141553,
                17.610863352661283
            ]
        ],
        "C": 0.2
    },
    "output_params": {
        "output_dir": "output/OUT_config_0596_M8_Trivial_H20.0_mu1.25",
        "output_prefix": "mc_sim_Trivial_H20.0_mub1.25_M8"
    }
}