{
    "input_params": {
        "polymer_type": "Ring",
        "knot_type": "Trivial",
        "configuration": "input/init_config_Z/TrivialN64M8H20.00rho0.10.dat",
        "mu_b": 4.790922620055365,
        "M": 8,
        "init_N": 64,
        "rho_b": 0.1,
        "box_xy": 16.0,
        "H": 20.0,
        "rcut": 1.0,
        "max_N": 640,
        "external_potential": "custom"
    },
    "simulation_params": {
        "EPS_TRANS": 0.05,
        "ROT_RATIO": 0.3,
        "K_MAX": 10,
        "sample_interval": 5,
        "sample_time": 40000,
        "sample_block": 4,
        "dz": 0.02
    },
    "Vext_params": {
        "potential_type": "custom",
        "An": [
            3.8571578184316277,
            1.4766739572112695,
            -1.9509266275066373,
            -0.35746904614793257
        ],
        "phi_n": [
            2.824803280688984,
            1.8247312838365437,
            3.5109656306248125,
            2.7149164140887043
        ],
        "Vlin_par": [
            [
                -1.67266955899244,
                1.7946436308474647,
                -1.2879743204882135,
                -1.5247218490480878
            ],
            [
                1.7944257546108922,
                3.891178040402951,
                0.8789246559560085,
                -1.8271836898407836
            ]
        ],
        "x_tar": [
            [
                9.426300700509794,
                1.121989557583325,
                7.395676304555483,
                5.85404366158955
            ],
            [
                19.6452044493695,
                14.559883122662436,
                18.442448958159076,
                17.173645158320255
            ]
        ],
        "C": 0.2
    },
    "output_params": {
        "output_dir": "output/OUT_config_0104_M8_Trivial_H20.0_mu4.79",
        "output_prefix": "mc_sim_Trivial_H20.0_mub4.79_M8"
    }
}