{
    "input_params": {
        "polymer_type": "Ring",
        "knot_type": "Trivial",
        "configuration": "input/init_config_Z/TrivialN64M8H20.00rho0.10.dat",
        "mu_b": -0.5589487335597805,
        "M": 8,
        "init_N": 64,
        "rho_b": 0.1,
        "box_xy": 16.0,
        "H": 20.0,
        "rcut": 1.0,
        "max_N": 640,
        "external_potential": "custom"
    },
    "simulation_params": {
        "EPS_TRANS": 0.05,
        "ROT_RATIO": 0.3,
        "K_MAX": 10,
        "sample_interval": 5,
        "sample_time": 40000,
        "sample_block": 4,
        "dz": 0.02
    },
    "Vext_params": {
        "potential_type": "custom",
        "An": [
            -3.634670149383921,
            -1.139611231916309,
            -3.1894066127239573,
            3.209344237879871
        ],
        "phi_n": [
            5.920918604871051,
            0.5413103327200468,
            0.5608216632472462,
            0.7323149877931003
        ],
        "Vlin_par": [
            [
                -0.08617425438529623,
                0.488082060760164,
                0.7164147954801381,
                -1.9540066495201933
            ],
            [
                1.027916673558575,
                0.40934763288036047,
                -1.0005460868524547,
                0.8437283289964207
            ]
        ],
        "x_tar": [
            [
                8.72261630259313,
                5.981187048643239,
                7.931765629628984,
                5.835459759257404
            ],
            [
                11.211463391444678,
                13.466676195436143,
                10.364270850753032,
                12.077158053046054
            ]
        ],
        "C": 0.2
    },
    "output_params": {
        "output_dir": "output/OUT_config_0102_M8_Trivial_H20.0_mu-0.56",
        "output_prefix": "mc_sim_Trivial_H20.0_mub-0.56_M8"
    }
}