{
    "input_params": {
        "polymer_type": "Ring",
        "knot_type": "Trivial",
        "configuration": "input/init_config_Z/TrivialN64M8H20.00rho0.10.dat",
        "mu_b": 3.4240644787913324,
        "M": 8,
        "init_N": 64,
        "rho_b": 0.1,
        "box_xy": 16.0,
        "H": 20.0,
        "rcut": 1.0,
        "max_N": 640,
        "external_potential": "custom"
    },
    "simulation_params": {
        "EPS_TRANS": 0.05,
        "ROT_RATIO": 0.3,
        "K_MAX": 10,
        "sample_interval": 5,
        "sample_time": 40000,
        "sample_block": 4,
        "dz": 0.02
    },
    "Vext_params": {
        "potential_type": "custom",
        "An": [
            -1.4361216611231813,
            -0.23697149210627888,
            2.0904385173980855,
            0.8928977421841436
        ],
        "phi_n": [
            5.245880830549366,
            4.444434661689637,
            2.3248221789488777,
            4.124444416286279
        ],
        "Vlin_par": [
            [
                -0.6766844031701733,
                0.14334812992525633,
                -2.408996010280603,
                0.7237563299183036
            ],
            [
                -2.2848724177242574,
                -0.07608648939383864,
                2.31349487419867,
                -0.9270019355982648
            ]
        ],
        "x_tar": [
            [
                1.2816382028735052,
                0.724179314633917,
                8.210153244375174,
                4.605193241534562
            ],
            [
                17.138288190743832,
                17.683365192653827,
                9.226136859890556,
                8.952413742820521
            ]
        ],
        "C": 0.2
    },
    "output_params": {
        "output_dir": "output/OUT_config_0198_M8_Trivial_H20.0_mu3.42",
        "output_prefix": "mc_sim_Trivial_H20.0_mub3.42_M8"
    }
}