{
    "input_params": {
        "polymer_type": "Ring",
        "knot_type": "Trivial",
        "configuration": "input/init_config_Z/TrivialN64M8H20.00rho0.10.dat",
        "mu_b": -0.8962203428949853,
        "M": 8,
        "init_N": 64,
        "rho_b": 0.1,
        "box_xy": 16.0,
        "H": 20.0,
        "rcut": 1.0,
        "max_N": 640,
        "external_potential": "custom"
    },
    "simulation_params": {
        "EPS_TRANS": 0.05,
        "ROT_RATIO": 0.3,
        "K_MAX": 10,
        "sample_interval": 5,
        "sample_time": 40000,
        "sample_block": 4,
        "dz": 0.02
    },
    "Vext_params": {
        "potential_type": "custom",
        "An": [
            -3.1134605854380095,
            -0.8561732198256702,
            2.3820973303146604,
            0.3232478690617599
        ],
        "phi_n": [
            5.216652264594713,
            1.0342345042783678,
            0.3692033724186734,
            5.35783047627373
        ],
        "Vlin_par": [
            [
                -1.6291193054081177,
                0.27048557320222805,
                1.7988515365520463,
                0.6572031406224238
            ],
            [
                2.3134116962844105,
                2.2990674572291336,
                -0.5438208037316079,
                -2.704614370309679
            ]
        ],
        "x_tar": [
            [
                9.592844848317277,
                2.305069800183057,
                1.059008996323778,
                6.181787973673403
            ],
            [
                11.875205811050689,
                10.600351482901562,
                12.634057042406436,
                10.919921779339901
            ]
        ],
        "C": 0.2
    },
    "output_params": {
        "output_dir": "output/OUT_config_0546_M8_Trivial_H20.0_mu-0.90",
        "output_prefix": "mc_sim_Trivial_H20.0_mub-0.90_M8"
    }
}