{
    "input_params": {
        "polymer_type": "Ring",
        "knot_type": "Trivial",
        "configuration": "input/init_config_Z/TrivialN64M8H20.00rho0.10.dat",
        "mu_b": 2.53784456646773,
        "M": 8,
        "init_N": 64,
        "rho_b": 0.1,
        "box_xy": 16.0,
        "H": 20.0,
        "rcut": 1.0,
        "max_N": 640,
        "external_potential": "custom"
    },
    "simulation_params": {
        "EPS_TRANS": 0.05,
        "ROT_RATIO": 0.3,
        "K_MAX": 10,
        "sample_interval": 5,
        "sample_time": 40000,
        "sample_block": 4,
        "dz": 0.02
    },
    "Vext_params": {
        "potential_type": "custom",
        "An": [
            1.2873631275602575,
            -3.881849421651625,
            3.594644533989465,
            2.3725807317447782
        ],
        "phi_n": [
            5.243939111695972,
            0.6440260652957492,
            2.7151639381196353,
            5.886472776221929
        ],
        "Vlin_par": [
            [
                2.446951205812784,
                1.506548023286728,
                1.149581175840357,
                0.19401235676718126
            ],
            [
                -3.155134420846184,
                0.25380441429126854,
                -1.3724521236798144,
                -3.57944181317812
            ]
        ],
        "x_tar": [
            [
                6.980495500579966,
                0.019668936329118036,
                1.9011632539573209,
                7.383782608714878
            ],
            [
                19.92731207516739,
                2.5904651195120687,
                9.581452336112669,
                16.485010286059676
            ]
        ],
        "C": 0.2
    },
    "output_params": {
        "output_dir": "output/OUT_config_0028_M8_Trivial_H20.0_mu2.54",
        "output_prefix": "mc_sim_Trivial_H20.0_mub2.54_M8"
    }
}