{
    "input_params": {
        "polymer_type": "Ring",
        "knot_type": "Trivial",
        "configuration": "input/init_config_Z/TrivialN64M8H20.00rho0.10.dat",
        "mu_b": 3.5598575567823936,
        "M": 8,
        "init_N": 64,
        "rho_b": 0.1,
        "box_xy": 16.0,
        "H": 20.0,
        "rcut": 1.0,
        "max_N": 640,
        "external_potential": "custom"
    },
    "simulation_params": {
        "EPS_TRANS": 0.05,
        "ROT_RATIO": 0.3,
        "K_MAX": 10,
        "sample_interval": 5,
        "sample_time": 40000,
        "sample_block": 4,
        "dz": 0.02
    },
    "Vext_params": {
        "potential_type": "custom",
        "An": [
            1.7729383623558328,
            1.611766559543778,
            -0.9000843351714521,
            -0.8025753113111461
        ],
        "phi_n": [
            1.549912407421879,
            4.384685740246882,
            0.32201092405188325,
            1.0577327779081462
        ],
        "Vlin_par": [
            [
                -1.5270539812420603,
                -0.5394057034789757,
                -0.06637269251642747,
                2.5537484038016043
            ],
            [
                -0.821670065608225,
                0.0089853870047513,
                -0.7309280125335464,
                0.7327271065491826
            ]
        ],
        "x_tar": [
            [
                11.804845442855212,
                16.038521952381398,
                6.3695468977118175,
                8.874200000540393
            ],
            [
                16.396785661762245,
                16.222854368633374,
                7.685740306175477,
                10.709852122201244
            ]
        ],
        "C": 0.2
    },
    "output_params": {
        "output_dir": "output/OUT_config_0493_M8_Trivial_H20.0_mu3.56",
        "output_prefix": "mc_sim_Trivial_H20.0_mub3.56_M8"
    }
}