{
    "input_params": {
        "polymer_type": "Ring",
        "knot_type": "Trivial",
        "configuration": "input/init_config_Z/TrivialN64M8H20.00rho0.10.dat",
        "mu_b": 4.085844582232136,
        "M": 8,
        "init_N": 64,
        "rho_b": 0.1,
        "box_xy": 16.0,
        "H": 20.0,
        "rcut": 1.0,
        "max_N": 640,
        "external_potential": "custom"
    },
    "simulation_params": {
        "EPS_TRANS": 0.05,
        "ROT_RATIO": 0.3,
        "K_MAX": 10,
        "sample_interval": 5,
        "sample_time": 40000,
        "sample_block": 4,
        "dz": 0.02
    },
    "Vext_params": {
        "potential_type": "custom",
        "An": [
            -1.1098154098239723,
            -1.0052856004956283,
            -0.9409266905474651,
            -0.2523349423933192
        ],
        "phi_n": [
            4.707421526534344,
            4.690486669637894,
            0.19784800505780195,
            0.055747007033578835
        ],
        "Vlin_par": [
            [
                -2.254773180376547,
                -2.4177629532072875,
                -0.19902395342451767,
                1.9181436515751848
            ],
            [
                -1.0609808588111513,
                -2.812924702870732,
                -4.586074466807133,
                0.9529127150823407
            ]
        ],
        "x_tar": [
            [
                3.9021069511473505,
                6.85421130414179,
                3.3441900944814273,
                0.628254692519572
            ],
            [
                14.044968960184637,
                9.133368423399524,
                17.937884074408633,
                7.520614287028932
            ]
        ],
        "C": 0.2
    },
    "output_params": {
        "output_dir": "output/OUT_config_0283_M8_Trivial_H20.0_mu4.09",
        "output_prefix": "mc_sim_Trivial_H20.0_mub4.09_M8"
    }
}