{
    "input_params": {
        "polymer_type": "Ring",
        "knot_type": "Trivial",
        "configuration": "input/init_config_Z/TrivialN64M8H20.00rho0.10.dat",
        "mu_b": 5.62852856802369,
        "M": 8,
        "init_N": 64,
        "rho_b": 0.1,
        "box_xy": 16.0,
        "H": 20.0,
        "rcut": 1.0,
        "max_N": 640,
        "external_potential": "custom"
    },
    "simulation_params": {
        "EPS_TRANS": 0.05,
        "ROT_RATIO": 0.3,
        "K_MAX": 10,
        "sample_interval": 5,
        "sample_time": 40000,
        "sample_block": 4,
        "dz": 0.02
    },
    "Vext_params": {
        "potential_type": "custom",
        "An": [
            -1.393362661257874,
            -0.0836849749006406,
            -2.5021690010279123,
            2.0906539957738404
        ],
        "phi_n": [
            1.3885668597228906,
            3.430130528717536,
            5.410731713104697,
            5.718028400666867
        ],
        "Vlin_par": [
            [
                0.8398543076089913,
                -1.4108196951986207,
                1.7679066233040577,
                -1.580830878949942
            ],
            [
                -2.1855086362748306,
                1.3538224839695492,
                2.2383694626836284,
                -3.114003557429637
            ]
        ],
        "x_tar": [
            [
                7.411632288853458,
                1.0584270220067782,
                0.5947771300566984,
                10.91488107612397
            ],
            [
                9.356989746126798,
                17.097421038687422,
                17.244866796465445,
                15.682324768826774
            ]
        ],
        "C": 0.2
    },
    "output_params": {
        "output_dir": "output/OUT_config_0071_M8_Trivial_H20.0_mu5.63",
        "output_prefix": "mc_sim_Trivial_H20.0_mub5.63_M8"
    }
}