{
    "input_params": {
        "polymer_type": "Ring",
        "knot_type": "Trivial",
        "configuration": "input/init_config_Z/TrivialN64M8H20.00rho0.10.dat",
        "mu_b": 2.6093745377315156,
        "M": 8,
        "init_N": 64,
        "rho_b": 0.1,
        "box_xy": 16.0,
        "H": 20.0,
        "rcut": 1.0,
        "max_N": 640,
        "external_potential": "custom"
    },
    "simulation_params": {
        "EPS_TRANS": 0.05,
        "ROT_RATIO": 0.3,
        "K_MAX": 10,
        "sample_interval": 5,
        "sample_time": 40000,
        "sample_block": 4,
        "dz": 0.02
    },
    "Vext_params": {
        "potential_type": "custom",
        "An": [
            -1.1496959264627318,
            0.08343220267610696,
            0.6024575991245883,
            2.02367734069448
        ],
        "phi_n": [
            3.6672817266634485,
            5.1552754698443595,
            2.996179632495873,
            0.9711176057810614
        ],
        "Vlin_par": [
            [
                -0.4716646611376749,
                0.22049382265678688,
                0.517715873101325,
                2.940559615649518
            ],
            [
                2.542464556242659,
                -4.666604282331114,
                -0.47200708361145177,
                -0.5406136912948946
            ]
        ],
        "x_tar": [
            [
                8.870635327422047,
                4.905966234548158,
                3.8054868131599373,
                14.144256283601768
            ],
            [
                17.07012472457936,
                6.535792007549177,
                18.735179621882526,
                16.587142382662307
            ]
        ],
        "C": 0.2
    },
    "output_params": {
        "output_dir": "output/OUT_config_0484_M8_Trivial_H20.0_mu2.61",
        "output_prefix": "mc_sim_Trivial_H20.0_mub2.61_M8"
    }
}