{
    "input_params": {
        "polymer_type": "Ring",
        "knot_type": "Trivial",
        "configuration": "input/init_config_Z/TrivialN64M8H20.00rho0.10.dat",
        "mu_b": -0.8655553106702092,
        "M": 8,
        "init_N": 64,
        "rho_b": 0.1,
        "box_xy": 16.0,
        "H": 20.0,
        "rcut": 1.0,
        "max_N": 640,
        "external_potential": "custom"
    },
    "simulation_params": {
        "EPS_TRANS": 0.05,
        "ROT_RATIO": 0.3,
        "K_MAX": 10,
        "sample_interval": 5,
        "sample_time": 40000,
        "sample_block": 4,
        "dz": 0.02
    },
    "Vext_params": {
        "potential_type": "custom",
        "An": [
            2.8561419213638777,
            2.027079724580768,
            0.16780715375477903,
            1.8876287233001385
        ],
        "phi_n": [
            3.5223848244682587,
            1.4334346420963215,
            0.9204935747692479,
            2.523889678512074
        ],
        "Vlin_par": [
            [
                -5.183069688013157,
                -0.660295074734619,
                -4.232014923765401,
                -0.8487294418569779
            ],
            [
                4.4903068154377515,
                -2.172661182597821,
                1.6346472892354418,
                -1.0544873460234154
            ]
        ],
        "x_tar": [
            [
                7.706465377841645,
                5.691994241690499,
                2.2392323377548085,
                14.926762902312575
            ],
            [
                18.339171545853358,
                19.050199727583866,
                3.703837623795856,
                15.357574235435065
            ]
        ],
        "C": 0.2
    },
    "output_params": {
        "output_dir": "output/OUT_config_0505_M8_Trivial_H20.0_mu-0.87",
        "output_prefix": "mc_sim_Trivial_H20.0_mub-0.87_M8"
    }
}