{
    "input_params": {
        "polymer_type": "Ring",
        "knot_type": "Trivial",
        "configuration": "input/init_config_Z/TrivialN64M8H20.00rho0.10.dat",
        "mu_b": 1.676557996651482,
        "M": 8,
        "init_N": 64,
        "rho_b": 0.1,
        "box_xy": 16.0,
        "H": 20.0,
        "rcut": 1.0,
        "max_N": 640,
        "external_potential": "custom"
    },
    "simulation_params": {
        "EPS_TRANS": 0.05,
        "ROT_RATIO": 0.3,
        "K_MAX": 10,
        "sample_interval": 5,
        "sample_time": 40000,
        "sample_block": 4,
        "dz": 0.02
    },
    "Vext_params": {
        "potential_type": "custom",
        "An": [
            4.306529771310044,
            0.38688514591936646,
            -1.2787438330160883,
            -0.2959343630595197
        ],
        "phi_n": [
            4.123949352563875,
            5.101281671111443,
            4.743956440242131,
            2.450369777156054
        ],
        "Vlin_par": [
            [
                -2.054979992717792,
                -2.956799423141127,
                -0.15769924065195706,
                1.3911424977937188
            ],
            [
                -0.4815172317238028,
                6.220684183461602,
                -0.5010920100187818,
                1.1569108467549214
            ]
        ],
        "x_tar": [
            [
                3.1438851059077377,
                7.283381274104586,
                10.594698994336884,
                7.438358672711701
            ],
            [
                13.545594625090951,
                18.6540576195072,
                16.72606856572428,
                15.980449069349893
            ]
        ],
        "C": 0.2
    },
    "output_params": {
        "output_dir": "output/OUT_config_0378_M8_Trivial_H20.0_mu1.68",
        "output_prefix": "mc_sim_Trivial_H20.0_mub1.68_M8"
    }
}