{
    "input_params": {
        "polymer_type": "Ring",
        "knot_type": "Trivial",
        "configuration": "input/init_config_Z/TrivialN64M8H20.00rho0.10.dat",
        "mu_b": 2.66912256093692,
        "M": 8,
        "init_N": 64,
        "rho_b": 0.1,
        "box_xy": 16.0,
        "H": 20.0,
        "rcut": 1.0,
        "max_N": 640,
        "external_potential": "custom"
    },
    "simulation_params": {
        "EPS_TRANS": 0.05,
        "ROT_RATIO": 0.3,
        "K_MAX": 10,
        "sample_interval": 5,
        "sample_time": 40000,
        "sample_block": 4,
        "dz": 0.02
    },
    "Vext_params": {
        "potential_type": "custom",
        "An": [
            1.167515985528427,
            1.024227718265787,
            0.6245046598141644,
            1.3932075620758224
        ],
        "phi_n": [
            1.9432694959393275,
            0.2969283825177105,
            4.279463684518186,
            0.1477718285323731
        ],
        "Vlin_par": [
            [
                1.664823971669581,
                -2.329552211822513,
                1.1689469456122894,
                2.6242542829582733
            ],
            [
                -0.3709026522664825,
                -1.9093989479601823,
                -2.733406828352567,
                -0.11675029939297206
            ]
        ],
        "x_tar": [
            [
                1.7733975909927557,
                1.7234506361323376,
                7.033457834317782,
                6.479880012768417
            ],
            [
                12.430389733714033,
                10.46517180645006,
                12.106766641562698,
                15.84933873027244
            ]
        ],
        "C": 0.2
    },
    "output_params": {
        "output_dir": "output/OUT_config_0302_M8_Trivial_H20.0_mu2.67",
        "output_prefix": "mc_sim_Trivial_H20.0_mub2.67_M8"
    }
}