{
    "input_params": {
        "polymer_type": "Ring",
        "knot_type": "Trivial",
        "configuration": "input/init_config_Z/TrivialN64M8H20.00rho0.10.dat",
        "mu_b": -0.3426186280962782,
        "M": 8,
        "init_N": 64,
        "rho_b": 0.1,
        "box_xy": 16.0,
        "H": 20.0,
        "rcut": 1.0,
        "max_N": 640,
        "external_potential": "custom"
    },
    "simulation_params": {
        "EPS_TRANS": 0.05,
        "ROT_RATIO": 0.3,
        "K_MAX": 10,
        "sample_interval": 5,
        "sample_time": 40000,
        "sample_block": 4,
        "dz": 0.02
    },
    "Vext_params": {
        "potential_type": "custom",
        "An": [
            -0.467438658537115,
            0.5016648137883262,
            0.5156249960388445,
            -0.5057974455050033
        ],
        "phi_n": [
            1.8961633596162542,
            1.5116871966136425,
            5.134106338072285,
            1.4065970205809943
        ],
        "Vlin_par": [
            [
                2.573756212149543,
                3.396514472602525,
                -2.4154511939195387,
                2.9564967776299955
            ],
            [
                -2.350855483691247,
                2.821976080815207,
                1.514224246130812,
                1.6243074240100888
            ]
        ],
        "x_tar": [
            [
                10.989215282988917,
                8.92434218464506,
                0.9297077843725421,
                0.15187965131674197
            ],
            [
                16.419062151897485,
                15.665070078761662,
                2.876433450980014,
                13.65657819829015
            ]
        ],
        "C": 0.2
    },
    "output_params": {
        "output_dir": "output/OUT_config_0541_M8_Trivial_H20.0_mu-0.34",
        "output_prefix": "mc_sim_Trivial_H20.0_mub-0.34_M8"
    }
}