{
    "input_params": {
        "polymer_type": "Ring",
        "knot_type": "Trivial",
        "configuration": "input/init_config_Z/TrivialN64M8H20.00rho0.10.dat",
        "mu_b": 2.0512398123214552,
        "M": 8,
        "init_N": 64,
        "rho_b": 0.1,
        "box_xy": 16.0,
        "H": 20.0,
        "rcut": 1.0,
        "max_N": 640,
        "external_potential": "custom"
    },
    "simulation_params": {
        "EPS_TRANS": 0.05,
        "ROT_RATIO": 0.3,
        "K_MAX": 10,
        "sample_interval": 5,
        "sample_time": 40000,
        "sample_block": 4,
        "dz": 0.02
    },
    "Vext_params": {
        "potential_type": "custom",
        "An": [
            -3.0319587738399574,
            1.0910282229857986,
            -1.7280195753886585,
            2.22095541879713
        ],
        "phi_n": [
            3.228375133535378,
            0.4158881058025661,
            4.114198016816752,
            2.4180337045692695
        ],
        "Vlin_par": [
            [
                0.770498958279041,
                0.16373577438447134,
                2.6500827442140054,
                2.4851217087855693
            ],
            [
                1.6737409717006844,
                0.059549678116807656,
                0.6501609817333083,
                0.18893154540692197
            ]
        ],
        "x_tar": [
            [
                3.393883021515227,
                7.532196910088005,
                4.779859233586068,
                12.685092115858176
            ],
            [
                4.838015850643702,
                11.507643787292443,
                13.87433218376495,
                16.107543463783593
            ]
        ],
        "C": 0.2
    },
    "output_params": {
        "output_dir": "output/OUT_config_0381_M8_Trivial_H20.0_mu2.05",
        "output_prefix": "mc_sim_Trivial_H20.0_mub2.05_M8"
    }
}