{
    "input_params": {
        "polymer_type": "Ring",
        "knot_type": "Trivial",
        "configuration": "input/init_config_Z/TrivialN64M8H20.00rho0.10.dat",
        "mu_b": 5.139618202018447,
        "M": 8,
        "init_N": 64,
        "rho_b": 0.1,
        "box_xy": 16.0,
        "H": 20.0,
        "rcut": 1.0,
        "max_N": 640,
        "external_potential": "custom"
    },
    "simulation_params": {
        "EPS_TRANS": 0.05,
        "ROT_RATIO": 0.3,
        "K_MAX": 10,
        "sample_interval": 5,
        "sample_time": 40000,
        "sample_block": 4,
        "dz": 0.02
    },
    "Vext_params": {
        "potential_type": "custom",
        "An": [
            -0.8704451117796209,
            -0.09204704226067043,
            -1.3580035979588758,
            1.4687543784685975
        ],
        "phi_n": [
            5.413455531178797,
            0.10564355731040602,
            3.519722743646595,
            0.014720387516431526
        ],
        "Vlin_par": [
            [
                1.2490452797083407,
                -1.7388692064824613,
                1.3916958063027347,
                4.432066894708573
            ],
            [
                -0.971095693006208,
                0.7889583672637935,
                0.04451655756042403,
                -0.6099589102747549
            ]
        ],
        "x_tar": [
            [
                3.2261538091073794,
                0.5416454230305923,
                1.3490774708298292,
                12.611198683689107
            ],
            [
                17.735162097565205,
                5.706264134260688,
                2.038435544348145,
                18.30968787429091
            ]
        ],
        "C": 0.2
    },
    "output_params": {
        "output_dir": "output/OUT_config_0474_M8_Trivial_H20.0_mu5.14",
        "output_prefix": "mc_sim_Trivial_H20.0_mub5.14_M8"
    }
}