{
    "input_params": {
        "polymer_type": "Ring",
        "knot_type": "Trivial",
        "configuration": "input/init_config_Z/TrivialN64M8H20.00rho0.10.dat",
        "mu_b": 3.7400940406264462,
        "M": 8,
        "init_N": 64,
        "rho_b": 0.1,
        "box_xy": 16.0,
        "H": 20.0,
        "rcut": 1.0,
        "max_N": 640,
        "external_potential": "custom"
    },
    "simulation_params": {
        "EPS_TRANS": 0.05,
        "ROT_RATIO": 0.3,
        "K_MAX": 10,
        "sample_interval": 5,
        "sample_time": 40000,
        "sample_block": 4,
        "dz": 0.02
    },
    "Vext_params": {
        "potential_type": "custom",
        "An": [
            -0.2122107050570856,
            -3.2400797394041967,
            0.13001149871344697,
            -0.4789893036023103
        ],
        "phi_n": [
            4.774070231819935,
            4.624725395303451,
            0.7389144486761181,
            5.3309763983348235
        ],
        "Vlin_par": [
            [
                0.16965889321054353,
                0.0005204955001925515,
                1.3388114744365147,
                -1.6019943056909407
            ],
            [
                2.4490773241293957,
                1.381399635620624,
                4.3058365399281415,
                -2.8174410593428374
            ]
        ],
        "x_tar": [
            [
                6.623591559453543,
                8.79371703626713,
                0.9046061451471665,
                2.9843243625874427
            ],
            [
                13.943362692584415,
                10.465839496797582,
                7.808440360851034,
                9.449451781809003
            ]
        ],
        "C": 0.2
    },
    "output_params": {
        "output_dir": "output/OUT_config_0396_M8_Trivial_H20.0_mu3.74",
        "output_prefix": "mc_sim_Trivial_H20.0_mub3.74_M8"
    }
}