{
    "input_params": {
        "polymer_type": "Ring",
        "knot_type": "Trivial",
        "configuration": "input/init_config_Z/TrivialN64M8H20.00rho0.10.dat",
        "mu_b": 3.7059792653113464,
        "M": 8,
        "init_N": 64,
        "rho_b": 0.1,
        "box_xy": 16.0,
        "H": 20.0,
        "rcut": 1.0,
        "max_N": 640,
        "external_potential": "custom"
    },
    "simulation_params": {
        "EPS_TRANS": 0.05,
        "ROT_RATIO": 0.3,
        "K_MAX": 10,
        "sample_interval": 5,
        "sample_time": 40000,
        "sample_block": 4,
        "dz": 0.02
    },
    "Vext_params": {
        "potential_type": "custom",
        "An": [
            1.2526417482694658,
            0.2674001682985209,
            2.4189392453561878,
            1.0366918573602057
        ],
        "phi_n": [
            5.1657821634872265,
            4.402083993363783,
            3.1280567095132006,
            5.788700061779357
        ],
        "Vlin_par": [
            [
                -0.02239480578123661,
                0.7097237261063282,
                -0.19061746304827937,
                0.02271267708291108
            ],
            [
                -0.13277989199769985,
                -0.330561214741068,
                0.9768067128900682,
                -0.2393030846807456
            ]
        ],
        "x_tar": [
            [
                10.17439108440511,
                15.534359113603344,
                7.279770040150256,
                2.9130929306861675
            ],
            [
                18.739776164442596,
                16.890102082523246,
                9.335642683492505,
                5.425649130809176
            ]
        ],
        "C": 0.2
    },
    "output_params": {
        "output_dir": "output/OUT_config_0277_M8_Trivial_H20.0_mu3.71",
        "output_prefix": "mc_sim_Trivial_H20.0_mub3.71_M8"
    }
}