{
    "input_params": {
        "polymer_type": "Ring",
        "knot_type": "Trivial",
        "configuration": "input/init_config_Z/TrivialN64M8H20.00rho0.10.dat",
        "mu_b": -0.4044692971842987,
        "M": 8,
        "init_N": 64,
        "rho_b": 0.1,
        "box_xy": 16.0,
        "H": 20.0,
        "rcut": 1.0,
        "max_N": 640,
        "external_potential": "custom"
    },
    "simulation_params": {
        "EPS_TRANS": 0.05,
        "ROT_RATIO": 0.3,
        "K_MAX": 10,
        "sample_interval": 5,
        "sample_time": 40000,
        "sample_block": 4,
        "dz": 0.02
    },
    "Vext_params": {
        "potential_type": "custom",
        "An": [
            -3.1881217024093096,
            -0.9112746601062685,
            0.6383583262920605,
            0.8550762446608817
        ],
        "phi_n": [
            3.9624248292140756,
            3.4908227983566986,
            1.695505413156603,
            2.6488734863518144
        ],
        "Vlin_par": [
            [
                -1.3549800464244373,
                -0.9098191771906624,
                1.8942955457920103,
                0.9632916358904666
            ],
            [
                -0.809628568816227,
                -0.9595452795779434,
                -0.3423035146281032,
                -1.1562669530709015
            ]
        ],
        "x_tar": [
            [
                13.118880484231674,
                3.580106243727257,
                2.2851663471155814,
                14.311352690854092
            ],
            [
                16.886951603271573,
                5.836374959109922,
                6.184710340197935,
                17.69272872521634
            ]
        ],
        "C": 0.2
    },
    "output_params": {
        "output_dir": "output/OUT_config_0097_M8_Trivial_H20.0_mu-0.40",
        "output_prefix": "mc_sim_Trivial_H20.0_mub-0.40_M8"
    }
}