{
    "input_params": {
        "polymer_type": "Ring",
        "knot_type": "Trivial",
        "configuration": "input/init_config_Z/TrivialN64M8H20.00rho0.10.dat",
        "mu_b": 4.003816672504137,
        "M": 8,
        "init_N": 64,
        "rho_b": 0.1,
        "box_xy": 16.0,
        "H": 20.0,
        "rcut": 1.0,
        "max_N": 640,
        "external_potential": "custom"
    },
    "simulation_params": {
        "EPS_TRANS": 0.05,
        "ROT_RATIO": 0.3,
        "K_MAX": 10,
        "sample_interval": 5,
        "sample_time": 40000,
        "sample_block": 4,
        "dz": 0.02
    },
    "Vext_params": {
        "potential_type": "custom",
        "An": [
            0.21518800791518541,
            0.707200783473619,
            1.2794055645741658,
            0.07155425771925025
        ],
        "phi_n": [
            0.3268250395230139,
            2.9496757992571783,
            5.104926105452444,
            2.231086592461261
        ],
        "Vlin_par": [
            [
                0.2926536591022983,
                -0.33146313071996447,
                -0.34943955212563726,
                -3.5447344650865533
            ],
            [
                2.0074590883482624,
                -0.5950452657073877,
                -0.4443876072901795,
                -0.10223305714542291
            ]
        ],
        "x_tar": [
            [
                9.92434595194635,
                4.6624360025828775,
                1.4273778618461175,
                11.941275697499872
            ],
            [
                17.564564327758706,
                5.195474869735282,
                15.440600722313857,
                13.536387562968935
            ]
        ],
        "C": 0.2
    },
    "output_params": {
        "output_dir": "output/OUT_config_0560_M8_Trivial_H20.0_mu4.00",
        "output_prefix": "mc_sim_Trivial_H20.0_mub4.00_M8"
    }
}