{
    "input_params": {
        "polymer_type": "Ring",
        "knot_type": "Trivial",
        "configuration": "input/init_config_Z/TrivialN64M8H20.00rho0.10.dat",
        "mu_b": 5.5656551984826255,
        "M": 8,
        "init_N": 64,
        "rho_b": 0.1,
        "box_xy": 16.0,
        "H": 20.0,
        "rcut": 1.0,
        "max_N": 640,
        "external_potential": "custom"
    },
    "simulation_params": {
        "EPS_TRANS": 0.05,
        "ROT_RATIO": 0.3,
        "K_MAX": 10,
        "sample_interval": 5,
        "sample_time": 40000,
        "sample_block": 4,
        "dz": 0.02
    },
    "Vext_params": {
        "potential_type": "custom",
        "An": [
            2.682556320295258,
            0.5767652029044436,
            -4.254943607348944,
            3.1483089871093117
        ],
        "phi_n": [
            3.3518610030754905,
            5.130649550584893,
            5.787940954012296,
            3.867160054165478
        ],
        "Vlin_par": [
            [
                -2.2274824445347403,
                -3.6016318335877258,
                -1.1510803448537141,
                0.320884025389614
            ],
            [
                -1.3928308512054284,
                -0.19992603952114632,
                -1.0895611047090958,
                -3.0941215093429166
            ]
        ],
        "x_tar": [
            [
                5.258382029807764,
                3.0731211188714136,
                10.744833190061803,
                12.391882126121434
            ],
            [
                5.544222453403631,
                12.27704229502616,
                18.910586077319735,
                19.928853568069535
            ]
        ],
        "C": 0.2
    },
    "output_params": {
        "output_dir": "output/OUT_config_0047_M8_Trivial_H20.0_mu5.57",
        "output_prefix": "mc_sim_Trivial_H20.0_mub5.57_M8"
    }
}