{
    "input_params": {
        "polymer_type": "Ring",
        "knot_type": "Trivial",
        "configuration": "input/init_config_Z/TrivialN64M8H20.00rho0.10.dat",
        "mu_b": 1.6963523750045955,
        "M": 8,
        "init_N": 64,
        "rho_b": 0.1,
        "box_xy": 16.0,
        "H": 20.0,
        "rcut": 1.0,
        "max_N": 640,
        "external_potential": "custom"
    },
    "simulation_params": {
        "EPS_TRANS": 0.05,
        "ROT_RATIO": 0.3,
        "K_MAX": 10,
        "sample_interval": 5,
        "sample_time": 40000,
        "sample_block": 4,
        "dz": 0.02
    },
    "Vext_params": {
        "potential_type": "custom",
        "An": [
            1.5784839162140318,
            2.020329949789193,
            0.10228617919310595,
            -1.8190080031004439
        ],
        "phi_n": [
            2.8390865045000946,
            0.6964721261153809,
            2.060701494456522,
            1.1012373895215126
        ],
        "Vlin_par": [
            [
                -0.5700819941995346,
                2.5758616021196867,
                4.339607462990404,
                -1.6569857112416433
            ],
            [
                0.8077734305542704,
                0.7839728741602031,
                -1.6551401288481036,
                0.83015932505236
            ]
        ],
        "x_tar": [
            [
                12.089481082465294,
                0.37974110120717164,
                12.316443672124148,
                2.842972490341902
            ],
            [
                17.099125784126347,
                7.672146643183215,
                15.238192228973059,
                16.26528238657557
            ]
        ],
        "C": 0.2
    },
    "output_params": {
        "output_dir": "output/OUT_config_0228_M8_Trivial_H20.0_mu1.70",
        "output_prefix": "mc_sim_Trivial_H20.0_mub1.70_M8"
    }
}