{
    "input_params": {
        "polymer_type": "Ring",
        "knot_type": "Trivial",
        "configuration": "input/init_config_Z/TrivialN64M8H20.00rho0.10.dat",
        "mu_b": 2.3350470354481354,
        "M": 8,
        "init_N": 64,
        "rho_b": 0.1,
        "box_xy": 16.0,
        "H": 20.0,
        "rcut": 1.0,
        "max_N": 640,
        "external_potential": "custom"
    },
    "simulation_params": {
        "EPS_TRANS": 0.05,
        "ROT_RATIO": 0.3,
        "K_MAX": 10,
        "sample_interval": 5,
        "sample_time": 40000,
        "sample_block": 4,
        "dz": 0.02
    },
    "Vext_params": {
        "potential_type": "custom",
        "An": [
            2.1533070091003057,
            1.5452421996798744,
            3.4254899493945072,
            -1.239285443100208
        ],
        "phi_n": [
            1.0703721551109247,
            3.1607507607630074,
            4.995358636210633,
            0.7001239997554863
        ],
        "Vlin_par": [
            [
                3.12195293570982,
                0.6365120543657603,
                0.9682857512568028,
                -0.9329777055029628
            ],
            [
                -2.4490463407888607,
                0.639677046872451,
                -3.15400555897665,
                0.8222936508414416
            ]
        ],
        "x_tar": [
            [
                11.251874163304334,
                2.777670763259268,
                7.23275549498644,
                4.604403676947184
            ],
            [
                14.169391532272531,
                14.25185402510685,
                12.240087715090265,
                10.637478690140432
            ]
        ],
        "C": 0.2
    },
    "output_params": {
        "output_dir": "output/OUT_config_0058_M8_Trivial_H20.0_mu2.34",
        "output_prefix": "mc_sim_Trivial_H20.0_mub2.34_M8"
    }
}