{
    "input_params": {
        "polymer_type": "Ring",
        "knot_type": "Trivial",
        "configuration": "input/init_config_Z/TrivialN64M8H20.00rho0.10.dat",
        "mu_b": 1.4926185893618733,
        "M": 8,
        "init_N": 64,
        "rho_b": 0.1,
        "box_xy": 16.0,
        "H": 20.0,
        "rcut": 1.0,
        "max_N": 640,
        "external_potential": "custom"
    },
    "simulation_params": {
        "EPS_TRANS": 0.05,
        "ROT_RATIO": 0.3,
        "K_MAX": 10,
        "sample_interval": 5,
        "sample_time": 40000,
        "sample_block": 4,
        "dz": 0.02
    },
    "Vext_params": {
        "potential_type": "custom",
        "An": [
            1.6360358041902134,
            -0.3435535991921283,
            -1.3107339116316157,
            -2.6334389827442757
        ],
        "phi_n": [
            0.0382571520871656,
            0.7814759688249182,
            3.1340434037678784,
            2.6712247460885834
        ],
        "Vlin_par": [
            [
                1.0239694664819243,
                1.7468382556722255,
                -1.613188093849313,
                -4.767681806036158
            ],
            [
                -3.640304620717613,
                0.9457368371485078,
                -2.172599416812598,
                1.4709236548563183
            ]
        ],
        "x_tar": [
            [
                4.080584251654191,
                17.076108405063493,
                14.3007519515335,
                8.991950447481315
            ],
            [
                18.841150427400386,
                18.42502969584052,
                19.906621941086854,
                13.915909775731304
            ]
        ],
        "C": 0.2
    },
    "output_params": {
        "output_dir": "output/OUT_config_0331_M8_Trivial_H20.0_mu1.49",
        "output_prefix": "mc_sim_Trivial_H20.0_mub1.49_M8"
    }
}