{
    "input_params": {
        "polymer_type": "Ring",
        "knot_type": "Trivial",
        "configuration": "input/init_config_Z/TrivialN64M8H20.00rho0.10.dat",
        "mu_b": 0.1923568013129875,
        "M": 8,
        "init_N": 64,
        "rho_b": 0.1,
        "box_xy": 16.0,
        "H": 20.0,
        "rcut": 1.0,
        "max_N": 640,
        "external_potential": "custom"
    },
    "simulation_params": {
        "EPS_TRANS": 0.05,
        "ROT_RATIO": 0.3,
        "K_MAX": 10,
        "sample_interval": 5,
        "sample_time": 40000,
        "sample_block": 4,
        "dz": 0.02
    },
    "Vext_params": {
        "potential_type": "custom",
        "An": [
            -1.8335838368693143,
            -1.8346742419674078,
            3.3690116353115354,
            -0.8287058181383816
        ],
        "phi_n": [
            0.8656125199705755,
            0.35162527417811856,
            1.169170376419094,
            2.6187364746194657
        ],
        "Vlin_par": [
            [
                0.11008762100548211,
                2.8254369215705655,
                -0.7210960198050155,
                0.3865704411136182
            ],
            [
                -2.5277621677505193,
                -0.34410320970282887,
                1.71667980715237,
                1.2567752430531447
            ]
        ],
        "x_tar": [
            [
                5.993936341674488,
                4.766679189730853,
                16.24020439348999,
                5.738954478615073
            ],
            [
                6.086045113060341,
                16.137570594252,
                18.023552479120944,
                14.782289430919908
            ]
        ],
        "C": 0.2
    },
    "output_params": {
        "output_dir": "output/OUT_config_0432_M8_Trivial_H20.0_mu0.19",
        "output_prefix": "mc_sim_Trivial_H20.0_mub0.19_M8"
    }
}