{
    "input_params": {
        "polymer_type": "Ring",
        "knot_type": "Trivial",
        "configuration": "input/init_config_Z/TrivialN64M8H20.00rho0.10.dat",
        "mu_b": 2.1694224214493882,
        "M": 8,
        "init_N": 64,
        "rho_b": 0.1,
        "box_xy": 16.0,
        "H": 20.0,
        "rcut": 1.0,
        "max_N": 640,
        "external_potential": "custom"
    },
    "simulation_params": {
        "EPS_TRANS": 0.05,
        "ROT_RATIO": 0.3,
        "K_MAX": 10,
        "sample_interval": 5,
        "sample_time": 40000,
        "sample_block": 4,
        "dz": 0.02
    },
    "Vext_params": {
        "potential_type": "custom",
        "An": [
            -1.1379363459544078,
            -0.5128275748002684,
            1.0860388609613134,
            1.826934182913488
        ],
        "phi_n": [
            1.1032664263062126,
            0.2259616265688106,
            2.653662805990801,
            5.356573434804169
        ],
        "Vlin_par": [
            [
                1.447311594769377,
                3.978820904544789,
                -1.1300409957497313,
                -1.388375213086272
            ],
            [
                -0.489987115019101,
                -1.1856190903287378,
                0.41899484340805027,
                -0.8550095336507063
            ]
        ],
        "x_tar": [
            [
                6.776121001820286,
                0.373217568060058,
                5.329651863979641,
                10.511622890963793
            ],
            [
                14.195467355945851,
                4.583354652721139,
                16.444922225107533,
                13.61524682918933
            ]
        ],
        "C": 0.2
    },
    "output_params": {
        "output_dir": "output/OUT_config_0135_M8_Trivial_H20.0_mu2.17",
        "output_prefix": "mc_sim_Trivial_H20.0_mub2.17_M8"
    }
}