{
    "input_params": {
        "polymer_type": "Ring",
        "knot_type": "Trivial",
        "configuration": "input/init_config_Z/TrivialN64M8H20.00rho0.10.dat",
        "mu_b": -0.7663134929619267,
        "M": 8,
        "init_N": 64,
        "rho_b": 0.1,
        "box_xy": 16.0,
        "H": 20.0,
        "rcut": 1.0,
        "max_N": 640,
        "external_potential": "custom"
    },
    "simulation_params": {
        "EPS_TRANS": 0.05,
        "ROT_RATIO": 0.3,
        "K_MAX": 10,
        "sample_interval": 5,
        "sample_time": 40000,
        "sample_block": 4,
        "dz": 0.02
    },
    "Vext_params": {
        "potential_type": "custom",
        "An": [
            1.6179316910248132,
            -0.7969223785095454,
            0.6167542418925547,
            1.6699420797683682
        ],
        "phi_n": [
            5.586678824599745,
            3.74678348202805,
            5.905333677367185,
            0.26498796940305414
        ],
        "Vlin_par": [
            [
                -1.040075485296231,
                -1.8577855705252517,
                3.3637219163270076,
                3.1128522066544915
            ],
            [
                -0.5668097742391973,
                -1.7467876957239536,
                3.420698928768535,
                0.8721330618151978
            ]
        ],
        "x_tar": [
            [
                1.0786261193001567,
                13.72760591836552,
                3.190599146018076,
                13.143236338846956
            ],
            [
                1.8609806088349035,
                17.133510002488897,
                15.589665776317087,
                14.216265369293097
            ]
        ],
        "C": 0.2
    },
    "output_params": {
        "output_dir": "output/OUT_config_0205_M8_Trivial_H20.0_mu-0.77",
        "output_prefix": "mc_sim_Trivial_H20.0_mub-0.77_M8"
    }
}