{
    "input_params": {
        "polymer_type": "Ring",
        "knot_type": "Trivial",
        "configuration": "input/init_config_Z/TrivialN64M8H20.00rho0.10.dat",
        "mu_b": 4.43476525300449,
        "M": 8,
        "init_N": 64,
        "rho_b": 0.1,
        "box_xy": 16.0,
        "H": 20.0,
        "rcut": 1.0,
        "max_N": 640,
        "external_potential": "custom"
    },
    "simulation_params": {
        "EPS_TRANS": 0.05,
        "ROT_RATIO": 0.3,
        "K_MAX": 10,
        "sample_interval": 5,
        "sample_time": 40000,
        "sample_block": 4,
        "dz": 0.02
    },
    "Vext_params": {
        "potential_type": "custom",
        "An": [
            -0.026903376097522805,
            -0.07807535948281788,
            3.4742166372406706,
            -0.8073162289206346
        ],
        "phi_n": [
            5.701168312042922,
            2.370474916493208,
            0.12840034961647884,
            3.689147551846151
        ],
        "Vlin_par": [
            [
                2.6053085724340086,
                0.14413221583757033,
                -1.0833940417329004,
                -4.837899372972514
            ],
            [
                -0.923899279432121,
                -1.9674548859264624,
                4.585308301652916,
                0.07410359585999776
            ]
        ],
        "x_tar": [
            [
                1.1956612236708808,
                2.59818688598781,
                3.073032170100012,
                8.502858356887105
            ],
            [
                13.775462855571355,
                4.926883880970461,
                16.02693616808111,
                17.605475831874028
            ]
        ],
        "C": 0.2
    },
    "output_params": {
        "output_dir": "output/OUT_config_0185_M8_Trivial_H20.0_mu4.43",
        "output_prefix": "mc_sim_Trivial_H20.0_mub4.43_M8"
    }
}