{
    "input_params": {
        "polymer_type": "Ring",
        "knot_type": "Trivial",
        "configuration": "input/init_config_Z/TrivialN64M8H20.00rho0.10.dat",
        "mu_b": -0.7082607584306502,
        "M": 8,
        "init_N": 64,
        "rho_b": 0.1,
        "box_xy": 16.0,
        "H": 20.0,
        "rcut": 1.0,
        "max_N": 640,
        "external_potential": "custom"
    },
    "simulation_params": {
        "EPS_TRANS": 0.05,
        "ROT_RATIO": 0.3,
        "K_MAX": 10,
        "sample_interval": 5,
        "sample_time": 40000,
        "sample_block": 4,
        "dz": 0.02
    },
    "Vext_params": {
        "potential_type": "custom",
        "An": [
            -1.7488826280398546,
            -2.2591951222995363,
            1.2753174284562787,
            -0.7548036020347723
        ],
        "phi_n": [
            4.5028722620883155,
            4.490609898945692,
            0.31080238913166425,
            4.950589238133194
        ],
        "Vlin_par": [
            [
                1.8201159489349241,
                0.2548556270919646,
                -0.5620110607950585,
                -1.9604925100560444
            ],
            [
                -0.6938402382419747,
                0.4994720508585423,
                0.5540958268497137,
                1.4652126227608222
            ]
        ],
        "x_tar": [
            [
                17.662727753127967,
                6.092332829912783,
                4.026129329438605,
                0.08326157769814158
            ],
            [
                17.909245846772272,
                14.638127838986337,
                5.76566711245529,
                10.30832207774786
            ]
        ],
        "C": 0.2
    },
    "output_params": {
        "output_dir": "output/OUT_config_0341_M8_Trivial_H20.0_mu-0.71",
        "output_prefix": "mc_sim_Trivial_H20.0_mub-0.71_M8"
    }
}