{
    "input_params": {
        "polymer_type": "Ring",
        "knot_type": "Trivial",
        "configuration": "input/init_config_Z/TrivialN64M8H20.00rho0.10.dat",
        "mu_b": 5.32083000942126,
        "M": 8,
        "init_N": 64,
        "rho_b": 0.1,
        "box_xy": 16.0,
        "H": 20.0,
        "rcut": 1.0,
        "max_N": 640,
        "external_potential": "custom"
    },
    "simulation_params": {
        "EPS_TRANS": 0.05,
        "ROT_RATIO": 0.3,
        "K_MAX": 10,
        "sample_interval": 5,
        "sample_time": 40000,
        "sample_block": 4,
        "dz": 0.02
    },
    "Vext_params": {
        "potential_type": "custom",
        "An": [
            0.5246743994470877,
            0.3538884072358527,
            -1.179431624036469,
            -1.7144506695686474
        ],
        "phi_n": [
            1.2652612918823332,
            6.09638348732386,
            3.185474548910234,
            3.5219224272612197
        ],
        "Vlin_par": [
            [
                -0.22739811468032473,
                0.008600578420164453,
                -2.278903300294558,
                -1.3834500858477277
            ],
            [
                0.927503524432465,
                -4.025023628959209,
                1.1752872305114508,
                0.9104027565080567
            ]
        ],
        "x_tar": [
            [
                3.8399575503294603,
                5.217465020949728,
                9.796380630301293,
                10.000437142112347
            ],
            [
                10.324424819540038,
                6.6162702063876715,
                10.097378008542218,
                10.598562338985115
            ]
        ],
        "C": 0.2
    },
    "output_params": {
        "output_dir": "output/OUT_config_0337_M8_Trivial_H20.0_mu5.32",
        "output_prefix": "mc_sim_Trivial_H20.0_mub5.32_M8"
    }
}