{
    "input_params": {
        "polymer_type": "Ring",
        "knot_type": "Trivial",
        "configuration": "input/init_config_Z/TrivialN64M8H20.00rho0.10.dat",
        "mu_b": 4.600109948351032,
        "M": 8,
        "init_N": 64,
        "rho_b": 0.1,
        "box_xy": 16.0,
        "H": 20.0,
        "rcut": 1.0,
        "max_N": 640,
        "external_potential": "custom"
    },
    "simulation_params": {
        "EPS_TRANS": 0.05,
        "ROT_RATIO": 0.3,
        "K_MAX": 10,
        "sample_interval": 5,
        "sample_time": 40000,
        "sample_block": 4,
        "dz": 0.02
    },
    "Vext_params": {
        "potential_type": "custom",
        "An": [
            -2.0037646587151423,
            2.473541053806478,
            4.234434019584648,
            -0.14103603712106685
        ],
        "phi_n": [
            4.071427163372558,
            2.61401624255206,
            2.1687113184765994,
            4.199128712208543
        ],
        "Vlin_par": [
            [
                0.22060097640931176,
                4.751165791338412,
                1.6630466455743802,
                0.9911857035907438
            ],
            [
                -3.4454015032956518,
                -0.8634523842539927,
                -1.0016872781542572,
                1.8700266955783196
            ]
        ],
        "x_tar": [
            [
                9.209570892020356,
                0.07944338426168596,
                2.430636211465711,
                5.224564563299568
            ],
            [
                15.223402483850993,
                18.360431604386424,
                17.069883166709857,
                14.50031952339499
            ]
        ],
        "C": 0.2
    },
    "output_params": {
        "output_dir": "output/OUT_config_0163_M8_Trivial_H20.0_mu4.60",
        "output_prefix": "mc_sim_Trivial_H20.0_mub4.60_M8"
    }
}