{
    "input_params": {
        "polymer_type": "Ring",
        "knot_type": "Trivial",
        "configuration": "input/init_config_Z/TrivialN64M8H20.00rho0.10.dat",
        "mu_b": 1.3781646377486982,
        "M": 8,
        "init_N": 64,
        "rho_b": 0.1,
        "box_xy": 16.0,
        "H": 20.0,
        "rcut": 1.0,
        "max_N": 640,
        "external_potential": "custom"
    },
    "simulation_params": {
        "EPS_TRANS": 0.05,
        "ROT_RATIO": 0.3,
        "K_MAX": 10,
        "sample_interval": 5,
        "sample_time": 40000,
        "sample_block": 4,
        "dz": 0.02
    },
    "Vext_params": {
        "potential_type": "custom",
        "An": [
            0.4143225038318408,
            0.6562619275189016,
            1.38569696148611,
            0.19126063016312309
        ],
        "phi_n": [
            1.5925970848153128,
            3.460209780441969,
            4.007913654781368,
            5.138117263676904
        ],
        "Vlin_par": [
            [
                1.42224231648476,
                0.22704831131938374,
                -0.793564359535771,
                -0.7064574150604528
            ],
            [
                -4.575196236206889,
                2.712258118984702,
                -1.8147568207988563,
                0.28798703273862525
            ]
        ],
        "x_tar": [
            [
                16.440703000722667,
                10.96572362132449,
                0.06950832857286704,
                4.542026259249569
            ],
            [
                16.675414154760443,
                13.163094660847127,
                12.894410098524103,
                9.350578434897066
            ]
        ],
        "C": 0.2
    },
    "output_params": {
        "output_dir": "output/OUT_config_0116_M8_Trivial_H20.0_mu1.38",
        "output_prefix": "mc_sim_Trivial_H20.0_mub1.38_M8"
    }
}