{
    "input_params": {
        "polymer_type": "Ring",
        "knot_type": "Trivial",
        "configuration": "input/init_config_Z/TrivialN64M8H20.00rho0.10.dat",
        "mu_b": 1.2781269912681341,
        "M": 8,
        "init_N": 64,
        "rho_b": 0.1,
        "box_xy": 16.0,
        "H": 20.0,
        "rcut": 1.0,
        "max_N": 640,
        "external_potential": "custom"
    },
    "simulation_params": {
        "EPS_TRANS": 0.05,
        "ROT_RATIO": 0.3,
        "K_MAX": 10,
        "sample_interval": 5,
        "sample_time": 40000,
        "sample_block": 4,
        "dz": 0.02
    },
    "Vext_params": {
        "potential_type": "custom",
        "An": [
            -2.1066643515851142,
            0.9549162422684333,
            -0.11809636243253696,
            1.2800508156027919
        ],
        "phi_n": [
            5.315434381471001,
            0.6531733016044029,
            5.918519760601817,
            5.540009470745691
        ],
        "Vlin_par": [
            [
                3.3424079093083163,
                0.7426293232351041,
                1.0414636471141585,
                -1.878170955035149
            ],
            [
                -1.7682114092365357,
                0.8483655697343457,
                -2.3684540328706465,
                -1.0044878211134136
            ]
        ],
        "x_tar": [
            [
                13.221220230437341,
                2.730844764188094,
                13.198099806537833,
                7.086751574854486
            ],
            [
                17.68744165750974,
                16.89027093824776,
                13.7233759532777,
                16.856834710041245
            ]
        ],
        "C": 0.2
    },
    "output_params": {
        "output_dir": "output/OUT_config_0153_M8_Trivial_H20.0_mu1.28",
        "output_prefix": "mc_sim_Trivial_H20.0_mub1.28_M8"
    }
}