{
    "input_params": {
        "polymer_type": "Ring",
        "knot_type": "Trivial",
        "configuration": "input/init_config_Z/TrivialN64M8H20.00rho0.10.dat",
        "mu_b": 0.027233629592258835,
        "M": 8,
        "init_N": 64,
        "rho_b": 0.1,
        "box_xy": 16.0,
        "H": 20.0,
        "rcut": 1.0,
        "max_N": 640,
        "external_potential": "custom"
    },
    "simulation_params": {
        "EPS_TRANS": 0.05,
        "ROT_RATIO": 0.3,
        "K_MAX": 10,
        "sample_interval": 5,
        "sample_time": 40000,
        "sample_block": 4,
        "dz": 0.02
    },
    "Vext_params": {
        "potential_type": "custom",
        "An": [
            -1.1999064854033772,
            -1.6860115480086728,
            -0.5387855405531026,
            2.8342236988169716
        ],
        "phi_n": [
            2.818388337442435,
            3.0572440967051366,
            1.3650671367990155,
            0.604098627811883
        ],
        "Vlin_par": [
            [
                -0.17003419398747358,
                0.749502662034926,
                1.9274566584116797,
                0.7605704324297093
            ],
            [
                1.0815267321993909,
                -1.9843787450113135,
                -1.5862352886268907,
                -1.823730068642667
            ]
        ],
        "x_tar": [
            [
                5.480829736859489,
                4.024076883394498,
                3.2133011623452123,
                0.9384713987658855
            ],
            [
                9.898703306715683,
                5.359056580602514,
                15.078037954201882,
                14.498677975993754
            ]
        ],
        "C": 0.2
    },
    "output_params": {
        "output_dir": "output/OUT_config_0487_M8_Trivial_H20.0_mu0.03",
        "output_prefix": "mc_sim_Trivial_H20.0_mub0.03_M8"
    }
}