{
    "input_params": {
        "polymer_type": "Ring",
        "knot_type": "Trivial",
        "configuration": "input/init_config_Z/TrivialN64M8H20.00rho0.10.dat",
        "mu_b": 3.793658816456036,
        "M": 8,
        "init_N": 64,
        "rho_b": 0.1,
        "box_xy": 16.0,
        "H": 20.0,
        "rcut": 1.0,
        "max_N": 640,
        "external_potential": "custom"
    },
    "simulation_params": {
        "EPS_TRANS": 0.05,
        "ROT_RATIO": 0.3,
        "K_MAX": 10,
        "sample_interval": 5,
        "sample_time": 40000,
        "sample_block": 4,
        "dz": 0.02
    },
    "Vext_params": {
        "potential_type": "custom",
        "An": [
            -1.3118916340135005,
            -2.159042996676088,
            0.9949454120393861,
            -1.6529146626918325
        ],
        "phi_n": [
            3.3284755145625406,
            2.0515709836771583,
            2.711546882412879,
            4.181803304365205
        ],
        "Vlin_par": [
            [
                2.781294163661826,
                -1.0955925872092664,
                -1.5245054993974614,
                0.48021619291047607
            ],
            [
                3.1840474798104488,
                3.258193052184477,
                -5.620295774753817,
                -6.027305860081489
            ]
        ],
        "x_tar": [
            [
                4.905316707835585,
                7.704374652408614,
                15.154150457453833,
                14.7187755678896
            ],
            [
                6.935168640613661,
                9.01226462121895,
                15.699548542668015,
                16.287972587734465
            ]
        ],
        "C": 0.2
    },
    "output_params": {
        "output_dir": "output/OUT_config_0428_M8_Trivial_H20.0_mu3.79",
        "output_prefix": "mc_sim_Trivial_H20.0_mub3.79_M8"
    }
}