{
    "input_params": {
        "polymer_type": "Ring",
        "knot_type": "Trivial",
        "configuration": "input/init_config_Z/TrivialN64M8H20.00rho0.10.dat",
        "mu_b": -0.8662166989583989,
        "M": 8,
        "init_N": 64,
        "rho_b": 0.1,
        "box_xy": 16.0,
        "H": 20.0,
        "rcut": 1.0,
        "max_N": 640,
        "external_potential": "custom"
    },
    "simulation_params": {
        "EPS_TRANS": 0.05,
        "ROT_RATIO": 0.3,
        "K_MAX": 10,
        "sample_interval": 5,
        "sample_time": 40000,
        "sample_block": 4,
        "dz": 0.02
    },
    "Vext_params": {
        "potential_type": "custom",
        "An": [
            -0.9055194998674019,
            -0.05038641728216245,
            -2.529389743746247,
            1.1411479142825316
        ],
        "phi_n": [
            1.968756481380824,
            0.25132153574611515,
            5.4630938966536,
            0.2694906703855145
        ],
        "Vlin_par": [
            [
                1.788095806473102,
                0.8506619562976311,
                0.4866331932050728,
                2.5294387699112413
            ],
            [
                -1.1895771179916343,
                -0.28293282998880503,
                0.8791903389941305,
                3.9348112623941316
            ]
        ],
        "x_tar": [
            [
                6.37308984881785,
                5.120658684482655,
                7.532654465891822,
                7.7452909639639245
            ],
            [
                8.218423041912288,
                10.23449411529163,
                8.835073838025203,
                11.113305769650152
            ]
        ],
        "C": 0.2
    },
    "output_params": {
        "output_dir": "output/OUT_config_0362_M8_Trivial_H20.0_mu-0.87",
        "output_prefix": "mc_sim_Trivial_H20.0_mub-0.87_M8"
    }
}