{
    "input_params": {
        "polymer_type": "Ring",
        "knot_type": "Trivial",
        "configuration": "input/init_config_Z/TrivialN64M8H20.00rho0.10.dat",
        "mu_b": 0.5447976222167372,
        "M": 8,
        "init_N": 64,
        "rho_b": 0.1,
        "box_xy": 16.0,
        "H": 20.0,
        "rcut": 1.0,
        "max_N": 640,
        "external_potential": "custom"
    },
    "simulation_params": {
        "EPS_TRANS": 0.05,
        "ROT_RATIO": 0.3,
        "K_MAX": 10,
        "sample_interval": 5,
        "sample_time": 40000,
        "sample_block": 4,
        "dz": 0.02
    },
    "Vext_params": {
        "potential_type": "custom",
        "An": [
            0.18536863712042723,
            2.527476636099146,
            -0.5449096557468003,
            0.6008003194792718
        ],
        "phi_n": [
            1.6008584149804554,
            1.4856219741071501,
            3.947715305039511,
            5.866544037060496
        ],
        "Vlin_par": [
            [
                0.13578993844501785,
                -1.477731919511548,
                3.0498994743539907,
                0.045521360069647625
            ],
            [
                2.8430841833332887,
                0.5656709302792423,
                -0.6135178769810294,
                0.46499480443282243
            ]
        ],
        "x_tar": [
            [
                2.794990700136837,
                15.498214014665322,
                15.40543299316558,
                0.007220323888967872
            ],
            [
                7.4245875574074915,
                16.19114459936669,
                17.68452896388853,
                2.006094084438257
            ]
        ],
        "C": 0.2
    },
    "output_params": {
        "output_dir": "output/OUT_config_0592_M8_Trivial_H20.0_mu0.54",
        "output_prefix": "mc_sim_Trivial_H20.0_mub0.54_M8"
    }
}