{
    "input_params": {
        "polymer_type": "Ring",
        "knot_type": "Trivial",
        "configuration": "input/init_config_Z/TrivialN64M8H20.00rho0.10.dat",
        "mu_b": 4.383859655128682,
        "M": 8,
        "init_N": 64,
        "rho_b": 0.1,
        "box_xy": 16.0,
        "H": 20.0,
        "rcut": 1.0,
        "max_N": 640,
        "external_potential": "custom"
    },
    "simulation_params": {
        "EPS_TRANS": 0.05,
        "ROT_RATIO": 0.3,
        "K_MAX": 10,
        "sample_interval": 5,
        "sample_time": 40000,
        "sample_block": 4,
        "dz": 0.02
    },
    "Vext_params": {
        "potential_type": "custom",
        "An": [
            -2.194247058485377,
            0.962022591335117,
            2.067575476611946,
            0.9645004691081818
        ],
        "phi_n": [
            3.232852163268607,
            2.026279521704788,
            0.4877297426846474,
            4.27365801501895
        ],
        "Vlin_par": [
            [
                0.1914710715538368,
                -0.6210125515236077,
                -3.1224986288341947,
                -0.19111309326697534
            ],
            [
                3.089068714019056,
                2.698191133860933,
                -2.4583529221547504,
                1.4828508751470726
            ]
        ],
        "x_tar": [
            [
                5.661910598814977,
                4.743956048018328,
                2.855293841585196,
                17.864786772476027
            ],
            [
                13.95404918010049,
                5.9299459480993715,
                8.328147626971587,
                18.028594519402702
            ]
        ],
        "C": 0.2
    },
    "output_params": {
        "output_dir": "output/OUT_config_0430_M8_Trivial_H20.0_mu4.38",
        "output_prefix": "mc_sim_Trivial_H20.0_mub4.38_M8"
    }
}