{
    "input_params": {
        "polymer_type": "Ring",
        "knot_type": "Trivial",
        "configuration": "input/init_config_Z/TrivialN64M8H20.00rho0.10.dat",
        "mu_b": 0.8382682664948664,
        "M": 8,
        "init_N": 64,
        "rho_b": 0.1,
        "box_xy": 16.0,
        "H": 20.0,
        "rcut": 1.0,
        "max_N": 640,
        "external_potential": "custom"
    },
    "simulation_params": {
        "EPS_TRANS": 0.05,
        "ROT_RATIO": 0.3,
        "K_MAX": 10,
        "sample_interval": 5,
        "sample_time": 40000,
        "sample_block": 4,
        "dz": 0.02
    },
    "Vext_params": {
        "potential_type": "custom",
        "An": [
            1.0914122480860406,
            -3.396565228417117,
            1.8195039534662298,
            -0.5440566134430742
        ],
        "phi_n": [
            2.4209603005817573,
            5.0820462443065635,
            2.472687951887328,
            2.6287457650606902
        ],
        "Vlin_par": [
            [
                -1.7559174354431863,
                0.6292722353121256,
                2.6345730926868978,
                -1.6323638220683412
            ],
            [
                1.4992025900831367,
                -0.6156633394329347,
                -1.5210349279664428,
                -2.73626902195753
            ]
        ],
        "x_tar": [
            [
                3.308653718889909,
                8.002995144766214,
                16.262182255954176,
                0.6426446310534439
            ],
            [
                11.631133119446629,
                8.796782540757487,
                19.459180431447077,
                2.6152158673995762
            ]
        ],
        "C": 0.2
    },
    "output_params": {
        "output_dir": "output/OUT_config_0261_M8_Trivial_H20.0_mu0.84",
        "output_prefix": "mc_sim_Trivial_H20.0_mub0.84_M8"
    }
}