{
    "input_params": {
        "polymer_type": "Ring",
        "knot_type": "Trivial",
        "configuration": "input/init_config_Z/TrivialN64M8H20.00rho0.10.dat",
        "mu_b": 0.16975951804914935,
        "M": 8,
        "init_N": 64,
        "rho_b": 0.1,
        "box_xy": 16.0,
        "H": 20.0,
        "rcut": 1.0,
        "max_N": 640,
        "external_potential": "custom"
    },
    "simulation_params": {
        "EPS_TRANS": 0.05,
        "ROT_RATIO": 0.3,
        "K_MAX": 10,
        "sample_interval": 5,
        "sample_time": 40000,
        "sample_block": 4,
        "dz": 0.02
    },
    "Vext_params": {
        "potential_type": "custom",
        "An": [
            2.856867026132991,
            -1.159366986951249,
            -0.4741567957883053,
            2.890184589279194
        ],
        "phi_n": [
            5.2558801810874645,
            0.057518230899294066,
            6.185323334527414,
            1.919885456908113
        ],
        "Vlin_par": [
            [
                0.24078463731215397,
                -3.234102386531416,
                -0.28057174439578025,
                2.080754730634638
            ],
            [
                -1.658488278071828,
                -1.2952183898344118,
                -4.619259144903191,
                3.623340058350046
            ]
        ],
        "x_tar": [
            [
                2.4935459710247354,
                5.656758778358755,
                11.434172850036378,
                4.296687055222115
            ],
            [
                19.636248209866118,
                18.856491874728878,
                19.89955348441177,
                12.288437392677205
            ]
        ],
        "C": 0.2
    },
    "output_params": {
        "output_dir": "output/OUT_config_0095_M8_Trivial_H20.0_mu0.17",
        "output_prefix": "mc_sim_Trivial_H20.0_mub0.17_M8"
    }
}