{
    "input_params": {
        "polymer_type": "Ring",
        "knot_type": "Trivial",
        "configuration": "input/init_config_Z/TrivialN64M8H20.00rho0.10.dat",
        "mu_b": 3.3515537267754025,
        "M": 8,
        "init_N": 64,
        "rho_b": 0.1,
        "box_xy": 16.0,
        "H": 20.0,
        "rcut": 1.0,
        "max_N": 640,
        "external_potential": "custom"
    },
    "simulation_params": {
        "EPS_TRANS": 0.05,
        "ROT_RATIO": 0.3,
        "K_MAX": 10,
        "sample_interval": 5,
        "sample_time": 40000,
        "sample_block": 4,
        "dz": 0.02
    },
    "Vext_params": {
        "potential_type": "custom",
        "An": [
            2.4661898830308324,
            3.089924670258907,
            0.7663894037967913,
            0.9289418353698804
        ],
        "phi_n": [
            5.176064562012848,
            5.22779930781095,
            1.7807795655827987,
            3.148172532432997
        ],
        "Vlin_par": [
            [
                3.313615055808182,
                -0.34169270576939575,
                1.919084660194686,
                -1.6620446747431346
            ],
            [
                1.8268157456222336,
                1.280379576416962,
                0.72446164931403,
                -2.2392133723557253
            ]
        ],
        "x_tar": [
            [
                0.3132023214314339,
                4.476566534479945,
                3.434187895146148,
                16.34731162025455
            ],
            [
                1.1622988105795673,
                14.166707954978015,
                11.110719204257622,
                19.928061123347554
            ]
        ],
        "C": 0.2
    },
    "output_params": {
        "output_dir": "output/OUT_config_0308_M8_Trivial_H20.0_mu3.35",
        "output_prefix": "mc_sim_Trivial_H20.0_mub3.35_M8"
    }
}