{
    "input_params": {
        "polymer_type": "Ring",
        "knot_type": "Trivial",
        "configuration": "input/init_config_Z/TrivialN64M8H20.00rho0.10.dat",
        "mu_b": 4.046396349087454,
        "M": 8,
        "init_N": 64,
        "rho_b": 0.1,
        "box_xy": 16.0,
        "H": 20.0,
        "rcut": 1.0,
        "max_N": 640,
        "external_potential": "custom"
    },
    "simulation_params": {
        "EPS_TRANS": 0.05,
        "ROT_RATIO": 0.3,
        "K_MAX": 10,
        "sample_interval": 5,
        "sample_time": 40000,
        "sample_block": 4,
        "dz": 0.02
    },
    "Vext_params": {
        "potential_type": "custom",
        "An": [
            -1.0913186470048435,
            -1.4808491480597814,
            1.9737919788157148,
            3.7036110406349283
        ],
        "phi_n": [
            4.9202905283152685,
            3.398539028852216,
            4.106613265832301,
            5.969478161623602
        ],
        "Vlin_par": [
            [
                0.8993797031786713,
                4.734018019164394,
                -1.6042869474072368,
                -0.33047312914940274
            ],
            [
                -0.23778256701134345,
                1.95131665324839,
                0.19850053663128178,
                0.9359331179157864
            ]
        ],
        "x_tar": [
            [
                17.765128490323768,
                8.451510830403212,
                5.841406314918354,
                1.3181046203986613
            ],
            [
                17.826498250570435,
                14.816316762723176,
                18.254605289886666,
                7.338513291755479
            ]
        ],
        "C": 0.2
    },
    "output_params": {
        "output_dir": "output/OUT_config_0418_M8_Trivial_H20.0_mu4.05",
        "output_prefix": "mc_sim_Trivial_H20.0_mub4.05_M8"
    }
}