{
    "input_params": {
        "polymer_type": "Ring",
        "knot_type": "Trivial",
        "configuration": "input/init_config_Z/TrivialN64M8H20.00rho0.10.dat",
        "mu_b": 2.8616494163380555,
        "M": 8,
        "init_N": 64,
        "rho_b": 0.1,
        "box_xy": 16.0,
        "H": 20.0,
        "rcut": 1.0,
        "max_N": 640,
        "external_potential": "custom"
    },
    "simulation_params": {
        "EPS_TRANS": 0.05,
        "ROT_RATIO": 0.3,
        "K_MAX": 10,
        "sample_interval": 5,
        "sample_time": 40000,
        "sample_block": 4,
        "dz": 0.02
    },
    "Vext_params": {
        "potential_type": "custom",
        "An": [
            -1.48859678394301,
            -0.4035740993932231,
            -1.5037764723806917,
            -0.5658456983596976
        ],
        "phi_n": [
            2.9385347012440475,
            6.011562444949863,
            1.7304878858490613,
            5.609320551396698
        ],
        "Vlin_par": [
            [
                -5.537655626679696,
                0.38815511443692097,
                -2.460742844048056,
                -3.7209238176448185
            ],
            [
                2.2651404977324954,
                0.9395933813825712,
                -1.6195691369434302,
                -0.5547713607260117
            ]
        ],
        "x_tar": [
            [
                2.8128488612312297,
                8.501741273624306,
                2.730605047807275,
                0.07281535735207623
            ],
            [
                10.982250672609112,
                18.959060287131912,
                3.6776895082078287,
                14.280948589169851
            ]
        ],
        "C": 0.2
    },
    "output_params": {
        "output_dir": "output/OUT_config_0305_M8_Trivial_H20.0_mu2.86",
        "output_prefix": "mc_sim_Trivial_H20.0_mub2.86_M8"
    }
}