{
    "input_params": {
        "polymer_type": "Ring",
        "knot_type": "Trivial",
        "configuration": "input/init_config_Z/TrivialN64M8H20.00rho0.10.dat",
        "mu_b": 2.1521978705906384,
        "M": 8,
        "init_N": 64,
        "rho_b": 0.1,
        "box_xy": 16.0,
        "H": 20.0,
        "rcut": 1.0,
        "max_N": 640,
        "external_potential": "custom"
    },
    "simulation_params": {
        "EPS_TRANS": 0.05,
        "ROT_RATIO": 0.3,
        "K_MAX": 10,
        "sample_interval": 5,
        "sample_time": 40000,
        "sample_block": 4,
        "dz": 0.02
    },
    "Vext_params": {
        "potential_type": "custom",
        "An": [
            -2.347509409754677,
            2.2504449659183514,
            -0.5365437938154258,
            0.7271980430223186
        ],
        "phi_n": [
            2.3291404541101026,
            3.9671163495091655,
            5.708411022731941,
            0.8480828050285014
        ],
        "Vlin_par": [
            [
                -0.2994088131658615,
                -1.2907669292011263,
                1.9267372920551575,
                -0.645785890142274
            ],
            [
                -2.4988907863384093,
                -1.302729667433301,
                -1.6791298451622065,
                -2.7207329222518015
            ]
        ],
        "x_tar": [
            [
                4.191848133687235,
                9.7389064783498,
                4.129237100160282,
                12.000368594426723
            ],
            [
                9.902128696460792,
                19.679626573258204,
                14.168550123819006,
                14.486041750114314
            ]
        ],
        "C": 0.2
    },
    "output_params": {
        "output_dir": "output/OUT_config_0272_M8_Trivial_H20.0_mu2.15",
        "output_prefix": "mc_sim_Trivial_H20.0_mub2.15_M8"
    }
}