{
    "input_params": {
        "polymer_type": "Ring",
        "knot_type": "Trivial",
        "configuration": "input/init_config_Z/TrivialN64M8H20.00rho0.10.dat",
        "mu_b": -0.09296010450780012,
        "M": 8,
        "init_N": 64,
        "rho_b": 0.1,
        "box_xy": 16.0,
        "H": 20.0,
        "rcut": 1.0,
        "max_N": 640,
        "external_potential": "custom"
    },
    "simulation_params": {
        "EPS_TRANS": 0.05,
        "ROT_RATIO": 0.3,
        "K_MAX": 10,
        "sample_interval": 5,
        "sample_time": 40000,
        "sample_block": 4,
        "dz": 0.02
    },
    "Vext_params": {
        "potential_type": "custom",
        "An": [
            0.074542334516804,
            -1.727894589252856,
            2.022599105913744,
            -1.4789763748204308
        ],
        "phi_n": [
            0.2621892919243345,
            3.515040607150042,
            5.749398860710576,
            2.0548876322305376
        ],
        "Vlin_par": [
            [
                3.8441483637347633,
                -2.192531804514332,
                -0.8289517961324602,
                -1.967721979294299
            ],
            [
                2.1757904429383714,
                1.0927088977760622,
                -1.3350641441633422,
                0.4879024203437463
            ]
        ],
        "x_tar": [
            [
                15.340647795734341,
                6.560480082364806,
                1.532526013825517,
                17.552453690669594
            ],
            [
                15.45760593268943,
                19.57515085550949,
                11.790807171139956,
                19.779251476040756
            ]
        ],
        "C": 0.2
    },
    "output_params": {
        "output_dir": "output/OUT_config_0544_M8_Trivial_H20.0_mu-0.09",
        "output_prefix": "mc_sim_Trivial_H20.0_mub-0.09_M8"
    }
}