{
    "input_params": {
        "polymer_type": "Ring",
        "knot_type": "Trivial",
        "configuration": "input/init_config_Z/TrivialN64M8H20.00rho0.10.dat",
        "mu_b": 4.695906164849262,
        "M": 8,
        "init_N": 64,
        "rho_b": 0.1,
        "box_xy": 16.0,
        "H": 20.0,
        "rcut": 1.0,
        "max_N": 640,
        "external_potential": "custom"
    },
    "simulation_params": {
        "EPS_TRANS": 0.05,
        "ROT_RATIO": 0.3,
        "K_MAX": 10,
        "sample_interval": 5,
        "sample_time": 40000,
        "sample_block": 4,
        "dz": 0.02
    },
    "Vext_params": {
        "potential_type": "custom",
        "An": [
            -0.04259391599480212,
            0.025413804109496146,
            -0.021934143995573002,
            2.05965317129884
        ],
        "phi_n": [
            3.0656301033845557,
            5.686591105834929,
            1.1586059675380207,
            5.865502839570811
        ],
        "Vlin_par": [
            [
                -1.2977969389291264,
                1.1037387419189353,
                -2.3257446398202815,
                2.0065774094623072
            ],
            [
                1.3250587213907676,
                -1.3699431636963086,
                -1.2909664928790925,
                0.4001805003219751
            ]
        ],
        "x_tar": [
            [
                5.254572880793025,
                3.8062575194933523,
                12.150667490354863,
                0.9973589417868189
            ],
            [
                8.241376846635456,
                7.79213529473391,
                16.725678692286795,
                17.718309069898332
            ]
        ],
        "C": 0.2
    },
    "output_params": {
        "output_dir": "output/OUT_config_0270_M8_Trivial_H20.0_mu4.70",
        "output_prefix": "mc_sim_Trivial_H20.0_mub4.70_M8"
    }
}