{
    "input_params": {
        "polymer_type": "Ring",
        "knot_type": "Trivial",
        "configuration": "input/init_config_Z/TrivialN64M8H20.00rho0.10.dat",
        "mu_b": 2.8692532487010194,
        "M": 8,
        "init_N": 64,
        "rho_b": 0.1,
        "box_xy": 16.0,
        "H": 20.0,
        "rcut": 1.0,
        "max_N": 640,
        "external_potential": "custom"
    },
    "simulation_params": {
        "EPS_TRANS": 0.05,
        "ROT_RATIO": 0.3,
        "K_MAX": 10,
        "sample_interval": 5,
        "sample_time": 40000,
        "sample_block": 4,
        "dz": 0.02
    },
    "Vext_params": {
        "potential_type": "custom",
        "An": [
            0.13759971313354952,
            0.4761623703474305,
            0.19996107484310152,
            2.885114946801362
        ],
        "phi_n": [
            4.799291825443692,
            3.5114580214276785,
            1.0487456121287908,
            4.6619475465137175
        ],
        "Vlin_par": [
            [
                -3.17145157792552,
                0.06042733698931279,
                -2.566374243207185,
                1.5887499088590615
            ],
            [
                -1.2045862614149554,
                0.31468381100080606,
                -2.722706912700609,
                0.23588578936504317
            ]
        ],
        "x_tar": [
            [
                13.616859354224015,
                4.893231265089415,
                7.201780119033803,
                12.740845474428667
            ],
            [
                18.993290919197904,
                15.157452103883028,
                18.284152330144614,
                13.567963468576608
            ]
        ],
        "C": 0.2
    },
    "output_params": {
        "output_dir": "output/OUT_config_0555_M8_Trivial_H20.0_mu2.87",
        "output_prefix": "mc_sim_Trivial_H20.0_mub2.87_M8"
    }
}