{
    "input_params": {
        "polymer_type": "Ring",
        "knot_type": "Trivial",
        "configuration": "input/init_config_Z/TrivialN64M8H20.00rho0.10.dat",
        "mu_b": -0.4013122312299634,
        "M": 8,
        "init_N": 64,
        "rho_b": 0.1,
        "box_xy": 16.0,
        "H": 20.0,
        "rcut": 1.0,
        "max_N": 640,
        "external_potential": "custom"
    },
    "simulation_params": {
        "EPS_TRANS": 0.05,
        "ROT_RATIO": 0.3,
        "K_MAX": 10,
        "sample_interval": 5,
        "sample_time": 40000,
        "sample_block": 4,
        "dz": 0.02
    },
    "Vext_params": {
        "potential_type": "custom",
        "An": [
            0.3416606715424518,
            -1.9444361598333777,
            -2.7961878398894977,
            -0.41803926867158675
        ],
        "phi_n": [
            1.3318609144220594,
            4.172679727395204,
            4.26367317749541,
            4.985308994334469
        ],
        "Vlin_par": [
            [
                1.1927741240316396,
                0.2728379003249982,
                2.3887275780041697,
                4.327765853186966
            ],
            [
                3.2804686048023646,
                0.9687883179908383,
                -0.6599472704057195,
                1.332200831892278
            ]
        ],
        "x_tar": [
            [
                0.010418883726248662,
                11.789957802091397,
                10.578997767864442,
                5.6284248634675755
            ],
            [
                16.47443569318427,
                13.489706214425539,
                19.283490262228472,
                16.7967355145791
            ]
        ],
        "C": 0.2
    },
    "output_params": {
        "output_dir": "output/OUT_config_0552_M8_Trivial_H20.0_mu-0.40",
        "output_prefix": "mc_sim_Trivial_H20.0_mub-0.40_M8"
    }
}