{
    "input_params": {
        "polymer_type": "Ring",
        "knot_type": "Trivial",
        "configuration": "input/init_config_Z/TrivialN64M8H20.00rho0.10.dat",
        "mu_b": 5.818334801729926,
        "M": 8,
        "init_N": 64,
        "rho_b": 0.1,
        "box_xy": 16.0,
        "H": 20.0,
        "rcut": 1.0,
        "max_N": 640,
        "external_potential": "custom"
    },
    "simulation_params": {
        "EPS_TRANS": 0.05,
        "ROT_RATIO": 0.3,
        "K_MAX": 10,
        "sample_interval": 5,
        "sample_time": 40000,
        "sample_block": 4,
        "dz": 0.02
    },
    "Vext_params": {
        "potential_type": "custom",
        "An": [
            0.3579805981936815,
            3.601103442707127,
            -2.1034234091804636,
            -0.7162893712870724
        ],
        "phi_n": [
            4.696708641965169,
            0.33497408465210815,
            5.826943141153362,
            2.358518332877703
        ],
        "Vlin_par": [
            [
                0.11004793798831967,
                1.9968554556044,
                0.758491338489491,
                1.5815618913129954
            ],
            [
                -0.7613904343460984,
                -1.546762127892137,
                -2.7103524464086353,
                -0.9730540127188432
            ]
        ],
        "x_tar": [
            [
                10.519684187871416,
                8.903132263070056,
                14.567300462083136,
                6.348943925831698
            ],
            [
                11.315985393259119,
                14.96900110927548,
                15.327532013660974,
                11.031288219147047
            ]
        ],
        "C": 0.2
    },
    "output_params": {
        "output_dir": "output/OUT_config_0553_M8_Trivial_H20.0_mu5.82",
        "output_prefix": "mc_sim_Trivial_H20.0_mub5.82_M8"
    }
}