{
    "input_params": {
        "polymer_type": "Ring",
        "knot_type": "Trivial",
        "configuration": "input/init_config_Z/TrivialN64M8H20.00rho0.10.dat",
        "mu_b": -0.685449306920706,
        "M": 8,
        "init_N": 64,
        "rho_b": 0.1,
        "box_xy": 16.0,
        "H": 20.0,
        "rcut": 1.0,
        "max_N": 640,
        "external_potential": "custom"
    },
    "simulation_params": {
        "EPS_TRANS": 0.05,
        "ROT_RATIO": 0.3,
        "K_MAX": 10,
        "sample_interval": 5,
        "sample_time": 40000,
        "sample_block": 4,
        "dz": 0.02
    },
    "Vext_params": {
        "potential_type": "custom",
        "An": [
            2.247978691207296,
            2.325146936365931,
            -1.111538121955917,
            1.2896959094262854
        ],
        "phi_n": [
            1.498504045394518,
            4.1720772604200125,
            5.9336768992205196,
            4.8741496807603575
        ],
        "Vlin_par": [
            [
                -1.6009014660955045,
                -1.7183773334902674,
                -1.2792460321974444,
                -0.9813967731148702
            ],
            [
                -0.327188768731931,
                -0.4918323570312367,
                -0.22698769328771148,
                -2.2417138376134527
            ]
        ],
        "x_tar": [
            [
                1.8981740445303008,
                17.51430863263195,
                6.043709892703588,
                6.392600228404442
            ],
            [
                7.841986572872837,
                18.862108555488266,
                16.757181532252925,
                10.821074780801066
            ]
        ],
        "C": 0.2
    },
    "output_params": {
        "output_dir": "output/OUT_config_0214_M8_Trivial_H20.0_mu-0.69",
        "output_prefix": "mc_sim_Trivial_H20.0_mub-0.69_M8"
    }
}