{
    "input_params": {
        "polymer_type": "Ring",
        "knot_type": "Trivial",
        "configuration": "input/init_config_Z/TrivialN64M8H20.00rho0.10.dat",
        "mu_b": 2.741845228503396,
        "M": 8,
        "init_N": 64,
        "rho_b": 0.1,
        "box_xy": 16.0,
        "H": 20.0,
        "rcut": 1.0,
        "max_N": 640,
        "external_potential": "custom"
    },
    "simulation_params": {
        "EPS_TRANS": 0.05,
        "ROT_RATIO": 0.3,
        "K_MAX": 10,
        "sample_interval": 5,
        "sample_time": 40000,
        "sample_block": 4,
        "dz": 0.02
    },
    "Vext_params": {
        "potential_type": "custom",
        "An": [
            -2.3222808960414523,
            -2.25641437745951,
            -0.06262401864035537,
            -0.49348797036046554
        ],
        "phi_n": [
            3.0539538264894515,
            3.233106332550657,
            0.9006324806545515,
            1.540773809851794
        ],
        "Vlin_par": [
            [
                0.38939580349214115,
                -2.386853711212871,
                1.601046274621256,
                -2.410392147455003
            ],
            [
                -0.9295690082253968,
                1.6711184777777346,
                0.5158149769659623,
                -2.3409040931096734
            ]
        ],
        "x_tar": [
            [
                6.356575168714544,
                16.997606429278168,
                7.589516020252576,
                2.137532535372275
            ],
            [
                18.76028402987763,
                18.82140508899547,
                7.792346447955632,
                8.81707460366615
            ]
        ],
        "C": 0.2
    },
    "output_params": {
        "output_dir": "output/OUT_config_0141_M8_Trivial_H20.0_mu2.74",
        "output_prefix": "mc_sim_Trivial_H20.0_mub2.74_M8"
    }
}