{
    "input_params": {
        "polymer_type": "Ring",
        "knot_type": "Trivial",
        "configuration": "input/init_config_Z/TrivialN64M8H20.00rho0.10.dat",
        "mu_b": 0.26224570179060525,
        "M": 8,
        "init_N": 64,
        "rho_b": 0.1,
        "box_xy": 16.0,
        "H": 20.0,
        "rcut": 1.0,
        "max_N": 640,
        "external_potential": "custom"
    },
    "simulation_params": {
        "EPS_TRANS": 0.05,
        "ROT_RATIO": 0.3,
        "K_MAX": 10,
        "sample_interval": 5,
        "sample_time": 40000,
        "sample_block": 4,
        "dz": 0.02
    },
    "Vext_params": {
        "potential_type": "custom",
        "An": [
            -2.255429575946246,
            -1.1305930335455494,
            -2.0927384071629036,
            0.6399522193324751
        ],
        "phi_n": [
            5.988594019070068,
            4.441559685821204,
            0.7684147665501706,
            4.2327896027313745
        ],
        "Vlin_par": [
            [
                3.3286110000203872,
                3.343039398422586,
                0.09491826962418068,
                0.4819847055233132
            ],
            [
                1.069526216023773,
                -1.5859311022829483,
                -0.9893357957795579,
                -3.6578662718279107
            ]
        ],
        "x_tar": [
            [
                3.3933499369556364,
                6.879818066203569,
                10.490527582328333,
                15.015077290585959
            ],
            [
                5.071810258261113,
                17.80967524412709,
                10.541253077250676,
                17.020750529466262
            ]
        ],
        "C": 0.2
    },
    "output_params": {
        "output_dir": "output/OUT_config_0236_M8_Trivial_H20.0_mu0.26",
        "output_prefix": "mc_sim_Trivial_H20.0_mub0.26_M8"
    }
}