{
    "input_params": {
        "polymer_type": "Ring",
        "knot_type": "Trivial",
        "configuration": "input/init_config_Z/TrivialN64M8H20.00rho0.10.dat",
        "mu_b": 5.5014569531328865,
        "M": 8,
        "init_N": 64,
        "rho_b": 0.1,
        "box_xy": 16.0,
        "H": 20.0,
        "rcut": 1.0,
        "max_N": 640,
        "external_potential": "custom"
    },
    "simulation_params": {
        "EPS_TRANS": 0.05,
        "ROT_RATIO": 0.3,
        "K_MAX": 10,
        "sample_interval": 5,
        "sample_time": 40000,
        "sample_block": 4,
        "dz": 0.02
    },
    "Vext_params": {
        "potential_type": "custom",
        "An": [
            -2.2040835608607927,
            3.3664657536333285,
            -1.132578199792185,
            -1.3100718287595927
        ],
        "phi_n": [
            2.4958334447919053,
            3.1405649151457022,
            3.954189989740774,
            0.5908723396524056
        ],
        "Vlin_par": [
            [
                1.9655215491692117,
                -2.4863123939710605,
                0.5621808701800208,
                -2.0761428878668884
            ],
            [
                -3.47049672966488,
                -4.335148066091713,
                -2.7092993503936245,
                1.5595511976761012
            ]
        ],
        "x_tar": [
            [
                4.497662577385189,
                3.2750872497881045,
                0.7615544469535096,
                3.2669460937319528
            ],
            [
                7.001041456010775,
                18.325821645817506,
                9.578263300606189,
                18.22626697572147
            ]
        ],
        "C": 0.2
    },
    "output_params": {
        "output_dir": "output/OUT_config_0567_M8_Trivial_H20.0_mu5.50",
        "output_prefix": "mc_sim_Trivial_H20.0_mub5.50_M8"
    }
}