{
    "input_params": {
        "polymer_type": "Ring",
        "knot_type": "Trivial",
        "configuration": "input/init_config_Z/TrivialN64M8H20.00rho0.10.dat",
        "mu_b": 2.7021406442225526,
        "M": 8,
        "init_N": 64,
        "rho_b": 0.1,
        "box_xy": 16.0,
        "H": 20.0,
        "rcut": 1.0,
        "max_N": 640,
        "external_potential": "custom"
    },
    "simulation_params": {
        "EPS_TRANS": 0.05,
        "ROT_RATIO": 0.3,
        "K_MAX": 10,
        "sample_interval": 5,
        "sample_time": 40000,
        "sample_block": 4,
        "dz": 0.02
    },
    "Vext_params": {
        "potential_type": "custom",
        "An": [
            0.9803596163366135,
            -2.010228386885867,
            -0.3527279400245616,
            -2.711371198353971
        ],
        "phi_n": [
            4.095213679635544,
            2.018690358408666,
            1.0165436781659305,
            5.806730820477092
        ],
        "Vlin_par": [
            [
                -0.22153847981596275,
                -2.47834346978362,
                0.11485112848821402,
                -0.42539719512513713
            ],
            [
                -1.8728025686463539,
                1.6791079376557971,
                -2.060427192809342,
                1.1974797517197224
            ]
        ],
        "x_tar": [
            [
                19.646819722739185,
                6.665806204370572,
                10.937920139728114,
                7.600613705844115
            ],
            [
                19.717869660617456,
                17.69233592106458,
                11.529179290955167,
                16.876932703139957
            ]
        ],
        "C": 0.2
    },
    "output_params": {
        "output_dir": "output/OUT_config_0014_M8_Trivial_H20.0_mu2.70",
        "output_prefix": "mc_sim_Trivial_H20.0_mub2.70_M8"
    }
}