{
    "input_params": {
        "polymer_type": "Ring",
        "knot_type": "Trivial",
        "configuration": "input/init_config_Z/TrivialN64M8H20.00rho0.10.dat",
        "mu_b": 4.286255285086069,
        "M": 8,
        "init_N": 64,
        "rho_b": 0.1,
        "box_xy": 16.0,
        "H": 20.0,
        "rcut": 1.0,
        "max_N": 640,
        "external_potential": "custom"
    },
    "simulation_params": {
        "EPS_TRANS": 0.05,
        "ROT_RATIO": 0.3,
        "K_MAX": 10,
        "sample_interval": 5,
        "sample_time": 40000,
        "sample_block": 4,
        "dz": 0.02
    },
    "Vext_params": {
        "potential_type": "custom",
        "An": [
            -1.3749504705633697,
            -2.176731489175599,
            1.1136626871495288,
            -0.10502625959123979
        ],
        "phi_n": [
            6.053182900081345,
            2.633440276176383,
            2.3301673014597197,
            1.4015788816410863
        ],
        "Vlin_par": [
            [
                2.8626252990819534,
                1.2220010710538127,
                2.29103450547542,
                -1.3280908104740454
            ],
            [
                -1.220575028794039,
                0.5262750311783467,
                -1.706812634980186,
                -1.8545345497006755
            ]
        ],
        "x_tar": [
            [
                5.782499867370858,
                18.730803618883225,
                4.761230888229376,
                7.2165588089737565
            ],
            [
                13.340528257715512,
                19.82676066055063,
                11.836830331310397,
                19.817508979407773
            ]
        ],
        "C": 0.2
    },
    "output_params": {
        "output_dir": "output/OUT_config_0161_M8_Trivial_H20.0_mu4.29",
        "output_prefix": "mc_sim_Trivial_H20.0_mub4.29_M8"
    }
}