{
    "input_params": {
        "polymer_type": "Ring",
        "knot_type": "Trivial",
        "configuration": "input/init_config_Z/TrivialN64M8H20.00rho0.10.dat",
        "mu_b": 2.044221551823061,
        "M": 8,
        "init_N": 64,
        "rho_b": 0.1,
        "box_xy": 16.0,
        "H": 20.0,
        "rcut": 1.0,
        "max_N": 640,
        "external_potential": "custom"
    },
    "simulation_params": {
        "EPS_TRANS": 0.05,
        "ROT_RATIO": 0.3,
        "K_MAX": 10,
        "sample_interval": 5,
        "sample_time": 40000,
        "sample_block": 4,
        "dz": 0.02
    },
    "Vext_params": {
        "potential_type": "custom",
        "An": [
            1.722019562189009,
            -2.23808814827365,
            -0.6278589886786194,
            -2.1094895828497
        ],
        "phi_n": [
            0.157075985063645,
            2.194184115306305,
            1.4296392155504205,
            0.5728144105318645
        ],
        "Vlin_par": [
            [
                -0.9676352113382001,
                2.636644806903376,
                -1.5919590843837013,
                -0.3001055170727864
            ],
            [
                -0.7568550399018384,
                -1.8550162060929056,
                1.1404189633751651,
                0.6342877997106913
            ]
        ],
        "x_tar": [
            [
                0.10555025288787157,
                3.8040941507648984,
                7.210417777093223,
                9.554338682855532
            ],
            [
                3.918437730279456,
                16.21922561460787,
                13.79548321606169,
                10.27544260407985
            ]
        ],
        "C": 0.2
    },
    "output_params": {
        "output_dir": "output/OUT_config_0525_M8_Trivial_H20.0_mu2.04",
        "output_prefix": "mc_sim_Trivial_H20.0_mub2.04_M8"
    }
}