{
    "input_params": {
        "polymer_type": "Ring",
        "knot_type": "Trivial",
        "configuration": "input/init_config_Z/TrivialN64M8H20.00rho0.10.dat",
        "mu_b": 4.399169363207555,
        "M": 8,
        "init_N": 64,
        "rho_b": 0.1,
        "box_xy": 16.0,
        "H": 20.0,
        "rcut": 1.0,
        "max_N": 640,
        "external_potential": "custom"
    },
    "simulation_params": {
        "EPS_TRANS": 0.05,
        "ROT_RATIO": 0.3,
        "K_MAX": 10,
        "sample_interval": 5,
        "sample_time": 40000,
        "sample_block": 4,
        "dz": 0.02
    },
    "Vext_params": {
        "potential_type": "custom",
        "An": [
            2.5716463130764553,
            -0.42561442804956734,
            -0.7655271689307112,
            -2.7382708071364052
        ],
        "phi_n": [
            1.1389766017096745,
            3.709722701886405,
            0.10264596972919302,
            2.7272930286509776
        ],
        "Vlin_par": [
            [
                -0.9184573984980116,
                -0.7176054210409204,
                -1.1267226741423935,
                2.8134830844450827
            ],
            [
                -0.36283950005145205,
                -1.8199568595826008,
                -3.2781932947135592,
                -0.9418701720790096
            ]
        ],
        "x_tar": [
            [
                0.19878861295685946,
                7.544922454305512,
                10.173055688124958,
                9.803226078274738
            ],
            [
                5.777402596494223,
                17.25426148823488,
                16.35398831808161,
                17.739321612134148
            ]
        ],
        "C": 0.2
    },
    "output_params": {
        "output_dir": "output/OUT_config_0519_M8_Trivial_H20.0_mu4.40",
        "output_prefix": "mc_sim_Trivial_H20.0_mub4.40_M8"
    }
}