{
    "input_params": {
        "polymer_type": "Ring",
        "knot_type": "Trivial",
        "configuration": "input/init_config_Z/TrivialN64M8H20.00rho0.10.dat",
        "mu_b": 0.47983880892429354,
        "M": 8,
        "init_N": 64,
        "rho_b": 0.1,
        "box_xy": 16.0,
        "H": 20.0,
        "rcut": 1.0,
        "max_N": 640,
        "external_potential": "custom"
    },
    "simulation_params": {
        "EPS_TRANS": 0.05,
        "ROT_RATIO": 0.3,
        "K_MAX": 10,
        "sample_interval": 5,
        "sample_time": 40000,
        "sample_block": 4,
        "dz": 0.02
    },
    "Vext_params": {
        "potential_type": "custom",
        "An": [
            1.3987231319808997,
            -0.4057216526975514,
            -0.13982043166705785,
            1.8045173274207875
        ],
        "phi_n": [
            5.152014330813736,
            6.20928351194777,
            1.3555662392913606,
            1.353511679594486
        ],
        "Vlin_par": [
            [
                -0.3612684218078141,
                2.2004232586776515,
                1.1863000690165388,
                1.399547378668449
            ],
            [
                -0.3842851315892649,
                -0.6917032846584655,
                1.1071018049753703,
                -3.434555740935852
            ]
        ],
        "x_tar": [
            [
                6.9737471405270135,
                0.4076377197390868,
                5.302276224877356,
                9.283511595535066
            ],
            [
                19.727281360467188,
                14.534426584318753,
                6.347105749469863,
                11.43111419401693
            ]
        ],
        "C": 0.2
    },
    "output_params": {
        "output_dir": "output/OUT_config_0186_M8_Trivial_H20.0_mu0.48",
        "output_prefix": "mc_sim_Trivial_H20.0_mub0.48_M8"
    }
}