{
    "input_params": {
        "polymer_type": "Ring",
        "knot_type": "Trivial",
        "configuration": "input/init_config_Z/TrivialN64M8H20.00rho0.10.dat",
        "mu_b": 4.498187120179943,
        "M": 8,
        "init_N": 64,
        "rho_b": 0.1,
        "box_xy": 16.0,
        "H": 20.0,
        "rcut": 1.0,
        "max_N": 640,
        "external_potential": "custom"
    },
    "simulation_params": {
        "EPS_TRANS": 0.05,
        "ROT_RATIO": 0.3,
        "K_MAX": 10,
        "sample_interval": 5,
        "sample_time": 40000,
        "sample_block": 4,
        "dz": 0.02
    },
    "Vext_params": {
        "potential_type": "custom",
        "An": [
            -2.094051374699453,
            0.20128397845764323,
            -0.2993367542929186,
            0.8743758821776121
        ],
        "phi_n": [
            6.097598630924976,
            2.3754599967506116,
            2.370666035579258,
            4.205797699392443
        ],
        "Vlin_par": [
            [
                -1.610008622342792,
                1.702372165110428,
                1.5745346243412544,
                1.68471371058432
            ],
            [
                1.411100273428675,
                2.8307106389541143,
                0.42916789656523524,
                -1.2834337086514525
            ]
        ],
        "x_tar": [
            [
                2.240435597801713,
                3.923607521115746,
                6.663932993284265,
                11.345801586721507
            ],
            [
                2.4360502537004836,
                15.750580973039147,
                16.93634744163273,
                12.656412940374196
            ]
        ],
        "C": 0.2
    },
    "output_params": {
        "output_dir": "output/OUT_config_0460_M8_Trivial_H20.0_mu4.50",
        "output_prefix": "mc_sim_Trivial_H20.0_mub4.50_M8"
    }
}