{
    "input_params": {
        "polymer_type": "Ring",
        "knot_type": "Trivial",
        "configuration": "input/init_config_Z/TrivialN64M8H20.00rho0.10.dat",
        "mu_b": 2.9896861522910294,
        "M": 8,
        "init_N": 64,
        "rho_b": 0.1,
        "box_xy": 16.0,
        "H": 20.0,
        "rcut": 1.0,
        "max_N": 640,
        "external_potential": "custom"
    },
    "simulation_params": {
        "EPS_TRANS": 0.05,
        "ROT_RATIO": 0.3,
        "K_MAX": 10,
        "sample_interval": 5,
        "sample_time": 40000,
        "sample_block": 4,
        "dz": 0.02
    },
    "Vext_params": {
        "potential_type": "custom",
        "An": [
            0.7415317998612899,
            -5.242510471674117,
            0.5420085432162737,
            0.6135159319095557
        ],
        "phi_n": [
            5.407859740229182,
            1.5929302319582994,
            2.789225798046279,
            0.857282531031545
        ],
        "Vlin_par": [
            [
                0.7913332780780222,
                2.7510881780557708,
                -0.8383365734989666,
                -1.0714120695535228
            ],
            [
                0.008404867087319464,
                0.5695261133473106,
                2.571771277896342,
                -0.3500937157652897
            ]
        ],
        "x_tar": [
            [
                2.5872876719410876,
                19.564164837654555,
                2.5243372451647694,
                3.7972254563353958
            ],
            [
                10.632863852310097,
                19.770916139175334,
                9.467832504791184,
                16.076413775925104
            ]
        ],
        "C": 0.2
    },
    "output_params": {
        "output_dir": "output/OUT_config_0210_M8_Trivial_H20.0_mu2.99",
        "output_prefix": "mc_sim_Trivial_H20.0_mub2.99_M8"
    }
}