{
    "input_params": {
        "polymer_type": "Ring",
        "knot_type": "Trivial",
        "configuration": "input/init_config_Z/TrivialN64M8H20.00rho0.10.dat",
        "mu_b": 0.6144486398489581,
        "M": 8,
        "init_N": 64,
        "rho_b": 0.1,
        "box_xy": 16.0,
        "H": 20.0,
        "rcut": 1.0,
        "max_N": 640,
        "external_potential": "custom"
    },
    "simulation_params": {
        "EPS_TRANS": 0.05,
        "ROT_RATIO": 0.3,
        "K_MAX": 10,
        "sample_interval": 5,
        "sample_time": 40000,
        "sample_block": 4,
        "dz": 0.02
    },
    "Vext_params": {
        "potential_type": "custom",
        "An": [
            0.36863517798868034,
            -0.6865744786680098,
            2.044993331069134,
            1.030302470944265
        ],
        "phi_n": [
            2.7953452065859663,
            3.2983348814109474,
            1.164194080815602,
            5.351307435509557
        ],
        "Vlin_par": [
            [
                0.42196652227208375,
                1.2017443923706297,
                2.5410485588614646,
                1.8181008895638264
            ],
            [
                -2.884328160755353,
                0.7911154554293266,
                2.2807303595930226,
                2.402980223940468
            ]
        ],
        "x_tar": [
            [
                18.552011488151233,
                2.851553929508197,
                2.675507405646196,
                4.8920407789828175
            ],
            [
                18.795904418041452,
                3.2944339479092366,
                9.985051596235534,
                14.693445047758066
            ]
        ],
        "C": 0.2
    },
    "output_params": {
        "output_dir": "output/OUT_config_0503_M8_Trivial_H20.0_mu0.61",
        "output_prefix": "mc_sim_Trivial_H20.0_mub0.61_M8"
    }
}