{
    "input_params": {
        "polymer_type": "Ring",
        "knot_type": "Trivial",
        "configuration": "input/init_config_Z/TrivialN64M8H20.00rho0.10.dat",
        "mu_b": -0.5092732867483307,
        "M": 8,
        "init_N": 64,
        "rho_b": 0.1,
        "box_xy": 16.0,
        "H": 20.0,
        "rcut": 1.0,
        "max_N": 640,
        "external_potential": "custom"
    },
    "simulation_params": {
        "EPS_TRANS": 0.05,
        "ROT_RATIO": 0.3,
        "K_MAX": 10,
        "sample_interval": 5,
        "sample_time": 40000,
        "sample_block": 4,
        "dz": 0.02
    },
    "Vext_params": {
        "potential_type": "custom",
        "An": [
            -3.290616382417158,
            0.9028702112898027,
            -0.3074902396982098,
            -1.8835351839218686
        ],
        "phi_n": [
            3.9546522547602625,
            3.8060262641916065,
            2.2070596072046866,
            1.6862901794609026
        ],
        "Vlin_par": [
            [
                -5.00659275369823,
                -0.41798203847135335,
                0.1907352694535002,
                -0.515314359669339
            ],
            [
                -0.2362730132432101,
                0.31387717775843804,
                -0.32850894104908007,
                -1.6362283058979383
            ]
        ],
        "x_tar": [
            [
                0.8245532583820969,
                8.071873544930721,
                6.34156931867857,
                0.04433273862980647
            ],
            [
                6.441615480143552,
                9.973590223597315,
                13.196393878958258,
                6.345632361403326
            ]
        ],
        "C": 0.2
    },
    "output_params": {
        "output_dir": "output/OUT_config_0147_M8_Trivial_H20.0_mu-0.51",
        "output_prefix": "mc_sim_Trivial_H20.0_mub-0.51_M8"
    }
}