{
    "input_params": {
        "polymer_type": "Ring",
        "knot_type": "Trivial",
        "configuration": "input/init_config_Z/TrivialN64M8H20.00rho0.10.dat",
        "mu_b": 3.599439147366054,
        "M": 8,
        "init_N": 64,
        "rho_b": 0.1,
        "box_xy": 16.0,
        "H": 20.0,
        "rcut": 1.0,
        "max_N": 640,
        "external_potential": "custom"
    },
    "simulation_params": {
        "EPS_TRANS": 0.05,
        "ROT_RATIO": 0.3,
        "K_MAX": 10,
        "sample_interval": 5,
        "sample_time": 40000,
        "sample_block": 4,
        "dz": 0.02
    },
    "Vext_params": {
        "potential_type": "custom",
        "An": [
            1.167780736859716,
            0.5777555412003373,
            1.4298150049247398,
            1.087162884172718
        ],
        "phi_n": [
            4.522867854366268,
            3.3390970652415977,
            2.6740015139476556,
            2.1600485000952685
        ],
        "Vlin_par": [
            [
                -0.899077240445608,
                3.4017887298871115,
                -1.1519476297457871,
                2.7487673367503347
            ],
            [
                2.8510613054524674,
                -0.07109067849227045,
                -1.6577107675191096,
                0.041754829211876315
            ]
        ],
        "x_tar": [
            [
                8.428241090708973,
                6.451451916028765,
                11.86274144220409,
                5.936364415976037
            ],
            [
                10.801416697672712,
                14.949516220454598,
                19.947956362179607,
                16.623894969761473
            ]
        ],
        "C": 0.2
    },
    "output_params": {
        "output_dir": "output/OUT_config_0477_M8_Trivial_H20.0_mu3.60",
        "output_prefix": "mc_sim_Trivial_H20.0_mub3.60_M8"
    }
}