{
    "input_params": {
        "polymer_type": "Ring",
        "knot_type": "Trivial",
        "configuration": "input/init_config_Z/TrivialN64M8H20.00rho0.10.dat",
        "mu_b": 4.115572757749733,
        "M": 8,
        "init_N": 64,
        "rho_b": 0.1,
        "box_xy": 16.0,
        "H": 20.0,
        "rcut": 1.0,
        "max_N": 640,
        "external_potential": "custom"
    },
    "simulation_params": {
        "EPS_TRANS": 0.05,
        "ROT_RATIO": 0.3,
        "K_MAX": 10,
        "sample_interval": 5,
        "sample_time": 40000,
        "sample_block": 4,
        "dz": 0.02
    },
    "Vext_params": {
        "potential_type": "custom",
        "An": [
            -1.201292320825731,
            2.0210916137141925,
            0.6286309271032108,
            0.13916610894513304
        ],
        "phi_n": [
            3.3288776618688245,
            1.3309646748006907,
            4.538225557490987,
            5.390938690456679
        ],
        "Vlin_par": [
            [
                -1.204996495728093,
                3.0757644811660483,
                -1.756175516920984,
                -1.5132833488067554
            ],
            [
                3.866656358816083,
                -0.48633292397189387,
                -1.0720291996460931,
                -1.0144430904355448
            ]
        ],
        "x_tar": [
            [
                15.367217617913749,
                9.050868016365738,
                9.751318772840087,
                2.3457709971920115
            ],
            [
                18.71453935195317,
                14.78674112770791,
                18.400483929316547,
                15.871444216043615
            ]
        ],
        "C": 0.2
    },
    "output_params": {
        "output_dir": "output/OUT_config_0373_M8_Trivial_H20.0_mu4.12",
        "output_prefix": "mc_sim_Trivial_H20.0_mub4.12_M8"
    }
}