{
    "input_params": {
        "polymer_type": "Ring",
        "knot_type": "Trivial",
        "configuration": "input/init_config_Z/TrivialN64M8H20.00rho0.10.dat",
        "mu_b": 0.19428221857355954,
        "M": 8,
        "init_N": 64,
        "rho_b": 0.1,
        "box_xy": 16.0,
        "H": 20.0,
        "rcut": 1.0,
        "max_N": 640,
        "external_potential": "custom"
    },
    "simulation_params": {
        "EPS_TRANS": 0.05,
        "ROT_RATIO": 0.3,
        "K_MAX": 10,
        "sample_interval": 5,
        "sample_time": 40000,
        "sample_block": 4,
        "dz": 0.02
    },
    "Vext_params": {
        "potential_type": "custom",
        "An": [
            0.44430328132369473,
            1.4650840109195848,
            0.5090463759386852,
            0.08108543543656963
        ],
        "phi_n": [
            0.505571699705492,
            4.562445232682609,
            5.670651232644185,
            3.8472337650618726
        ],
        "Vlin_par": [
            [
                0.766273881357052,
                -1.3668494256295196,
                1.888548983883462,
                1.3717522893618894
            ],
            [
                0.7939606953244281,
                0.3477653224091211,
                0.175142008828408,
                -0.2741948715678725
            ]
        ],
        "x_tar": [
            [
                2.4516696821799178,
                2.1199863748301673,
                14.0463454664206,
                10.504481999796756
            ],
            [
                18.540781215651496,
                11.954951984725712,
                18.242355469572043,
                16.10769256322567
            ]
        ],
        "C": 0.2
    },
    "output_params": {
        "output_dir": "output/OUT_config_0036_M8_Trivial_H20.0_mu0.19",
        "output_prefix": "mc_sim_Trivial_H20.0_mub0.19_M8"
    }
}