{
    "input_params": {
        "polymer_type": "Ring",
        "knot_type": "Trivial",
        "configuration": "input/init_config_Z/TrivialN64M8H20.00rho0.10.dat",
        "mu_b": 1.2744040190590553,
        "M": 8,
        "init_N": 64,
        "rho_b": 0.1,
        "box_xy": 16.0,
        "H": 20.0,
        "rcut": 1.0,
        "max_N": 640,
        "external_potential": "custom"
    },
    "simulation_params": {
        "EPS_TRANS": 0.05,
        "ROT_RATIO": 0.3,
        "K_MAX": 10,
        "sample_interval": 5,
        "sample_time": 40000,
        "sample_block": 4,
        "dz": 0.02
    },
    "Vext_params": {
        "potential_type": "custom",
        "An": [
            -2.546021893286193,
            -1.4156270980181465,
            -0.8764986947960058,
            0.4149441066180105
        ],
        "phi_n": [
            4.86129506116488,
            3.872824549479395,
            0.05952793257437783,
            5.335924650933826
        ],
        "Vlin_par": [
            [
                1.8034242590566116,
                2.8710994373046357,
                2.0219255212687988,
                -1.3125538988067031
            ],
            [
                2.3350677768304124,
                -1.427112045596173,
                -1.3380214596005247,
                -0.3845967298111517
            ]
        ],
        "x_tar": [
            [
                18.137192051582517,
                2.4978942674809135,
                1.071199317361724,
                6.487669838265164
            ],
            [
                18.546222126042828,
                19.466880872707286,
                3.5405278389407924,
                7.196544322658507
            ]
        ],
        "C": 0.2
    },
    "output_params": {
        "output_dir": "output/OUT_config_0307_M8_Trivial_H20.0_mu1.27",
        "output_prefix": "mc_sim_Trivial_H20.0_mub1.27_M8"
    }
}