{
    "input_params": {
        "polymer_type": "Ring",
        "knot_type": "Trivial",
        "configuration": "input/init_config_Z/TrivialN64M8H20.00rho0.10.dat",
        "mu_b": 3.96664673755774,
        "M": 8,
        "init_N": 64,
        "rho_b": 0.1,
        "box_xy": 16.0,
        "H": 20.0,
        "rcut": 1.0,
        "max_N": 640,
        "external_potential": "custom"
    },
    "simulation_params": {
        "EPS_TRANS": 0.05,
        "ROT_RATIO": 0.3,
        "K_MAX": 10,
        "sample_interval": 5,
        "sample_time": 40000,
        "sample_block": 4,
        "dz": 0.02
    },
    "Vext_params": {
        "potential_type": "custom",
        "An": [
            -1.5536049978132578,
            -1.038468345526135,
            0.1290860153985757,
            -1.8542792677827897
        ],
        "phi_n": [
            2.8709259079237466,
            0.07309502768851099,
            0.6539149435246996,
            0.49459106911926826
        ],
        "Vlin_par": [
            [
                0.2323142333423722,
                2.9128178457151597,
                0.22561027470797038,
                0.3538559442990288
            ],
            [
                0.22687369398658067,
                -1.3122466802403057,
                -0.4012866002474269,
                3.6561718059611543
            ]
        ],
        "x_tar": [
            [
                15.577222783729114,
                4.272013444127376,
                5.801113146603322,
                16.073889970191114
            ],
            [
                16.52809780832357,
                13.726544298328538,
                8.184996229979669,
                19.264145551522237
            ]
        ],
        "C": 0.2
    },
    "output_params": {
        "output_dir": "output/OUT_config_0038_M8_Trivial_H20.0_mu3.97",
        "output_prefix": "mc_sim_Trivial_H20.0_mub3.97_M8"
    }
}