{
    "input_params": {
        "polymer_type": "Ring",
        "knot_type": "Trivial",
        "configuration": "input/init_config_Z/TrivialN64M8H20.00rho0.10.dat",
        "mu_b": 0.9341255139545201,
        "M": 8,
        "init_N": 64,
        "rho_b": 0.1,
        "box_xy": 16.0,
        "H": 20.0,
        "rcut": 1.0,
        "max_N": 640,
        "external_potential": "custom"
    },
    "simulation_params": {
        "EPS_TRANS": 0.05,
        "ROT_RATIO": 0.3,
        "K_MAX": 10,
        "sample_interval": 5,
        "sample_time": 40000,
        "sample_block": 4,
        "dz": 0.02
    },
    "Vext_params": {
        "potential_type": "custom",
        "An": [
            -0.7864374771253985,
            -2.4856307487928624,
            -0.22841835955546586,
            -1.9873263058734711
        ],
        "phi_n": [
            3.2110623876368556,
            6.012280680163329,
            3.807522873073657,
            0.9519409904604555
        ],
        "Vlin_par": [
            [
                2.5745179967982326,
                -0.34554910864195865,
                1.7153294711862805,
                0.7154222697963818
            ],
            [
                -1.2207402308787363,
                0.5299053865693629,
                -3.0054333859889644,
                -0.14229963252226388
            ]
        ],
        "x_tar": [
            [
                4.595645420776117,
                4.205693359540281,
                1.8934503333350272,
                5.202357554677173
            ],
            [
                18.145659427170592,
                6.858812162771553,
                6.3735954933583,
                11.837823731892755
            ]
        ],
        "C": 0.2
    },
    "output_params": {
        "output_dir": "output/OUT_config_0562_M8_Trivial_H20.0_mu0.93",
        "output_prefix": "mc_sim_Trivial_H20.0_mub0.93_M8"
    }
}