{
    "input_params": {
        "polymer_type": "Ring",
        "knot_type": "Trivial",
        "configuration": "input/init_config_Z/TrivialN64M8H20.00rho0.10.dat",
        "mu_b": -0.07263050514319513,
        "M": 8,
        "init_N": 64,
        "rho_b": 0.1,
        "box_xy": 16.0,
        "H": 20.0,
        "rcut": 1.0,
        "max_N": 640,
        "external_potential": "custom"
    },
    "simulation_params": {
        "EPS_TRANS": 0.05,
        "ROT_RATIO": 0.3,
        "K_MAX": 10,
        "sample_interval": 5,
        "sample_time": 40000,
        "sample_block": 4,
        "dz": 0.02
    },
    "Vext_params": {
        "potential_type": "custom",
        "An": [
            -0.3222293186117772,
            -3.307159327875082,
            2.388755228716709,
            -1.2284588900640452
        ],
        "phi_n": [
            3.0309704284157273,
            4.633334825581106,
            5.507874702694935,
            0.46979465469604553
        ],
        "Vlin_par": [
            [
                0.6262548699005946,
                3.739173519497654,
                0.4210783875778168,
                2.9189794893060714
            ],
            [
                -1.7228117635214224,
                -0.3508044322083888,
                0.35458451617904846,
                2.9111932544298993
            ]
        ],
        "x_tar": [
            [
                9.486322074065951,
                10.844693801062562,
                0.0664260443209197,
                16.58418455655444
            ],
            [
                17.158547056831623,
                11.71046586140016,
                16.707840160280146,
                19.181100030322
            ]
        ],
        "C": 0.2
    },
    "output_params": {
        "output_dir": "output/OUT_config_0238_M8_Trivial_H20.0_mu-0.07",
        "output_prefix": "mc_sim_Trivial_H20.0_mub-0.07_M8"
    }
}