{
    "input_params": {
        "polymer_type": "Ring",
        "knot_type": "Trivial",
        "configuration": "input/init_config_Z/TrivialN64M8H20.00rho0.10.dat",
        "mu_b": 0.45906262802980047,
        "M": 8,
        "init_N": 64,
        "rho_b": 0.1,
        "box_xy": 16.0,
        "H": 20.0,
        "rcut": 1.0,
        "max_N": 640,
        "external_potential": "custom"
    },
    "simulation_params": {
        "EPS_TRANS": 0.05,
        "ROT_RATIO": 0.3,
        "K_MAX": 10,
        "sample_interval": 5,
        "sample_time": 40000,
        "sample_block": 4,
        "dz": 0.02
    },
    "Vext_params": {
        "potential_type": "custom",
        "An": [
            0.8302165006023617,
            -1.4036640736040802,
            -0.5217335110258912,
            1.9139179996953462
        ],
        "phi_n": [
            2.2275934300154865,
            3.5836542107981098,
            5.077132072329555,
            0.28484498460948965
        ],
        "Vlin_par": [
            [
                -1.4785218660936224,
                0.16787310973161934,
                3.7206801314089417,
                -4.929015463371473
            ],
            [
                1.030241055602193,
                -3.8541765583822634,
                3.7508184289669857,
                0.3511596422409908
            ]
        ],
        "x_tar": [
            [
                10.760386581087252,
                12.772912695025871,
                2.535944001508761,
                2.7908772761700984
            ],
            [
                16.76268924297683,
                15.34358018172653,
                12.076148512967526,
                4.820912687664909
            ]
        ],
        "C": 0.2
    },
    "output_params": {
        "output_dir": "output/OUT_config_0534_M8_Trivial_H20.0_mu0.46",
        "output_prefix": "mc_sim_Trivial_H20.0_mub0.46_M8"
    }
}