{
    "input_params": {
        "polymer_type": "Ring",
        "knot_type": "Trivial",
        "configuration": "input/init_config_Z/TrivialN64M8H20.00rho0.10.dat",
        "mu_b": 0.23592808790755493,
        "M": 8,
        "init_N": 64,
        "rho_b": 0.1,
        "box_xy": 16.0,
        "H": 20.0,
        "rcut": 1.0,
        "max_N": 640,
        "external_potential": "custom"
    },
    "simulation_params": {
        "EPS_TRANS": 0.05,
        "ROT_RATIO": 0.3,
        "K_MAX": 10,
        "sample_interval": 5,
        "sample_time": 40000,
        "sample_block": 4,
        "dz": 0.02
    },
    "Vext_params": {
        "potential_type": "custom",
        "An": [
            2.2976049189498817,
            -0.7206943962492812,
            -1.1915966503321114,
            1.5284729779253234
        ],
        "phi_n": [
            1.5510587177667055,
            2.3649172096907907,
            3.6590504154544723,
            3.5556311659111888
        ],
        "Vlin_par": [
            [
                -3.4086219722912734,
                0.803954325629857,
                -1.7019457313322137,
                -5.036627080903614
            ],
            [
                -1.8329716529874118,
                1.0332116256763142,
                -2.1850672178715165,
                -1.1433165980000755
            ]
        ],
        "x_tar": [
            [
                8.660638992825424,
                0.37010317533813897,
                0.22897104639457266,
                8.988420917090153
            ],
            [
                19.083533321803273,
                5.027817402866949,
                5.173523725157601,
                16.166574036200444
            ]
        ],
        "C": 0.2
    },
    "output_params": {
        "output_dir": "output/OUT_config_0522_M8_Trivial_H20.0_mu0.24",
        "output_prefix": "mc_sim_Trivial_H20.0_mub0.24_M8"
    }
}