{
    "input_params": {
        "polymer_type": "Ring",
        "knot_type": "Trivial",
        "configuration": "input/init_config_Z/TrivialN64M8H20.00rho0.10.dat",
        "mu_b": 3.1060589348718928,
        "M": 8,
        "init_N": 64,
        "rho_b": 0.1,
        "box_xy": 16.0,
        "H": 20.0,
        "rcut": 1.0,
        "max_N": 640,
        "external_potential": "custom"
    },
    "simulation_params": {
        "EPS_TRANS": 0.05,
        "ROT_RATIO": 0.3,
        "K_MAX": 10,
        "sample_interval": 5,
        "sample_time": 40000,
        "sample_block": 4,
        "dz": 0.02
    },
    "Vext_params": {
        "potential_type": "custom",
        "An": [
            0.11171865094094328,
            -1.7720580865845603,
            -0.022104594639596613,
            0.4451651392088771
        ],
        "phi_n": [
            5.735247725538956,
            0.8192507528601454,
            0.883845603100857,
            3.8347342219334033
        ],
        "Vlin_par": [
            [
                -0.5290594512811623,
                2.3218187460406905,
                3.5478231157989137,
                -2.7789825737340346
            ],
            [
                -4.846191324546196,
                2.3465600298743854,
                1.9802429386300415,
                -1.7406771384664135
            ]
        ],
        "x_tar": [
            [
                7.653361519518739,
                8.483817798087102,
                2.398787108601328,
                13.181162596304032
            ],
            [
                17.064838956684774,
                12.23998801719009,
                15.529439458494583,
                17.341208419822742
            ]
        ],
        "C": 0.2
    },
    "output_params": {
        "output_dir": "output/OUT_config_0568_M8_Trivial_H20.0_mu3.11",
        "output_prefix": "mc_sim_Trivial_H20.0_mub3.11_M8"
    }
}