{
    "input_params": {
        "polymer_type": "Ring",
        "knot_type": "Trivial",
        "configuration": "input/init_config_Z/TrivialN64M8H20.00rho0.10.dat",
        "mu_b": 2.261155664174021,
        "M": 8,
        "init_N": 64,
        "rho_b": 0.1,
        "box_xy": 16.0,
        "H": 20.0,
        "rcut": 1.0,
        "max_N": 640,
        "external_potential": "custom"
    },
    "simulation_params": {
        "EPS_TRANS": 0.05,
        "ROT_RATIO": 0.3,
        "K_MAX": 10,
        "sample_interval": 5,
        "sample_time": 40000,
        "sample_block": 4,
        "dz": 0.02
    },
    "Vext_params": {
        "potential_type": "custom",
        "An": [
            -2.961769930311148,
            -3.412040362718362,
            -1.0817577640711824,
            -1.9342078120063304
        ],
        "phi_n": [
            2.4449298947218705,
            2.3934654630706453,
            1.5421271349921133,
            5.755472384817692
        ],
        "Vlin_par": [
            [
                1.761937909624372,
                -0.8238292062687543,
                -0.7788173653820071,
                -0.8144916877748722
            ],
            [
                0.8694549417847146,
                -0.7616052937238266,
                0.8923876920095668,
                -3.1911305941946373
            ]
        ],
        "x_tar": [
            [
                4.862230197425587,
                8.55967614310876,
                3.126060437089022,
                7.437699270639877
            ],
            [
                10.376707306234126,
                16.939306220438233,
                4.272496045611205,
                12.181257083893708
            ]
        ],
        "C": 0.2
    },
    "output_params": {
        "output_dir": "output/OUT_config_0441_M8_Trivial_H20.0_mu2.26",
        "output_prefix": "mc_sim_Trivial_H20.0_mub2.26_M8"
    }
}