{
    "input_params": {
        "polymer_type": "Ring",
        "knot_type": "Trivial",
        "configuration": "input/init_config_Z/TrivialN64M8H20.00rho0.10.dat",
        "mu_b": 0.8758065698711093,
        "M": 8,
        "init_N": 64,
        "rho_b": 0.1,
        "box_xy": 16.0,
        "H": 20.0,
        "rcut": 1.0,
        "max_N": 640,
        "external_potential": "custom"
    },
    "simulation_params": {
        "EPS_TRANS": 0.05,
        "ROT_RATIO": 0.3,
        "K_MAX": 10,
        "sample_interval": 5,
        "sample_time": 40000,
        "sample_block": 4,
        "dz": 0.02
    },
    "Vext_params": {
        "potential_type": "custom",
        "An": [
            -0.4001749460283712,
            -0.5482855207270072,
            -2.1955574020069415,
            -1.9943471585598702
        ],
        "phi_n": [
            1.9583103254401015,
            4.074874907823177,
            3.5595938685496233,
            4.627096600243659
        ],
        "Vlin_par": [
            [
                2.5297544360592505,
                1.3256184304148322,
                -1.240973214126592,
                0.685436919564758
            ],
            [
                -0.2964667242998691,
                0.34929192683070115,
                3.21659342290349,
                -2.253699093167641
            ]
        ],
        "x_tar": [
            [
                0.1578581867269624,
                3.809971707530775,
                2.136087881048161,
                0.5757216415982125
            ],
            [
                10.364474297217223,
                16.231946264459317,
                3.1010403653424556,
                12.814540792011966
            ]
        ],
        "C": 0.2
    },
    "output_params": {
        "output_dir": "output/OUT_config_0455_M8_Trivial_H20.0_mu0.88",
        "output_prefix": "mc_sim_Trivial_H20.0_mub0.88_M8"
    }
}