{
    "input_params": {
        "polymer_type": "Ring",
        "knot_type": "Trivial",
        "configuration": "input/init_config_Z/TrivialN64M8H20.00rho0.10.dat",
        "mu_b": -0.10557764743150988,
        "M": 8,
        "init_N": 64,
        "rho_b": 0.1,
        "box_xy": 16.0,
        "H": 20.0,
        "rcut": 1.0,
        "max_N": 640,
        "external_potential": "custom"
    },
    "simulation_params": {
        "EPS_TRANS": 0.05,
        "ROT_RATIO": 0.3,
        "K_MAX": 10,
        "sample_interval": 5,
        "sample_time": 40000,
        "sample_block": 4,
        "dz": 0.02
    },
    "Vext_params": {
        "potential_type": "custom",
        "An": [
            -0.9290211290461994,
            -1.3338714676830286,
            4.1713823237216,
            0.5353775454203564
        ],
        "phi_n": [
            3.16377876473613,
            4.592962126330292,
            3.427761142614768,
            6.0259740127965165
        ],
        "Vlin_par": [
            [
                1.7625644662578155,
                -0.8533999361033776,
                -0.21913879100924316,
                -1.836413514056812
            ],
            [
                2.4972576808504936,
                2.8509976842952933,
                -1.8579105332385195,
                0.737765303689196
            ]
        ],
        "x_tar": [
            [
                4.161123648463678,
                9.713152330258817,
                4.130131029517852,
                12.4547003730708
            ],
            [
                12.679129707120204,
                11.28453575724132,
                6.6937767202684455,
                12.579304539782507
            ]
        ],
        "C": 0.2
    },
    "output_params": {
        "output_dir": "output/OUT_config_0349_M8_Trivial_H20.0_mu-0.11",
        "output_prefix": "mc_sim_Trivial_H20.0_mub-0.11_M8"
    }
}