{
    "input_params": {
        "polymer_type": "Ring",
        "knot_type": "Trivial",
        "configuration": "input/init_config_Z/TrivialN64M8H20.00rho0.10.dat",
        "mu_b": 1.2359695917961173,
        "M": 8,
        "init_N": 64,
        "rho_b": 0.1,
        "box_xy": 16.0,
        "H": 20.0,
        "rcut": 1.0,
        "max_N": 640,
        "external_potential": "custom"
    },
    "simulation_params": {
        "EPS_TRANS": 0.05,
        "ROT_RATIO": 0.3,
        "K_MAX": 10,
        "sample_interval": 5,
        "sample_time": 40000,
        "sample_block": 4,
        "dz": 0.02
    },
    "Vext_params": {
        "potential_type": "custom",
        "An": [
            -1.9150267751000591,
            0.2018188893557679,
            2.9072476718140825,
            0.5770441813776374
        ],
        "phi_n": [
            2.11583412415903,
            2.5968077556389413,
            4.892116927147531,
            3.4614893226139896
        ],
        "Vlin_par": [
            [
                -0.991021653429028,
                -0.5792362411405262,
                5.00298081205378,
                2.5348691746005847
            ],
            [
                -0.41901378615629786,
                2.3033567573035016,
                -0.008704676643200144,
                -2.4517813031762086
            ]
        ],
        "x_tar": [
            [
                6.64938142595541,
                5.343473908650251,
                16.272995757633048,
                12.616349730343577
            ],
            [
                15.170235865284099,
                9.259412670900302,
                18.131678165450754,
                15.118058098791824
            ]
        ],
        "C": 0.2
    },
    "output_params": {
        "output_dir": "output/OUT_config_0457_M8_Trivial_H20.0_mu1.24",
        "output_prefix": "mc_sim_Trivial_H20.0_mub1.24_M8"
    }
}