{
    "input_params": {
        "polymer_type": "Ring",
        "knot_type": "Trivial",
        "configuration": "input/init_config_Z/TrivialN64M8H20.00rho0.10.dat",
        "mu_b": 2.260752171134551,
        "M": 8,
        "init_N": 64,
        "rho_b": 0.1,
        "box_xy": 16.0,
        "H": 20.0,
        "rcut": 1.0,
        "max_N": 640,
        "external_potential": "custom"
    },
    "simulation_params": {
        "EPS_TRANS": 0.05,
        "ROT_RATIO": 0.3,
        "K_MAX": 10,
        "sample_interval": 5,
        "sample_time": 40000,
        "sample_block": 4,
        "dz": 0.02
    },
    "Vext_params": {
        "potential_type": "custom",
        "An": [
            -0.7734896268909071,
            0.7640070815123328,
            -0.7538832753327435,
            -0.22332196449009617
        ],
        "phi_n": [
            1.5705138848988895,
            2.9614045705942114,
            4.549407056029285,
            3.870883713597177
        ],
        "Vlin_par": [
            [
                -0.016123229275140337,
                0.9730559919459155,
                -0.05002047889032022,
                -1.1702311839844715
            ],
            [
                0.42499089429794534,
                2.1063135612236894,
                2.3447743086293453,
                2.2036993777086384
            ]
        ],
        "x_tar": [
            [
                12.971067405179284,
                16.295625842350034,
                0.15980572338418764,
                3.8135052107362277
            ],
            [
                15.036327923117431,
                18.04926147904748,
                6.470086926603691,
                5.292556144640155
            ]
        ],
        "C": 0.2
    },
    "output_params": {
        "output_dir": "output/OUT_config_0138_M8_Trivial_H20.0_mu2.26",
        "output_prefix": "mc_sim_Trivial_H20.0_mub2.26_M8"
    }
}