{
    "input_params": {
        "polymer_type": "Ring",
        "knot_type": "Trivial",
        "configuration": "input/init_config_Z/TrivialN64M8H20.00rho0.10.dat",
        "mu_b": 4.331903234553886,
        "M": 8,
        "init_N": 64,
        "rho_b": 0.1,
        "box_xy": 16.0,
        "H": 20.0,
        "rcut": 1.0,
        "max_N": 640,
        "external_potential": "custom"
    },
    "simulation_params": {
        "EPS_TRANS": 0.05,
        "ROT_RATIO": 0.3,
        "K_MAX": 10,
        "sample_interval": 5,
        "sample_time": 40000,
        "sample_block": 4,
        "dz": 0.02
    },
    "Vext_params": {
        "potential_type": "custom",
        "An": [
            -2.265672619334057,
            0.916784868406899,
            0.7344540188116258,
            -0.6654422004572161
        ],
        "phi_n": [
            5.638098185558308,
            4.89438048272326,
            1.3626000517495052,
            3.1744226316903292
        ],
        "Vlin_par": [
            [
                -3.263253915580911,
                2.6776295439788953,
                0.6153930272399302,
                -1.4254381793112347
            ],
            [
                -2.77801268209888,
                -1.0013551458893095,
                -2.249671481033972,
                -1.7397589127998192
            ]
        ],
        "x_tar": [
            [
                4.65900553607721,
                9.173369539830231,
                15.300000135875418,
                10.856750156970918
            ],
            [
                16.80234957684566,
                19.61730144523455,
                16.18798251852428,
                19.649493129049592
            ]
        ],
        "C": 0.2
    },
    "output_params": {
        "output_dir": "output/OUT_config_0559_M8_Trivial_H20.0_mu4.33",
        "output_prefix": "mc_sim_Trivial_H20.0_mub4.33_M8"
    }
}