{
    "input_params": {
        "polymer_type": "Ring",
        "knot_type": "Trivial",
        "configuration": "input/init_config_Z/TrivialN64M8H20.00rho0.10.dat",
        "mu_b": 4.330419170369648,
        "M": 8,
        "init_N": 64,
        "rho_b": 0.1,
        "box_xy": 16.0,
        "H": 20.0,
        "rcut": 1.0,
        "max_N": 640,
        "external_potential": "custom"
    },
    "simulation_params": {
        "EPS_TRANS": 0.05,
        "ROT_RATIO": 0.3,
        "K_MAX": 10,
        "sample_interval": 5,
        "sample_time": 40000,
        "sample_block": 4,
        "dz": 0.02
    },
    "Vext_params": {
        "potential_type": "custom",
        "An": [
            -1.5518696445981999,
            -0.7690509677751011,
            2.921425919461281,
            -3.361534518965571
        ],
        "phi_n": [
            0.023063074622267046,
            1.0372659580260044,
            1.6693303689750623,
            2.9214380188819797
        ],
        "Vlin_par": [
            [
                1.93485100289324,
                2.786791062365471,
                -1.6943535983190452,
                -3.542286851448859
            ],
            [
                0.8406565517910515,
                -0.38871071410152425,
                -0.417247136145965,
                -0.08228046766194246
            ]
        ],
        "x_tar": [
            [
                0.3322306181023249,
                12.590264221846528,
                1.9350930315866832,
                5.786991471625558
            ],
            [
                15.998253606742017,
                13.104962072622637,
                16.20373846392118,
                15.898872971060081
            ]
        ],
        "C": 0.2
    },
    "output_params": {
        "output_dir": "output/OUT_config_0064_M8_Trivial_H20.0_mu4.33",
        "output_prefix": "mc_sim_Trivial_H20.0_mub4.33_M8"
    }
}