{
    "input_params": {
        "polymer_type": "Ring",
        "knot_type": "Trivial",
        "configuration": "input/init_config_Z/TrivialN64M8H20.00rho0.10.dat",
        "mu_b": 3.8183872609037444,
        "M": 8,
        "init_N": 64,
        "rho_b": 0.1,
        "box_xy": 16.0,
        "H": 20.0,
        "rcut": 1.0,
        "max_N": 640,
        "external_potential": "custom"
    },
    "simulation_params": {
        "EPS_TRANS": 0.05,
        "ROT_RATIO": 0.3,
        "K_MAX": 10,
        "sample_interval": 5,
        "sample_time": 40000,
        "sample_block": 4,
        "dz": 0.02
    },
    "Vext_params": {
        "potential_type": "custom",
        "An": [
            1.3931929063996524,
            -0.19456509977096897,
            1.214130231391219,
            1.2219028317511549
        ],
        "phi_n": [
            3.9524858216331613,
            4.8496904634229665,
            3.138342390847931,
            2.2512722957743057
        ],
        "Vlin_par": [
            [
                0.40050228509195807,
                -3.018219853401713,
                -2.5446618540643877,
                1.7016798623923732
            ],
            [
                -0.48358468644244895,
                4.22810513009596,
                1.0883512898855872,
                -0.5569882983533173
            ]
        ],
        "x_tar": [
            [
                5.895770567496625,
                4.328046801321809,
                3.9189327212625003,
                7.215209359754747
            ],
            [
                13.32876387436096,
                9.311643308474835,
                14.01947686976009,
                12.006927071463275
            ]
        ],
        "C": 0.2
    },
    "output_params": {
        "output_dir": "output/OUT_config_0376_M8_Trivial_H20.0_mu3.82",
        "output_prefix": "mc_sim_Trivial_H20.0_mub3.82_M8"
    }
}