{
    "input_params": {
        "polymer_type": "Ring",
        "knot_type": "Trivial",
        "configuration": "input/init_config_Z/TrivialN64M8H20.00rho0.10.dat",
        "mu_b": 5.8354468159024115,
        "M": 8,
        "init_N": 64,
        "rho_b": 0.1,
        "box_xy": 16.0,
        "H": 20.0,
        "rcut": 1.0,
        "max_N": 640,
        "external_potential": "custom"
    },
    "simulation_params": {
        "EPS_TRANS": 0.05,
        "ROT_RATIO": 0.3,
        "K_MAX": 10,
        "sample_interval": 5,
        "sample_time": 40000,
        "sample_block": 4,
        "dz": 0.02
    },
    "Vext_params": {
        "potential_type": "custom",
        "An": [
            -0.690848258030614,
            0.6602170177856708,
            0.01625532823371606,
            -3.544585685610251
        ],
        "phi_n": [
            4.882216380514481,
            2.631748587003749,
            0.6508421353175544,
            0.3975073101162802
        ],
        "Vlin_par": [
            [
                -0.38364812249498403,
                0.8523948849803267,
                -1.0485850307747187,
                1.183287666566481
            ],
            [
                -0.6513980039975246,
                -3.483816318482717,
                2.0441500142956226,
                0.5496254783204829
            ]
        ],
        "x_tar": [
            [
                5.134625527388572,
                6.199763733436249,
                0.8009889782619339,
                13.45923717775521
            ],
            [
                18.75312683410034,
                12.084809403999486,
                19.748240316936062,
                15.349710802239258
            ]
        ],
        "C": 0.2
    },
    "output_params": {
        "output_dir": "output/OUT_config_0031_M8_Trivial_H20.0_mu5.84",
        "output_prefix": "mc_sim_Trivial_H20.0_mub5.84_M8"
    }
}