{
    "input_params": {
        "polymer_type": "Ring",
        "knot_type": "Trivial",
        "configuration": "input/init_config_Z/TrivialN64M8H20.00rho0.10.dat",
        "mu_b": 1.1064660095098557,
        "M": 8,
        "init_N": 64,
        "rho_b": 0.1,
        "box_xy": 16.0,
        "H": 20.0,
        "rcut": 1.0,
        "max_N": 640,
        "external_potential": "custom"
    },
    "simulation_params": {
        "EPS_TRANS": 0.05,
        "ROT_RATIO": 0.3,
        "K_MAX": 10,
        "sample_interval": 5,
        "sample_time": 40000,
        "sample_block": 4,
        "dz": 0.02
    },
    "Vext_params": {
        "potential_type": "custom",
        "An": [
            0.13367521119730463,
            -0.1604472965330916,
            0.18034968922122957,
            0.49517469757533356
        ],
        "phi_n": [
            0.07543957220252835,
            0.7166056724269885,
            5.335707278595361,
            5.579723376158196
        ],
        "Vlin_par": [
            [
                1.79292644384242,
                -2.4414817095211694,
                -1.3194312743804628,
                -0.40651410029159085
            ],
            [
                2.2886968614428858,
                -1.2529238886090452,
                -2.287131921936432,
                -3.1946070618153373
            ]
        ],
        "x_tar": [
            [
                5.424450432953158,
                10.424245638240361,
                14.675013951917933,
                2.0345216856018022
            ],
            [
                5.761320976548543,
                19.919445299516234,
                19.644343283932248,
                10.659584921846166
            ]
        ],
        "C": 0.2
    },
    "output_params": {
        "output_dir": "output/OUT_config_0321_M8_Trivial_H20.0_mu1.11",
        "output_prefix": "mc_sim_Trivial_H20.0_mub1.11_M8"
    }
}