{
    "input_params": {
        "polymer_type": "Ring",
        "knot_type": "Trivial",
        "configuration": "input/init_config_Z/TrivialN64M8H20.00rho0.10.dat",
        "mu_b": 5.882852467965186,
        "M": 8,
        "init_N": 64,
        "rho_b": 0.1,
        "box_xy": 16.0,
        "H": 20.0,
        "rcut": 1.0,
        "max_N": 640,
        "external_potential": "custom"
    },
    "simulation_params": {
        "EPS_TRANS": 0.05,
        "ROT_RATIO": 0.3,
        "K_MAX": 10,
        "sample_interval": 5,
        "sample_time": 40000,
        "sample_block": 4,
        "dz": 0.02
    },
    "Vext_params": {
        "potential_type": "custom",
        "An": [
            1.1768854302287992,
            -0.6989358130181684,
            -0.7178352871373305,
            -1.4222622795361604
        ],
        "phi_n": [
            0.7206241345349201,
            1.5081477980128408,
            0.6874755033778969,
            2.466310958922137
        ],
        "Vlin_par": [
            [
                -3.391197759666956,
                -1.1805095325761181,
                -1.7202753166721867,
                0.662724271156984
            ],
            [
                -0.757776835801331,
                1.0470429168245556,
                -4.15354245112882,
                -1.7788882453212893
            ]
        ],
        "x_tar": [
            [
                3.471576894870465,
                8.617368408388836,
                7.396636715766869,
                7.801723096331998
            ],
            [
                11.334227239578063,
                11.290494126055236,
                13.15679460321022,
                18.64148079775986
            ]
        ],
        "C": 0.2
    },
    "output_params": {
        "output_dir": "output/OUT_config_0152_M8_Trivial_H20.0_mu5.88",
        "output_prefix": "mc_sim_Trivial_H20.0_mub5.88_M8"
    }
}