{
    "input_params": {
        "polymer_type": "Ring",
        "knot_type": "Trivial",
        "configuration": "input/init_config_Z/TrivialN64M8H20.00rho0.10.dat",
        "mu_b": -0.2938014577192958,
        "M": 8,
        "init_N": 64,
        "rho_b": 0.1,
        "box_xy": 16.0,
        "H": 20.0,
        "rcut": 1.0,
        "max_N": 640,
        "external_potential": "custom"
    },
    "simulation_params": {
        "EPS_TRANS": 0.05,
        "ROT_RATIO": 0.3,
        "K_MAX": 10,
        "sample_interval": 5,
        "sample_time": 40000,
        "sample_block": 4,
        "dz": 0.02
    },
    "Vext_params": {
        "potential_type": "custom",
        "An": [
            -0.5570004377938311,
            -0.6669078816901819,
            0.3974143615181551,
            0.7856907108923885
        ],
        "phi_n": [
            0.7504236415066848,
            5.057056033332301,
            5.454608727436835,
            3.0553143014308706
        ],
        "Vlin_par": [
            [
                0.8543521385608273,
                -2.7299204425365624,
                -1.2183447986935747,
                -0.503405440650264
            ],
            [
                0.4049584317122079,
                -2.299887922144936,
                -0.9540536534629287,
                0.8770314076606703
            ]
        ],
        "x_tar": [
            [
                3.5614478995655396,
                1.9262482626117805,
                18.911332921942737,
                6.335735552806769
            ],
            [
                19.75271292339602,
                15.302715854119985,
                19.82989845047942,
                16.804622190910262
            ]
        ],
        "C": 0.2
    },
    "output_params": {
        "output_dir": "output/OUT_config_0108_M8_Trivial_H20.0_mu-0.29",
        "output_prefix": "mc_sim_Trivial_H20.0_mub-0.29_M8"
    }
}