{
    "input_params": {
        "polymer_type": "Ring",
        "knot_type": "Trivial",
        "configuration": "input/init_config_Z/TrivialN64M8H20.00rho0.10.dat",
        "mu_b": 5.211776273475388,
        "M": 8,
        "init_N": 64,
        "rho_b": 0.1,
        "box_xy": 16.0,
        "H": 20.0,
        "rcut": 1.0,
        "max_N": 640,
        "external_potential": "custom"
    },
    "simulation_params": {
        "EPS_TRANS": 0.05,
        "ROT_RATIO": 0.3,
        "K_MAX": 10,
        "sample_interval": 5,
        "sample_time": 40000,
        "sample_block": 4,
        "dz": 0.02
    },
    "Vext_params": {
        "potential_type": "custom",
        "An": [
            2.470120692092073,
            -0.23491982556770466,
            -0.7352995997361118,
            -2.2272974448995875
        ],
        "phi_n": [
            4.4790317637520065,
            5.962806236933312,
            1.9086019841429185,
            0.9018671465505886
        ],
        "Vlin_par": [
            [
                0.6480215489330322,
                -0.6335423394136562,
                3.1867861246630094,
                3.467526103271575
            ],
            [
                -1.6535983758413044,
                -1.7489336261591233,
                -0.7641233978368738,
                0.6509842376813577
            ]
        ],
        "x_tar": [
            [
                0.5538152323010381,
                2.181650510311748,
                10.825058949021809,
                2.52346021567053
            ],
            [
                3.974841411366161,
                17.542958743769365,
                11.53528710066501,
                17.41807033930896
            ]
        ],
        "C": 0.2
    },
    "output_params": {
        "output_dir": "output/OUT_config_0174_M8_Trivial_H20.0_mu5.21",
        "output_prefix": "mc_sim_Trivial_H20.0_mub5.21_M8"
    }
}