{
    "input_params": {
        "polymer_type": "Ring",
        "knot_type": "Trivial",
        "configuration": "input/init_config_Z/TrivialN64M8H20.00rho0.10.dat",
        "mu_b": 3.8536171398795815,
        "M": 8,
        "init_N": 64,
        "rho_b": 0.1,
        "box_xy": 16.0,
        "H": 20.0,
        "rcut": 1.0,
        "max_N": 640,
        "external_potential": "custom"
    },
    "simulation_params": {
        "EPS_TRANS": 0.05,
        "ROT_RATIO": 0.3,
        "K_MAX": 10,
        "sample_interval": 5,
        "sample_time": 40000,
        "sample_block": 4,
        "dz": 0.02
    },
    "Vext_params": {
        "potential_type": "custom",
        "An": [
            1.4607235832826493,
            0.8075095331249618,
            1.9234844695427975,
            4.192387820851854
        ],
        "phi_n": [
            2.930263311931706,
            2.1313816350791153,
            2.99138863424462,
            2.492749586979319
        ],
        "Vlin_par": [
            [
                -1.3722818698428956,
                -2.608406839691743,
                0.11089161714355875,
                -0.2675272650804088
            ],
            [
                0.7521138870875459,
                1.0061875721369014,
                -0.4321446752825464,
                -1.2068402866836965
            ]
        ],
        "x_tar": [
            [
                12.711319311983956,
                2.3964494745686804,
                2.865719441152177,
                2.8103137021577695
            ],
            [
                17.34199822216465,
                5.138017056981539,
                15.808115593165525,
                19.732829330859126
            ]
        ],
        "C": 0.2
    },
    "output_params": {
        "output_dir": "output/OUT_config_0526_M8_Trivial_H20.0_mu3.85",
        "output_prefix": "mc_sim_Trivial_H20.0_mub3.85_M8"
    }
}