{
    "input_params": {
        "polymer_type": "Ring",
        "knot_type": "Trivial",
        "configuration": "input/init_config_Z/TrivialN64M8H20.00rho0.10.dat",
        "mu_b": 4.556406343216242,
        "M": 8,
        "init_N": 64,
        "rho_b": 0.1,
        "box_xy": 16.0,
        "H": 20.0,
        "rcut": 1.0,
        "max_N": 640,
        "external_potential": "custom"
    },
    "simulation_params": {
        "EPS_TRANS": 0.05,
        "ROT_RATIO": 0.3,
        "K_MAX": 10,
        "sample_interval": 5,
        "sample_time": 40000,
        "sample_block": 4,
        "dz": 0.02
    },
    "Vext_params": {
        "potential_type": "custom",
        "An": [
            -0.4532672056321673,
            -0.0239017837018597,
            -0.5386840798437974,
            -1.068680479516091
        ],
        "phi_n": [
            6.221927689713448,
            0.24742660594884205,
            3.380974113738031,
            5.178402922348344
        ],
        "Vlin_par": [
            [
                -3.5566489746066847,
                -0.9053971367149743,
                -0.670333107000058,
                1.0003736323527197
            ],
            [
                -1.1384761138623538,
                0.5989189670888744,
                -0.5540354011049655,
                1.9111197196470564
            ]
        ],
        "x_tar": [
            [
                8.11661473092016,
                1.2883495432270564,
                2.5822451466768737,
                2.01594731000327
            ],
            [
                19.882891610449125,
                16.36640148006927,
                11.264718604181855,
                19.753042936582208
            ]
        ],
        "C": 0.2
    },
    "output_params": {
        "output_dir": "output/OUT_config_0531_M8_Trivial_H20.0_mu4.56",
        "output_prefix": "mc_sim_Trivial_H20.0_mub4.56_M8"
    }
}