{
    "input_params": {
        "polymer_type": "Ring",
        "knot_type": "Trivial",
        "configuration": "input/init_config_Z/TrivialN64M8H20.00rho0.10.dat",
        "mu_b": 2.2776521790101274,
        "M": 8,
        "init_N": 64,
        "rho_b": 0.1,
        "box_xy": 16.0,
        "H": 20.0,
        "rcut": 1.0,
        "max_N": 640,
        "external_potential": "custom"
    },
    "simulation_params": {
        "EPS_TRANS": 0.05,
        "ROT_RATIO": 0.3,
        "K_MAX": 10,
        "sample_interval": 5,
        "sample_time": 40000,
        "sample_block": 4,
        "dz": 0.02
    },
    "Vext_params": {
        "potential_type": "custom",
        "An": [
            -2.1598197530441894,
            1.323252279160166,
            0.46968272518290066,
            0.8576221767559897
        ],
        "phi_n": [
            1.1957978009137893,
            6.005775652334927,
            0.2146502441988389,
            4.568327543743295
        ],
        "Vlin_par": [
            [
                -1.6919051936131064,
                2.6174534409799635,
                1.1912640350763326,
                -3.4227176686541525
            ],
            [
                0.6532252304406441,
                -2.435835789889333,
                0.18217618163052526,
                -3.7218145729550276
            ]
        ],
        "x_tar": [
            [
                5.345266336614383,
                0.4513779991493383,
                0.8835231592531789,
                4.949990321179816
            ],
            [
                11.081991419194209,
                3.1323233690668917,
                9.121207750665889,
                18.896187440731886
            ]
        ],
        "C": 0.2
    },
    "output_params": {
        "output_dir": "output/OUT_config_0196_M8_Trivial_H20.0_mu2.28",
        "output_prefix": "mc_sim_Trivial_H20.0_mub2.28_M8"
    }
}