{
    "input_params": {
        "polymer_type": "Ring",
        "knot_type": "Trivial",
        "configuration": "input/init_config_Z/TrivialN64M8H20.00rho0.10.dat",
        "mu_b": -0.7989296658636894,
        "M": 8,
        "init_N": 64,
        "rho_b": 0.1,
        "box_xy": 16.0,
        "H": 20.0,
        "rcut": 1.0,
        "max_N": 640,
        "external_potential": "custom"
    },
    "simulation_params": {
        "EPS_TRANS": 0.05,
        "ROT_RATIO": 0.3,
        "K_MAX": 10,
        "sample_interval": 5,
        "sample_time": 40000,
        "sample_block": 4,
        "dz": 0.02
    },
    "Vext_params": {
        "potential_type": "custom",
        "An": [
            -1.6818793687948457,
            1.099922286741579,
            3.2616689315960183,
            0.10765247160115977
        ],
        "phi_n": [
            0.12604829543309182,
            4.90003627008825,
            4.423621574020422,
            3.3803509478242604
        ],
        "Vlin_par": [
            [
                3.3773418433635825,
                0.1970745890644144,
                2.4142843712733075,
                -1.1866214991219486
            ],
            [
                1.1375323049562704,
                2.8004284670984516,
                0.8397511484729965,
                -0.04887056521631962
            ]
        ],
        "x_tar": [
            [
                0.1052302887903056,
                7.175168819604623,
                6.717994970340424,
                2.3497103332774416
            ],
            [
                8.811244332543149,
                10.239717114980476,
                10.58546504644166,
                10.665967862827879
            ]
        ],
        "C": 0.2
    },
    "output_params": {
        "output_dir": "output/OUT_config_0249_M8_Trivial_H20.0_mu-0.80",
        "output_prefix": "mc_sim_Trivial_H20.0_mub-0.80_M8"
    }
}