{
    "input_params": {
        "polymer_type": "Ring",
        "knot_type": "Trivial",
        "configuration": "input/init_config_Z/TrivialN64M8H20.00rho0.10.dat",
        "mu_b": 3.0380149316991583,
        "M": 8,
        "init_N": 64,
        "rho_b": 0.1,
        "box_xy": 16.0,
        "H": 20.0,
        "rcut": 1.0,
        "max_N": 640,
        "external_potential": "custom"
    },
    "simulation_params": {
        "EPS_TRANS": 0.05,
        "ROT_RATIO": 0.3,
        "K_MAX": 10,
        "sample_interval": 5,
        "sample_time": 40000,
        "sample_block": 4,
        "dz": 0.02
    },
    "Vext_params": {
        "potential_type": "custom",
        "An": [
            2.9261434577607837,
            -2.0236298238012926,
            0.087574831551736,
            1.6266668583287658
        ],
        "phi_n": [
            3.3480399744250215,
            1.2232731159373678,
            3.3147771211840684,
            1.8132955502303043
        ],
        "Vlin_par": [
            [
                -4.148870926281698,
                -0.5145746060395838,
                2.0839310822878936,
                -0.6966253346513261
            ],
            [
                1.4131647933621867,
                -1.0526018851042427,
                -1.9947109003342751,
                -1.706858493609969
            ]
        ],
        "x_tar": [
            [
                4.862690058851287,
                6.978951707226571,
                3.881981385507496,
                5.35856097252932
            ],
            [
                10.890042297743053,
                12.949443886963836,
                8.369635832582311,
                11.81203570543476
            ]
        ],
        "C": 0.2
    },
    "output_params": {
        "output_dir": "output/OUT_config_0309_M8_Trivial_H20.0_mu3.04",
        "output_prefix": "mc_sim_Trivial_H20.0_mub3.04_M8"
    }
}