{
    "input_params": {
        "polymer_type": "Ring",
        "knot_type": "Trivial",
        "configuration": "input/init_config_Z/TrivialN64M8H20.00rho0.10.dat",
        "mu_b": 2.0092234083046803,
        "M": 8,
        "init_N": 64,
        "rho_b": 0.1,
        "box_xy": 16.0,
        "H": 20.0,
        "rcut": 1.0,
        "max_N": 640,
        "external_potential": "custom"
    },
    "simulation_params": {
        "EPS_TRANS": 0.05,
        "ROT_RATIO": 0.3,
        "K_MAX": 10,
        "sample_interval": 5,
        "sample_time": 40000,
        "sample_block": 4,
        "dz": 0.02
    },
    "Vext_params": {
        "potential_type": "custom",
        "An": [
            0.8990337282895303,
            -1.451309316294786,
            2.048857543141921,
            -4.189953973680385
        ],
        "phi_n": [
            1.699911788973979,
            3.9070448212963744,
            1.4874265382803347,
            0.8398254806408602
        ],
        "Vlin_par": [
            [
                -0.11337591896760665,
                1.7354538581688281,
                3.2211947426345553,
                -0.7370669373875078
            ],
            [
                1.9723750295000257,
                2.2650052778865595,
                1.274678333005239,
                -0.2719939450829011
            ]
        ],
        "x_tar": [
            [
                10.607584513584474,
                10.915124998173486,
                1.1057477138871086,
                3.641202890562356
            ],
            [
                19.486066734608393,
                11.42218060946872,
                13.857919347672702,
                9.691351474190608
            ]
        ],
        "C": 0.2
    },
    "output_params": {
        "output_dir": "output/OUT_config_0410_M8_Trivial_H20.0_mu2.01",
        "output_prefix": "mc_sim_Trivial_H20.0_mub2.01_M8"
    }
}