{
    "input_params": {
        "polymer_type": "Ring",
        "knot_type": "Trivial",
        "configuration": "input/init_config_Z/TrivialN64M8H20.00rho0.10.dat",
        "mu_b": 0.9406045934487848,
        "M": 8,
        "init_N": 64,
        "rho_b": 0.1,
        "box_xy": 16.0,
        "H": 20.0,
        "rcut": 1.0,
        "max_N": 640,
        "external_potential": "custom"
    },
    "simulation_params": {
        "EPS_TRANS": 0.05,
        "ROT_RATIO": 0.3,
        "K_MAX": 10,
        "sample_interval": 5,
        "sample_time": 40000,
        "sample_block": 4,
        "dz": 0.02
    },
    "Vext_params": {
        "potential_type": "custom",
        "An": [
            2.963478504601059,
            1.148536164457613,
            2.586907197488295,
            0.129351054531666
        ],
        "phi_n": [
            5.42275497270558,
            3.182261637258255,
            5.2150550112301906,
            2.346245117149157
        ],
        "Vlin_par": [
            [
                -0.43067641220501834,
                -1.6929643119123887,
                -0.7982973549253217,
                2.185875866228938
            ],
            [
                2.3496583827727573,
                -1.8380237129375163,
                1.7989495298477558,
                1.5717019254156372
            ]
        ],
        "x_tar": [
            [
                4.430490972470597,
                6.012023338386189,
                9.972629290629474,
                6.246831278392941
            ],
            [
                12.283819118912456,
                19.790002529392275,
                12.614772751464518,
                16.455824446576404
            ]
        ],
        "C": 0.2
    },
    "output_params": {
        "output_dir": "output/OUT_config_0597_M8_Trivial_H20.0_mu0.94",
        "output_prefix": "mc_sim_Trivial_H20.0_mub0.94_M8"
    }
}