{
    "input_params": {
        "polymer_type": "Ring",
        "knot_type": "Trivial",
        "configuration": "input/init_config_Z/TrivialN64M8H20.00rho0.10.dat",
        "mu_b": 4.536380826796323,
        "M": 8,
        "init_N": 64,
        "rho_b": 0.1,
        "box_xy": 16.0,
        "H": 20.0,
        "rcut": 1.0,
        "max_N": 640,
        "external_potential": "custom"
    },
    "simulation_params": {
        "EPS_TRANS": 0.05,
        "ROT_RATIO": 0.3,
        "K_MAX": 10,
        "sample_interval": 5,
        "sample_time": 40000,
        "sample_block": 4,
        "dz": 0.02
    },
    "Vext_params": {
        "potential_type": "custom",
        "An": [
            0.691167197922612,
            -0.07091670636538211,
            -0.48733112269050316,
            -0.7561717025258532
        ],
        "phi_n": [
            5.031340080025523,
            1.872426333762346,
            0.9518966222067586,
            1.1858922316699099
        ],
        "Vlin_par": [
            [
                -2.2406502258822063,
                1.981296217114476,
                0.24334052489671823,
                -0.8561255681875906
            ],
            [
                1.5562561381574103,
                -0.7127934528229133,
                2.3111085447625688,
                4.767213056184934
            ]
        ],
        "x_tar": [
            [
                6.13805296989943,
                10.237358123158153,
                2.4751928443940563,
                8.060612545762563
            ],
            [
                15.30007416140138,
                18.72943588833045,
                16.121838631466645,
                17.06874692013192
            ]
        ],
        "C": 0.2
    },
    "output_params": {
        "output_dir": "output/OUT_config_0011_M8_Trivial_H20.0_mu4.54",
        "output_prefix": "mc_sim_Trivial_H20.0_mub4.54_M8"
    }
}