{
    "input_params": {
        "polymer_type": "Ring",
        "knot_type": "Trivial",
        "configuration": "input/init_config_Z/TrivialN64M8H20.00rho0.10.dat",
        "mu_b": 1.185004412433341,
        "M": 8,
        "init_N": 64,
        "rho_b": 0.1,
        "box_xy": 16.0,
        "H": 20.0,
        "rcut": 1.0,
        "max_N": 640,
        "external_potential": "custom"
    },
    "simulation_params": {
        "EPS_TRANS": 0.05,
        "ROT_RATIO": 0.3,
        "K_MAX": 10,
        "sample_interval": 5,
        "sample_time": 40000,
        "sample_block": 4,
        "dz": 0.02
    },
    "Vext_params": {
        "potential_type": "custom",
        "An": [
            6.085866008435454,
            -2.942092078321641,
            0.14711221976681255,
            -1.9739039365478939
        ],
        "phi_n": [
            5.174903727472576,
            6.196220588978633,
            4.066586373680397,
            0.22799450390434015
        ],
        "Vlin_par": [
            [
                -0.15615768266457966,
                0.590449972442898,
                1.8534838889617964,
                0.538949736743422
            ],
            [
                -2.4893188803579065,
                -0.45627841105632067,
                1.9972136459118692,
                -4.348606894103899
            ]
        ],
        "x_tar": [
            [
                10.800245267573601,
                4.8994299120482125,
                5.509674226557955,
                10.706571602230179
            ],
            [
                11.767862827702833,
                5.330814225850684,
                14.147522306564714,
                17.365597117641233
            ]
        ],
        "C": 0.2
    },
    "output_params": {
        "output_dir": "output/OUT_config_0017_M8_Trivial_H20.0_mu1.19",
        "output_prefix": "mc_sim_Trivial_H20.0_mub1.19_M8"
    }
}