{
    "input_params": {
        "polymer_type": "Ring",
        "knot_type": "Trivial",
        "configuration": "input/init_config_Z/TrivialN64M8H20.00rho0.10.dat",
        "mu_b": 2.0850584952783806,
        "M": 8,
        "init_N": 64,
        "rho_b": 0.1,
        "box_xy": 16.0,
        "H": 20.0,
        "rcut": 1.0,
        "max_N": 640,
        "external_potential": "custom"
    },
    "simulation_params": {
        "EPS_TRANS": 0.05,
        "ROT_RATIO": 0.3,
        "K_MAX": 10,
        "sample_interval": 5,
        "sample_time": 40000,
        "sample_block": 4,
        "dz": 0.02
    },
    "Vext_params": {
        "potential_type": "custom",
        "An": [
            -1.7026545867700704,
            0.07748513360649675,
            -2.421445767651314,
            -0.2746795036903068
        ],
        "phi_n": [
            2.514531398278332,
            4.266556416760236,
            4.938984069609844,
            5.5572333341759395
        ],
        "Vlin_par": [
            [
                5.495895977953063,
                -0.12092507052398552,
                1.2956689805752981,
                -0.6359820903458734
            ],
            [
                2.232394253837799,
                0.0006938659012964976,
                -1.219457051285017,
                -0.8596792796235565
            ]
        ],
        "x_tar": [
            [
                2.300569752324013,
                9.814695514053618,
                8.535312704314409,
                10.879341818634728
            ],
            [
                15.43404947344958,
                12.172100596152466,
                16.35278648149815,
                17.019456273068773
            ]
        ],
        "C": 0.2
    },
    "output_params": {
        "output_dir": "output/OUT_config_0232_M8_Trivial_H20.0_mu2.09",
        "output_prefix": "mc_sim_Trivial_H20.0_mub2.09_M8"
    }
}