{
    "input_params": {
        "polymer_type": "Ring",
        "knot_type": "Trivial",
        "configuration": "input/init_config_Z/TrivialN64M8H20.00rho0.10.dat",
        "mu_b": 0.3024437993017579,
        "M": 8,
        "init_N": 64,
        "rho_b": 0.1,
        "box_xy": 16.0,
        "H": 20.0,
        "rcut": 1.0,
        "max_N": 640,
        "external_potential": "custom"
    },
    "simulation_params": {
        "EPS_TRANS": 0.05,
        "ROT_RATIO": 0.3,
        "K_MAX": 10,
        "sample_interval": 5,
        "sample_time": 40000,
        "sample_block": 4,
        "dz": 0.02
    },
    "Vext_params": {
        "potential_type": "custom",
        "An": [
            0.5808983899425292,
            0.425053274699801,
            1.0705939808679485,
            -1.8676397091970023
        ],
        "phi_n": [
            5.100824206210612,
            0.029921597542662586,
            0.7971160133955194,
            3.3087306977765305
        ],
        "Vlin_par": [
            [
                0.5995769153444122,
                -0.012755297374617301,
                2.873532564804595,
                -6.490903522645255
            ],
            [
                1.061546263964408,
                -3.020953277594588,
                -4.034531907400082,
                1.0787782866276252
            ]
        ],
        "x_tar": [
            [
                10.872215446334057,
                1.9556661683956444,
                15.169679066128026,
                3.672598467591126
            ],
            [
                16.998867350538834,
                10.421031302987648,
                19.717452659015777,
                11.183830166897696
            ]
        ],
        "C": 0.2
    },
    "output_params": {
        "output_dir": "output/OUT_config_0263_M8_Trivial_H20.0_mu0.30",
        "output_prefix": "mc_sim_Trivial_H20.0_mub0.30_M8"
    }
}