{
    "input_params": {
        "polymer_type": "Ring",
        "knot_type": "Trivial",
        "configuration": "input/init_config_Z/TrivialN64M8H20.00rho0.10.dat",
        "mu_b": 0.9134694549887385,
        "M": 8,
        "init_N": 64,
        "rho_b": 0.1,
        "box_xy": 16.0,
        "H": 20.0,
        "rcut": 1.0,
        "max_N": 640,
        "external_potential": "custom"
    },
    "simulation_params": {
        "EPS_TRANS": 0.05,
        "ROT_RATIO": 0.3,
        "K_MAX": 10,
        "sample_interval": 5,
        "sample_time": 40000,
        "sample_block": 4,
        "dz": 0.02
    },
    "Vext_params": {
        "potential_type": "custom",
        "An": [
            -1.2882199051191656,
            2.162589038796561,
            1.0154599496526866,
            2.220394217517666
        ],
        "phi_n": [
            0.4391629814842628,
            4.383559553442334,
            1.1803738802984949,
            0.766701800885459
        ],
        "Vlin_par": [
            [
                -0.8666846384360326,
                1.8515119044270985,
                -4.062156939943762,
                1.0862027365581601
            ],
            [
                3.0328693557384807,
                -3.647495794034657,
                -2.183763826838737,
                -2.2120068455124
            ]
        ],
        "x_tar": [
            [
                0.6129279891865758,
                5.11807124277853,
                4.410653479458208,
                10.591092917379397
            ],
            [
                16.612580983557564,
                19.623327008904965,
                13.986823155773445,
                10.771596517715498
            ]
        ],
        "C": 0.2
    },
    "output_params": {
        "output_dir": "output/OUT_config_0195_M8_Trivial_H20.0_mu0.91",
        "output_prefix": "mc_sim_Trivial_H20.0_mub0.91_M8"
    }
}