{
    "input_params": {
        "polymer_type": "Ring",
        "knot_type": "Trivial",
        "configuration": "input/init_config_Z/TrivialN64M8H20.00rho0.10.dat",
        "mu_b": 2.284342892512574,
        "M": 8,
        "init_N": 64,
        "rho_b": 0.1,
        "box_xy": 16.0,
        "H": 20.0,
        "rcut": 1.0,
        "max_N": 640,
        "external_potential": "custom"
    },
    "simulation_params": {
        "EPS_TRANS": 0.05,
        "ROT_RATIO": 0.3,
        "K_MAX": 10,
        "sample_interval": 5,
        "sample_time": 40000,
        "sample_block": 4,
        "dz": 0.02
    },
    "Vext_params": {
        "potential_type": "custom",
        "An": [
            -2.912643337100041,
            0.6115683094308783,
            -1.5487025817542077,
            -0.16645738166770818
        ],
        "phi_n": [
            4.634185528383186,
            5.238717326259182,
            4.431832502023602,
            5.411126495537499
        ],
        "Vlin_par": [
            [
                -1.5299352221107578,
                1.1231916079325661,
                4.543855591070988,
                1.154842318007482
            ],
            [
                2.5950996552258294,
                0.552692714275106,
                3.939991595028843,
                -3.7173841918500456
            ]
        ],
        "x_tar": [
            [
                4.605689105967999,
                4.816930068390219,
                6.134534014570168,
                0.36365436219138125
            ],
            [
                15.00495200992569,
                7.650118356675957,
                10.06190995003633,
                17.183871018095942
            ]
        ],
        "C": 0.2
    },
    "output_params": {
        "output_dir": "output/OUT_config_0267_M8_Trivial_H20.0_mu2.28",
        "output_prefix": "mc_sim_Trivial_H20.0_mub2.28_M8"
    }
}