{
    "input_params": {
        "polymer_type": "Ring",
        "knot_type": "Trivial",
        "configuration": "input/init_config_Z/TrivialN64M8H20.00rho0.10.dat",
        "mu_b": 1.515223346759944,
        "M": 8,
        "init_N": 64,
        "rho_b": 0.1,
        "box_xy": 16.0,
        "H": 20.0,
        "rcut": 1.0,
        "max_N": 640,
        "external_potential": "custom"
    },
    "simulation_params": {
        "EPS_TRANS": 0.05,
        "ROT_RATIO": 0.3,
        "K_MAX": 10,
        "sample_interval": 5,
        "sample_time": 40000,
        "sample_block": 4,
        "dz": 0.02
    },
    "Vext_params": {
        "potential_type": "custom",
        "An": [
            0.32674953410952134,
            -0.10048238179512162,
            -3.576905436288522,
            0.9914549058901914
        ],
        "phi_n": [
            3.4478857528906186,
            2.0858457753316832,
            5.065082404436699,
            0.08402501039340587
        ],
        "Vlin_par": [
            [
                2.79114789458562,
                -0.7267857980437838,
                0.35987039680581223,
                0.573643228810459
            ],
            [
                -0.9678022921038437,
                -1.0954422219325013,
                -1.1207481373352353,
                3.4591470842565544
            ]
        ],
        "x_tar": [
            [
                1.55255752845201,
                2.6055813994653,
                12.758644760899607,
                14.888084612637396
            ],
            [
                16.47078366760297,
                14.748452527431473,
                18.958665606057995,
                19.55932692636708
            ]
        ],
        "C": 0.2
    },
    "output_params": {
        "output_dir": "output/OUT_config_0485_M8_Trivial_H20.0_mu1.52",
        "output_prefix": "mc_sim_Trivial_H20.0_mub1.52_M8"
    }
}