{
    "input_params": {
        "polymer_type": "Ring",
        "knot_type": "Trivial",
        "configuration": "input/init_config_Z/TrivialN64M8H20.00rho0.10.dat",
        "mu_b": 3.710831864818733,
        "M": 8,
        "init_N": 64,
        "rho_b": 0.1,
        "box_xy": 16.0,
        "H": 20.0,
        "rcut": 1.0,
        "max_N": 640,
        "external_potential": "custom"
    },
    "simulation_params": {
        "EPS_TRANS": 0.05,
        "ROT_RATIO": 0.3,
        "K_MAX": 10,
        "sample_interval": 5,
        "sample_time": 40000,
        "sample_block": 4,
        "dz": 0.02
    },
    "Vext_params": {
        "potential_type": "custom",
        "An": [
            -0.3578355453205397,
            -0.2652053838628605,
            2.830026480998386,
            0.3817967440214087
        ],
        "phi_n": [
            0.28628050699444374,
            1.5533662684563558,
            3.483720945237688,
            2.8199115661938627
        ],
        "Vlin_par": [
            [
                -0.1405082179718578,
                -1.3521805230081765,
                -1.710984700080277,
                2.4530510069841145
            ],
            [
                -0.9343406182852448,
                0.5951728873599954,
                1.012047566947437,
                1.520173187607515
            ]
        ],
        "x_tar": [
            [
                3.665345573155656,
                16.205831580739932,
                17.67185875071742,
                10.51795294219243
            ],
            [
                13.556249183688829,
                18.685985487976453,
                19.643680392954817,
                13.954534508779918
            ]
        ],
        "C": 0.2
    },
    "output_params": {
        "output_dir": "output/OUT_config_0315_M8_Trivial_H20.0_mu3.71",
        "output_prefix": "mc_sim_Trivial_H20.0_mub3.71_M8"
    }
}