{
    "input_params": {
        "polymer_type": "Ring",
        "knot_type": "Trivial",
        "configuration": "input/init_config_Z/TrivialN64M8H20.00rho0.10.dat",
        "mu_b": 2.4161872400383055,
        "M": 8,
        "init_N": 64,
        "rho_b": 0.1,
        "box_xy": 16.0,
        "H": 20.0,
        "rcut": 1.0,
        "max_N": 640,
        "external_potential": "custom"
    },
    "simulation_params": {
        "EPS_TRANS": 0.05,
        "ROT_RATIO": 0.3,
        "K_MAX": 10,
        "sample_interval": 5,
        "sample_time": 40000,
        "sample_block": 4,
        "dz": 0.02
    },
    "Vext_params": {
        "potential_type": "custom",
        "An": [
            -1.1241850844108099,
            2.7350007425996625,
            2.3071274164332243,
            -1.6983512180539142
        ],
        "phi_n": [
            3.145977017277438,
            2.7758228726447953,
            6.112996297239315,
            5.599075724206556
        ],
        "Vlin_par": [
            [
                4.270768583769319,
                -3.6645377710544635,
                3.57242390145765,
                0.08755876317960044
            ],
            [
                0.3070661859971272,
                0.1736906987369902,
                -2.0214438003348207,
                -0.7218766273280514
            ]
        ],
        "x_tar": [
            [
                2.2337974297294516,
                8.386243736988941,
                5.700406821265442,
                3.1409076352250764
            ],
            [
                13.159172457700855,
                18.574294440784108,
                12.69448450502227,
                15.70499403673336
            ]
        ],
        "C": 0.2
    },
    "output_params": {
        "output_dir": "output/OUT_config_0492_M8_Trivial_H20.0_mu2.42",
        "output_prefix": "mc_sim_Trivial_H20.0_mub2.42_M8"
    }
}