{
    "input_params": {
        "polymer_type": "Ring",
        "knot_type": "Trivial",
        "configuration": "input/init_config_Z/TrivialN64M8H20.00rho0.10.dat",
        "mu_b": 1.731782713872665,
        "M": 8,
        "init_N": 64,
        "rho_b": 0.1,
        "box_xy": 16.0,
        "H": 20.0,
        "rcut": 1.0,
        "max_N": 640,
        "external_potential": "custom"
    },
    "simulation_params": {
        "EPS_TRANS": 0.05,
        "ROT_RATIO": 0.3,
        "K_MAX": 10,
        "sample_interval": 5,
        "sample_time": 40000,
        "sample_block": 4,
        "dz": 0.02
    },
    "Vext_params": {
        "potential_type": "custom",
        "An": [
            -2.475368359520829,
            -0.4955242020649072,
            0.7189872336203498,
            -0.2214251335030579
        ],
        "phi_n": [
            3.9045114761271154,
            5.09509074724395,
            2.2311869574908725,
            3.6325106176028483
        ],
        "Vlin_par": [
            [
                -3.885020883191167,
                -2.46493868755954,
                0.9210604824142945,
                4.900199781790929
            ],
            [
                -0.3117416023665546,
                0.11253660887507717,
                -2.8815645487689943,
                0.7847488091680287
            ]
        ],
        "x_tar": [
            [
                7.244074619300251,
                3.2948061810789953,
                0.14110177878291053,
                2.374741557572231
            ],
            [
                13.978121490749245,
                18.48640875427793,
                1.8335490954971179,
                13.745305473332872
            ]
        ],
        "C": 0.2
    },
    "output_params": {
        "output_dir": "output/OUT_config_0350_M8_Trivial_H20.0_mu1.73",
        "output_prefix": "mc_sim_Trivial_H20.0_mub1.73_M8"
    }
}