{
    "input_params": {
        "polymer_type": "Ring",
        "knot_type": "Trivial",
        "configuration": "input/init_config_Z/TrivialN64M8H20.00rho0.10.dat",
        "mu_b": 4.427223598699848,
        "M": 8,
        "init_N": 64,
        "rho_b": 0.1,
        "box_xy": 16.0,
        "H": 20.0,
        "rcut": 1.0,
        "max_N": 640,
        "external_potential": "custom"
    },
    "simulation_params": {
        "EPS_TRANS": 0.05,
        "ROT_RATIO": 0.3,
        "K_MAX": 10,
        "sample_interval": 5,
        "sample_time": 40000,
        "sample_block": 4,
        "dz": 0.02
    },
    "Vext_params": {
        "potential_type": "custom",
        "An": [
            -1.2685144792076355,
            1.3891929370496643,
            2.407832398972673,
            1.867561942999229
        ],
        "phi_n": [
            5.3886665526491155,
            3.422549461163275,
            3.2618437011476997,
            4.617668410778633
        ],
        "Vlin_par": [
            [
                1.1989648861718758,
                -2.9098709591385776,
                1.0364574816381258,
                3.7953768298726254
            ],
            [
                -0.1498826651120562,
                2.050041904593645,
                -0.8205167734907595,
                1.5707473850350626
            ]
        ],
        "x_tar": [
            [
                2.0283992194223144,
                8.750620340421113,
                0.47206169980756885,
                5.578887187475104
            ],
            [
                13.217449088773108,
                12.177045662001202,
                8.492454106588145,
                15.621998362050682
            ]
        ],
        "C": 0.2
    },
    "output_params": {
        "output_dir": "output/OUT_config_0588_M8_Trivial_H20.0_mu4.43",
        "output_prefix": "mc_sim_Trivial_H20.0_mub4.43_M8"
    }
}