{
    "input_params": {
        "polymer_type": "Ring",
        "knot_type": "Trivial",
        "configuration": "input/init_config_Z/TrivialN64M8H20.00rho0.10.dat",
        "mu_b": 5.190573921117004,
        "M": 8,
        "init_N": 64,
        "rho_b": 0.1,
        "box_xy": 16.0,
        "H": 20.0,
        "rcut": 1.0,
        "max_N": 640,
        "external_potential": "custom"
    },
    "simulation_params": {
        "EPS_TRANS": 0.05,
        "ROT_RATIO": 0.3,
        "K_MAX": 10,
        "sample_interval": 5,
        "sample_time": 40000,
        "sample_block": 4,
        "dz": 0.02
    },
    "Vext_params": {
        "potential_type": "custom",
        "An": [
            -1.9123759939196983,
            -2.1366126379197596,
            -2.2210875425990793,
            0.4153944519050018
        ],
        "phi_n": [
            2.182420120641537,
            1.8497901484091306,
            1.7699219350594024,
            0.05074349263901939
        ],
        "Vlin_par": [
            [
                -0.9442469614397628,
                -4.069853871415376,
                1.2924991553730696,
                -0.3168060839597719
            ],
            [
                -1.9507609685935714,
                -0.13525371518133547,
                -0.016808464911744453,
                3.4238197459280304
            ]
        ],
        "x_tar": [
            [
                11.78461191184681,
                8.126881552602754,
                0.8170720310713753,
                0.3022869603940159
            ],
            [
                19.672742060625275,
                15.508961043871457,
                17.715717011661962,
                9.299776940868663
            ]
        ],
        "C": 0.2
    },
    "output_params": {
        "output_dir": "output/OUT_config_0446_M8_Trivial_H20.0_mu5.19",
        "output_prefix": "mc_sim_Trivial_H20.0_mub5.19_M8"
    }
}