{
    "input_params": {
        "polymer_type": "Ring",
        "knot_type": "Trivial",
        "configuration": "input/init_config_Z/TrivialN64M8H20.00rho0.10.dat",
        "mu_b": 2.835376916473129,
        "M": 8,
        "init_N": 64,
        "rho_b": 0.1,
        "box_xy": 16.0,
        "H": 20.0,
        "rcut": 1.0,
        "max_N": 640,
        "external_potential": "custom"
    },
    "simulation_params": {
        "EPS_TRANS": 0.05,
        "ROT_RATIO": 0.3,
        "K_MAX": 10,
        "sample_interval": 5,
        "sample_time": 40000,
        "sample_block": 4,
        "dz": 0.02
    },
    "Vext_params": {
        "potential_type": "custom",
        "An": [
            -1.2553682328478615,
            -0.0308455392090493,
            -1.816761576032424,
            1.2480217076365745
        ],
        "phi_n": [
            6.247257083588007,
            6.1210636841072805,
            4.164868018077474,
            5.744995191877587
        ],
        "Vlin_par": [
            [
                -4.013931088646423,
                2.152020075388789,
                -0.935560185557213,
                -0.40702637488893967
            ],
            [
                -2.1531775037566434,
                -4.1543623581217295,
                -2.8429126340519826,
                2.187756349982695
            ]
        ],
        "x_tar": [
            [
                9.737220896273522,
                0.236656325218485,
                1.6468414422282218,
                3.758381173229035
            ],
            [
                17.07774451115132,
                11.589558954480424,
                7.757262414901902,
                13.135494490525508
            ]
        ],
        "C": 0.2
    },
    "output_params": {
        "output_dir": "output/OUT_config_0510_M8_Trivial_H20.0_mu2.84",
        "output_prefix": "mc_sim_Trivial_H20.0_mub2.84_M8"
    }
}