{
    "input_params": {
        "polymer_type": "Ring",
        "knot_type": "Trivial",
        "configuration": "input/init_config_Z/TrivialN64M8H20.00rho0.10.dat",
        "mu_b": 5.7178472528673145,
        "M": 8,
        "init_N": 64,
        "rho_b": 0.1,
        "box_xy": 16.0,
        "H": 20.0,
        "rcut": 1.0,
        "max_N": 640,
        "external_potential": "custom"
    },
    "simulation_params": {
        "EPS_TRANS": 0.05,
        "ROT_RATIO": 0.3,
        "K_MAX": 10,
        "sample_interval": 5,
        "sample_time": 40000,
        "sample_block": 4,
        "dz": 0.02
    },
    "Vext_params": {
        "potential_type": "custom",
        "An": [
            1.0024232742031518,
            -0.5497162934756425,
            -2.962347254516249,
            1.1192892842427422
        ],
        "phi_n": [
            2.256203238815171,
            3.9308354504351644,
            2.04181950601017,
            3.5525741760655793
        ],
        "Vlin_par": [
            [
                0.4039792867777627,
                -4.863965703450796,
                -2.82227875476297,
                -0.11641819942329393
            ],
            [
                -0.7338229657349381,
                3.0726663020706892,
                -1.4091520501560792,
                -4.1432432573017675
            ]
        ],
        "x_tar": [
            [
                11.561778671554615,
                2.3290220376906356,
                10.762201428897775,
                1.007757720695881
            ],
            [
                15.213817288357935,
                2.4184577498173754,
                11.897726506959227,
                13.665115314850214
            ]
        ],
        "C": 0.2
    },
    "output_params": {
        "output_dir": "output/OUT_config_0557_M8_Trivial_H20.0_mu5.72",
        "output_prefix": "mc_sim_Trivial_H20.0_mub5.72_M8"
    }
}