{
    "input_params": {
        "polymer_type": "Ring",
        "knot_type": "Trivial",
        "configuration": "input/init_config_Z/TrivialN64M8H20.00rho0.10.dat",
        "mu_b": 1.6912158425485164,
        "M": 8,
        "init_N": 64,
        "rho_b": 0.1,
        "box_xy": 16.0,
        "H": 20.0,
        "rcut": 1.0,
        "max_N": 640,
        "external_potential": "custom"
    },
    "simulation_params": {
        "EPS_TRANS": 0.05,
        "ROT_RATIO": 0.3,
        "K_MAX": 10,
        "sample_interval": 5,
        "sample_time": 40000,
        "sample_block": 4,
        "dz": 0.02
    },
    "Vext_params": {
        "potential_type": "custom",
        "An": [
            1.273976968481298,
            0.681867266483587,
            0.8017576566887206,
            2.329130321856524
        ],
        "phi_n": [
            0.9906407489621782,
            2.342096952228121,
            4.2829552664386155,
            5.1604807019301875
        ],
        "Vlin_par": [
            [
                -1.4188204661765746,
                -2.30237072431304,
                -3.999525856311227,
                2.4980498587445217
            ],
            [
                2.343380993178185,
                -0.7808645985873279,
                0.3999874226822037,
                -2.1358510360768825
            ]
        ],
        "x_tar": [
            [
                6.448793355428409,
                0.8838674774584976,
                0.9098643535048057,
                4.388902248663866
            ],
            [
                8.322381209693358,
                19.79527306934044,
                4.930090579413113,
                13.377966749645068
            ]
        ],
        "C": 0.2
    },
    "output_params": {
        "output_dir": "output/OUT_config_0084_M8_Trivial_H20.0_mu1.69",
        "output_prefix": "mc_sim_Trivial_H20.0_mub1.69_M8"
    }
}