{
    "input_params": {
        "polymer_type": "Ring",
        "knot_type": "Trivial",
        "configuration": "input/init_config_Z/TrivialN64M8H20.00rho0.10.dat",
        "mu_b": 1.64320774895024,
        "M": 8,
        "init_N": 64,
        "rho_b": 0.1,
        "box_xy": 16.0,
        "H": 20.0,
        "rcut": 1.0,
        "max_N": 640,
        "external_potential": "custom"
    },
    "simulation_params": {
        "EPS_TRANS": 0.05,
        "ROT_RATIO": 0.3,
        "K_MAX": 10,
        "sample_interval": 5,
        "sample_time": 40000,
        "sample_block": 4,
        "dz": 0.02
    },
    "Vext_params": {
        "potential_type": "custom",
        "An": [
            -3.023656108509604,
            1.2621153553167095,
            1.5422674651024446,
            -1.1573262033187512
        ],
        "phi_n": [
            1.9526143547628527,
            0.5707721082699279,
            4.210025746723682,
            2.858581655201805
        ],
        "Vlin_par": [
            [
                -0.6525087353298947,
                -0.2323247933384752,
                -3.4170668902763772,
                -1.8051262834414277
            ],
            [
                -0.7516985621375112,
                -2.9022218516782594,
                -0.7494610124835313,
                -3.5909196384882067
            ]
        ],
        "x_tar": [
            [
                14.558153797638562,
                15.277398886721464,
                8.086274507804207,
                3.896073607970323
            ],
            [
                15.222362136991382,
                19.467845632647624,
                14.37666118124379,
                5.946586084291539
            ]
        ],
        "C": 0.2
    },
    "output_params": {
        "output_dir": "output/OUT_config_0479_M8_Trivial_H20.0_mu1.64",
        "output_prefix": "mc_sim_Trivial_H20.0_mub1.64_M8"
    }
}