{
    "input_params": {
        "polymer_type": "Ring",
        "knot_type": "Trivial",
        "configuration": "input/init_config_Z/TrivialN64M8H20.00rho0.10.dat",
        "mu_b": -0.13192756437639308,
        "M": 8,
        "init_N": 64,
        "rho_b": 0.1,
        "box_xy": 16.0,
        "H": 20.0,
        "rcut": 1.0,
        "max_N": 640,
        "external_potential": "custom"
    },
    "simulation_params": {
        "EPS_TRANS": 0.05,
        "ROT_RATIO": 0.3,
        "K_MAX": 10,
        "sample_interval": 5,
        "sample_time": 40000,
        "sample_block": 4,
        "dz": 0.02
    },
    "Vext_params": {
        "potential_type": "custom",
        "An": [
            0.19035326661093754,
            -0.11470313679687502,
            -4.006688708094061,
            0.6684505415604313
        ],
        "phi_n": [
            5.592662526391637,
            0.13170710641907796,
            5.619806878185612,
            4.60599366208038
        ],
        "Vlin_par": [
            [
                -0.10761906409404108,
                -1.2013256835199702,
                0.379437349626234,
                -1.417536044917146
            ],
            [
                -0.62236460777188,
                -0.058999271069392824,
                0.7484005115036388,
                0.2422253890748493
            ]
        ],
        "x_tar": [
            [
                4.84312048186871,
                0.60110587052423,
                4.232502689677904,
                3.1202294828884836
            ],
            [
                8.964320763120472,
                10.163309756765997,
                13.729502144940538,
                10.31183862514137
            ]
        ],
        "C": 0.2
    },
    "output_params": {
        "output_dir": "output/OUT_config_0435_M8_Trivial_H20.0_mu-0.13",
        "output_prefix": "mc_sim_Trivial_H20.0_mub-0.13_M8"
    }
}