{
    "input_params": {
        "polymer_type": "Ring",
        "knot_type": "Trivial",
        "configuration": "input/init_config_Z/TrivialN64M8H20.00rho0.10.dat",
        "mu_b": 3.853959675755437,
        "M": 8,
        "init_N": 64,
        "rho_b": 0.1,
        "box_xy": 16.0,
        "H": 20.0,
        "rcut": 1.0,
        "max_N": 640,
        "external_potential": "custom"
    },
    "simulation_params": {
        "EPS_TRANS": 0.05,
        "ROT_RATIO": 0.3,
        "K_MAX": 10,
        "sample_interval": 5,
        "sample_time": 40000,
        "sample_block": 4,
        "dz": 0.02
    },
    "Vext_params": {
        "potential_type": "custom",
        "An": [
            -0.5624144928967045,
            0.10473779930814407,
            -4.008528505781132,
            -0.5850076287162786
        ],
        "phi_n": [
            5.4212791456824565,
            4.477024320452207,
            5.980016401048821,
            6.223900340225504
        ],
        "Vlin_par": [
            [
                -1.4972798351069703,
                0.6786122645935576,
                -3.073377376917951,
                2.5757408635194032
            ],
            [
                -0.6052753046330697,
                -3.2819013672263524,
                -2.9932187893991506,
                -0.6098801641676721
            ]
        ],
        "x_tar": [
            [
                10.471370321462077,
                2.632500271562106,
                17.09276229646303,
                3.758981789333946
            ],
            [
                17.470344257377814,
                19.213320921250308,
                18.894394983167896,
                14.157601349242803
            ]
        ],
        "C": 0.2
    },
    "output_params": {
        "output_dir": "output/OUT_config_0179_M8_Trivial_H20.0_mu3.85",
        "output_prefix": "mc_sim_Trivial_H20.0_mub3.85_M8"
    }
}