{
    "input_params": {
        "polymer_type": "Ring",
        "knot_type": "Trivial",
        "configuration": "input/init_config_Z/TrivialN64M8H20.00rho0.10.dat",
        "mu_b": -0.11444335641782233,
        "M": 8,
        "init_N": 64,
        "rho_b": 0.1,
        "box_xy": 16.0,
        "H": 20.0,
        "rcut": 1.0,
        "max_N": 640,
        "external_potential": "custom"
    },
    "simulation_params": {
        "EPS_TRANS": 0.05,
        "ROT_RATIO": 0.3,
        "K_MAX": 10,
        "sample_interval": 5,
        "sample_time": 40000,
        "sample_block": 4,
        "dz": 0.02
    },
    "Vext_params": {
        "potential_type": "custom",
        "An": [
            1.6382297328095914,
            -1.9508036614225421,
            2.1775522922102386,
            -0.7224303676812032
        ],
        "phi_n": [
            0.8302926490395044,
            4.2354710404556615,
            2.4898763551824747,
            1.1780843281414588
        ],
        "Vlin_par": [
            [
                -0.30146283208630553,
                -1.4284997854107802,
                0.4203736187642229,
                0.4230369425059948
            ],
            [
                -2.550665129575541,
                1.0970188609147422,
                -0.272320221210293,
                -2.243306607859863
            ]
        ],
        "x_tar": [
            [
                6.31394470040048,
                14.177459535619787,
                0.4115661294233375,
                8.770851410880978
            ],
            [
                14.144248671337277,
                19.4035935785965,
                14.21008632547158,
                11.443974433176713
            ]
        ],
        "C": 0.2
    },
    "output_params": {
        "output_dir": "output/OUT_config_0219_M8_Trivial_H20.0_mu-0.11",
        "output_prefix": "mc_sim_Trivial_H20.0_mub-0.11_M8"
    }
}