{
    "input_params": {
        "polymer_type": "Ring",
        "knot_type": "Trivial",
        "configuration": "input/init_config_Z/TrivialN64M8H20.00rho0.10.dat",
        "mu_b": 1.7426020508598503,
        "M": 8,
        "init_N": 64,
        "rho_b": 0.1,
        "box_xy": 16.0,
        "H": 20.0,
        "rcut": 1.0,
        "max_N": 640,
        "external_potential": "custom"
    },
    "simulation_params": {
        "EPS_TRANS": 0.05,
        "ROT_RATIO": 0.3,
        "K_MAX": 10,
        "sample_interval": 5,
        "sample_time": 40000,
        "sample_block": 4,
        "dz": 0.02
    },
    "Vext_params": {
        "potential_type": "custom",
        "An": [
            1.0129585229472151,
            -0.7739544291589053,
            -0.558320376578591,
            -1.8745054955288405
        ],
        "phi_n": [
            4.686045807204844,
            1.9093878500354682,
            0.11388526705050073,
            2.787997315217081
        ],
        "Vlin_par": [
            [
                -1.3446288244202398,
                -3.5241430629677386,
                -0.6265839459058137,
                1.6039976511608658
            ],
            [
                0.5722478561622718,
                0.15608706839906822,
                1.8583339735627735,
                2.160934402557106
            ]
        ],
        "x_tar": [
            [
                5.861593694251517,
                2.2297778727195006,
                6.383237913052017,
                12.64797465962163
            ],
            [
                14.488024379236306,
                16.46833794916574,
                7.675041274636005,
                17.70098834670677
            ]
        ],
        "C": 0.2
    },
    "output_params": {
        "output_dir": "output/OUT_config_0115_M8_Trivial_H20.0_mu1.74",
        "output_prefix": "mc_sim_Trivial_H20.0_mub1.74_M8"
    }
}