{
    "input_params": {
        "polymer_type": "Ring",
        "knot_type": "Trivial",
        "configuration": "input/init_config_Z/TrivialN64M8H20.00rho0.10.dat",
        "mu_b": 3.535438447876162,
        "M": 8,
        "init_N": 64,
        "rho_b": 0.1,
        "box_xy": 16.0,
        "H": 20.0,
        "rcut": 1.0,
        "max_N": 640,
        "external_potential": "custom"
    },
    "simulation_params": {
        "EPS_TRANS": 0.05,
        "ROT_RATIO": 0.3,
        "K_MAX": 10,
        "sample_interval": 5,
        "sample_time": 40000,
        "sample_block": 4,
        "dz": 0.02
    },
    "Vext_params": {
        "potential_type": "custom",
        "An": [
            -0.6695908775151121,
            -0.23520603675159038,
            -0.7868822107755041,
            -0.49400601635069863
        ],
        "phi_n": [
            3.2550300568775365,
            4.572873468877552,
            3.8479335583117655,
            1.0206995894624655
        ],
        "Vlin_par": [
            [
                1.0062516022997894,
                0.9159495523620119,
                0.4629929538123849,
                4.157459061728854
            ],
            [
                0.984624109774903,
                -0.48799528980581797,
                -3.2793605539215873,
                0.06676750967232596
            ]
        ],
        "x_tar": [
            [
                15.403203273216704,
                10.251045532768554,
                10.524109226813048,
                0.8837586568016254
            ],
            [
                17.584556358893774,
                14.332640041790548,
                19.63410238955843,
                11.537730466853164
            ]
        ],
        "C": 0.2
    },
    "output_params": {
        "output_dir": "output/OUT_config_0098_M8_Trivial_H20.0_mu3.54",
        "output_prefix": "mc_sim_Trivial_H20.0_mub3.54_M8"
    }
}