{
    "input_params": {
        "polymer_type": "Ring",
        "knot_type": "Trivial",
        "configuration": "input/init_config_Z/TrivialN64M8H20.00rho0.10.dat",
        "mu_b": -0.427924502202113,
        "M": 8,
        "init_N": 64,
        "rho_b": 0.1,
        "box_xy": 16.0,
        "H": 20.0,
        "rcut": 1.0,
        "max_N": 640,
        "external_potential": "custom"
    },
    "simulation_params": {
        "EPS_TRANS": 0.05,
        "ROT_RATIO": 0.3,
        "K_MAX": 10,
        "sample_interval": 5,
        "sample_time": 40000,
        "sample_block": 4,
        "dz": 0.02
    },
    "Vext_params": {
        "potential_type": "custom",
        "An": [
            0.3928721461110973,
            0.13156374141600222,
            2.482455763283653,
            -1.637762670735635
        ],
        "phi_n": [
            4.04733059274708,
            3.890318933132482,
            1.5003513421496824,
            3.706330219614688
        ],
        "Vlin_par": [
            [
                -3.080615738024929,
                0.9807217415036498,
                3.359461462376408,
                4.715329838547879
            ],
            [
                1.5356298225964797,
                2.5596290593458084,
                2.340508144792284,
                -2.030859909915554
            ]
        ],
        "x_tar": [
            [
                3.313378691214741,
                14.02649887167927,
                12.04250406155968,
                4.4940317876190905
            ],
            [
                3.6201165773652444,
                18.96025619709601,
                18.929828623423287,
                19.454766531733462
            ]
        ],
        "C": 0.2
    },
    "output_params": {
        "output_dir": "output/OUT_config_0258_M8_Trivial_H20.0_mu-0.43",
        "output_prefix": "mc_sim_Trivial_H20.0_mub-0.43_M8"
    }
}