{
    "input_params": {
        "polymer_type": "Ring",
        "knot_type": "Trivial",
        "configuration": "input/init_config_Z/TrivialN64M8H20.00rho0.10.dat",
        "mu_b": 0.4071353690421562,
        "M": 8,
        "init_N": 64,
        "rho_b": 0.1,
        "box_xy": 16.0,
        "H": 20.0,
        "rcut": 1.0,
        "max_N": 640,
        "external_potential": "custom"
    },
    "simulation_params": {
        "EPS_TRANS": 0.05,
        "ROT_RATIO": 0.3,
        "K_MAX": 10,
        "sample_interval": 5,
        "sample_time": 40000,
        "sample_block": 4,
        "dz": 0.02
    },
    "Vext_params": {
        "potential_type": "custom",
        "An": [
            -0.30316289116300416,
            2.712682778701392,
            0.4948242529627086,
            0.7299250997043517
        ],
        "phi_n": [
            0.6344334434239961,
            5.373555612976688,
            3.1292708073440285,
            6.0439485998790135
        ],
        "Vlin_par": [
            [
                -1.5378846319552089,
                -2.5843769275756383,
                -1.2370697270062525,
                2.870750520236938
            ],
            [
                -0.9894417756006235,
                -2.8937070678622265,
                3.2710656877869635,
                0.1839479407188889
            ]
        ],
        "x_tar": [
            [
                4.96647985312944,
                5.287743687379402,
                1.1259974133458206,
                10.190860824746334
            ],
            [
                5.045689956311201,
                16.225792767571658,
                2.6125516356543543,
                19.253843028094725
            ]
        ],
        "C": 0.2
    },
    "output_params": {
        "output_dir": "output/OUT_config_0072_M8_Trivial_H20.0_mu0.41",
        "output_prefix": "mc_sim_Trivial_H20.0_mub0.41_M8"
    }
}