{
    "input_params": {
        "polymer_type": "Ring",
        "knot_type": "Trivial",
        "configuration": "input/init_config_Z/TrivialN64M8H20.00rho0.10.dat",
        "mu_b": 1.6273460770531063,
        "M": 8,
        "init_N": 64,
        "rho_b": 0.1,
        "box_xy": 16.0,
        "H": 20.0,
        "rcut": 1.0,
        "max_N": 640,
        "external_potential": "custom"
    },
    "simulation_params": {
        "EPS_TRANS": 0.05,
        "ROT_RATIO": 0.3,
        "K_MAX": 10,
        "sample_interval": 5,
        "sample_time": 40000,
        "sample_block": 4,
        "dz": 0.02
    },
    "Vext_params": {
        "potential_type": "custom",
        "An": [
            -0.652527647913837,
            0.8744609674217155,
            -0.5309052975080323,
            1.7082330253106415
        ],
        "phi_n": [
            0.21015699580444572,
            0.42006348962330425,
            3.5573152873557485,
            3.0658715320206054
        ],
        "Vlin_par": [
            [
                -0.19744972995545002,
                -0.009332845210223156,
                1.0206627422246435,
                -0.727728224815367
            ],
            [
                -1.4647217519162217,
                3.416222325452687,
                -1.2614972393505437,
                1.3750973061366
            ]
        ],
        "x_tar": [
            [
                3.6583616599920177,
                2.2628523953258983,
                2.791163674760555,
                1.6377856307647143
            ],
            [
                15.73983030897202,
                3.0759904883008704,
                11.4710206970076,
                9.048396297995128
            ]
        ],
        "C": 0.2
    },
    "output_params": {
        "output_dir": "output/OUT_config_0052_M8_Trivial_H20.0_mu1.63",
        "output_prefix": "mc_sim_Trivial_H20.0_mub1.63_M8"
    }
}