{
    "input_params": {
        "polymer_type": "Ring",
        "knot_type": "Trivial",
        "configuration": "input/init_config_Z/TrivialN64M8H20.00rho0.10.dat",
        "mu_b": 3.665624807399789,
        "M": 8,
        "init_N": 64,
        "rho_b": 0.1,
        "box_xy": 16.0,
        "H": 20.0,
        "rcut": 1.0,
        "max_N": 640,
        "external_potential": "custom"
    },
    "simulation_params": {
        "EPS_TRANS": 0.05,
        "ROT_RATIO": 0.3,
        "K_MAX": 10,
        "sample_interval": 5,
        "sample_time": 40000,
        "sample_block": 4,
        "dz": 0.02
    },
    "Vext_params": {
        "potential_type": "custom",
        "An": [
            2.391713033524462,
            2.5733940694207247,
            -1.2757250160159328,
            -2.3975208598018893
        ],
        "phi_n": [
            3.806432449818971,
            3.3738885862600316,
            5.258297795732324,
            1.4323307870978055
        ],
        "Vlin_par": [
            [
                1.904722572802442,
                2.859811285353911,
                1.6041916300620724,
                1.0249096189703308
            ],
            [
                -0.5976267060113997,
                0.08325800842232293,
                -2.035335958906694,
                -0.9040077257646182
            ]
        ],
        "x_tar": [
            [
                6.283646211368197,
                15.86812293824053,
                8.016505773991714,
                8.306860585288803
            ],
            [
                6.995004806844207,
                17.927607942883025,
                10.152999172128862,
                19.12513853693512
            ]
        ],
        "C": 0.2
    },
    "output_params": {
        "output_dir": "output/OUT_config_0386_M8_Trivial_H20.0_mu3.67",
        "output_prefix": "mc_sim_Trivial_H20.0_mub3.67_M8"
    }
}