{
    "input_params": {
        "polymer_type": "Ring",
        "knot_type": "Trivial",
        "configuration": "input/init_config_Z/TrivialN64M8H20.00rho0.10.dat",
        "mu_b": 1.3276789605111659,
        "M": 8,
        "init_N": 64,
        "rho_b": 0.1,
        "box_xy": 16.0,
        "H": 20.0,
        "rcut": 1.0,
        "max_N": 640,
        "external_potential": "custom"
    },
    "simulation_params": {
        "EPS_TRANS": 0.05,
        "ROT_RATIO": 0.3,
        "K_MAX": 10,
        "sample_interval": 5,
        "sample_time": 40000,
        "sample_block": 4,
        "dz": 0.02
    },
    "Vext_params": {
        "potential_type": "custom",
        "An": [
            0.41052884952932606,
            -1.0847017296287031,
            -1.0346003537875674,
            2.8985803402844543
        ],
        "phi_n": [
            3.696300583146169,
            3.2075216902078547,
            2.9826243983903176,
            4.513741904728131
        ],
        "Vlin_par": [
            [
                0.08798646749568043,
                0.46552611836404545,
                1.1542896611977544,
                0.131416516614142
            ],
            [
                -1.7122071099122387,
                3.2016055588897157,
                1.0387123243706884,
                4.009791020371948
            ]
        ],
        "x_tar": [
            [
                5.702384094265682,
                2.3591333422760363,
                12.350724770365026,
                2.475810322745433
            ],
            [
                7.112989104285672,
                9.57216209262753,
                16.514048571221828,
                7.4572526289690195
            ]
        ],
        "C": 0.2
    },
    "output_params": {
        "output_dir": "output/OUT_config_0345_M8_Trivial_H20.0_mu1.33",
        "output_prefix": "mc_sim_Trivial_H20.0_mub1.33_M8"
    }
}