{
    "input_params": {
        "polymer_type": "Ring",
        "knot_type": "Trivial",
        "configuration": "input/init_config_Z/TrivialN64M8H20.00rho0.10.dat",
        "mu_b": 2.7252572911381545,
        "M": 8,
        "init_N": 64,
        "rho_b": 0.1,
        "box_xy": 16.0,
        "H": 20.0,
        "rcut": 1.0,
        "max_N": 640,
        "external_potential": "custom"
    },
    "simulation_params": {
        "EPS_TRANS": 0.05,
        "ROT_RATIO": 0.3,
        "K_MAX": 10,
        "sample_interval": 5,
        "sample_time": 40000,
        "sample_block": 4,
        "dz": 0.02
    },
    "Vext_params": {
        "potential_type": "custom",
        "An": [
            0.5323725685553942,
            -1.8825514398726408,
            -0.5123647907399889,
            0.7602148807443281
        ],
        "phi_n": [
            2.0773542591687524,
            5.119673293318147,
            3.2062802425746777,
            3.6452074726867667
        ],
        "Vlin_par": [
            [
                0.8471440108389617,
                0.4844450834121403,
                -1.5920024295296715,
                0.3591042933914942
            ],
            [
                0.9846838510407901,
                -4.554334631665821,
                1.1583651343226211,
                0.546243120687348
            ]
        ],
        "x_tar": [
            [
                5.594585599755644,
                15.163944530088147,
                2.1209863523244565,
                10.879730551106983
            ],
            [
                7.634726830210754,
                18.441489084455647,
                14.714570188094955,
                17.207616489093155
            ]
        ],
        "C": 0.2
    },
    "output_params": {
        "output_dir": "output/OUT_config_0587_M8_Trivial_H20.0_mu2.73",
        "output_prefix": "mc_sim_Trivial_H20.0_mub2.73_M8"
    }
}