{
    "input_params": {
        "polymer_type": "Ring",
        "knot_type": "Trivial",
        "configuration": "input/init_config_Z/TrivialN64M8H20.00rho0.10.dat",
        "mu_b": 0.8114257906695221,
        "M": 8,
        "init_N": 64,
        "rho_b": 0.1,
        "box_xy": 16.0,
        "H": 20.0,
        "rcut": 1.0,
        "max_N": 640,
        "external_potential": "custom"
    },
    "simulation_params": {
        "EPS_TRANS": 0.05,
        "ROT_RATIO": 0.3,
        "K_MAX": 10,
        "sample_interval": 5,
        "sample_time": 40000,
        "sample_block": 4,
        "dz": 0.02
    },
    "Vext_params": {
        "potential_type": "custom",
        "An": [
            -0.8347114619545051,
            -2.4581687783629307,
            -0.9548306576053641,
            1.3278666019669496
        ],
        "phi_n": [
            1.3509614343390848,
            0.8685637048339752,
            6.273949654002462,
            0.10096778280234002
        ],
        "Vlin_par": [
            [
                1.6691584359761145,
                4.165037709996357,
                -0.6261901912378245,
                0.8918164963158279
            ],
            [
                1.8639053645117616,
                0.13547958612256153,
                1.4271869861651243,
                -1.0043570822645485
            ]
        ],
        "x_tar": [
            [
                0.07196030066537018,
                4.881803329942079,
                10.259535448356566,
                2.4649504525543042
            ],
            [
                17.111364398077637,
                5.330183133952535,
                11.982886392185687,
                19.46843899379289
            ]
        ],
        "C": 0.2
    },
    "output_params": {
        "output_dir": "output/OUT_config_0137_M8_Trivial_H20.0_mu0.81",
        "output_prefix": "mc_sim_Trivial_H20.0_mub0.81_M8"
    }
}