{
    "input_params": {
        "polymer_type": "Ring",
        "knot_type": "Trivial",
        "configuration": "input/init_config_Z/TrivialN64M8H20.00rho0.10.dat",
        "mu_b": 3.658851830064358,
        "M": 8,
        "init_N": 64,
        "rho_b": 0.1,
        "box_xy": 16.0,
        "H": 20.0,
        "rcut": 1.0,
        "max_N": 640,
        "external_potential": "custom"
    },
    "simulation_params": {
        "EPS_TRANS": 0.05,
        "ROT_RATIO": 0.3,
        "K_MAX": 10,
        "sample_interval": 5,
        "sample_time": 40000,
        "sample_block": 4,
        "dz": 0.02
    },
    "Vext_params": {
        "potential_type": "custom",
        "An": [
            -0.25696288227950886,
            1.1177132656209652,
            -2.0729147806818626,
            1.1012519462053676
        ],
        "phi_n": [
            1.4929722478609788,
            3.81527051901455,
            1.06132299394032,
            1.9978028210135153
        ],
        "Vlin_par": [
            [
                -0.5965394932177738,
                1.0161608012056724,
                4.203273403648038,
                -0.18447891438691355
            ],
            [
                3.9022507517082268,
                0.5757683801046778,
                -3.894371934453107,
                0.9727069269080791
            ]
        ],
        "x_tar": [
            [
                14.265146667888631,
                2.469689838005955,
                0.4466781523095098,
                4.273630011772855
            ],
            [
                17.505014256984598,
                10.733558809569114,
                6.089993268590961,
                10.50887596092868
            ]
        ],
        "C": 0.2
    },
    "output_params": {
        "output_dir": "output/OUT_config_0286_M8_Trivial_H20.0_mu3.66",
        "output_prefix": "mc_sim_Trivial_H20.0_mub3.66_M8"
    }
}