{
    "input_params": {
        "polymer_type": "Ring",
        "knot_type": "Trivial",
        "configuration": "input/init_config_Z/TrivialN64M8H20.00rho0.10.dat",
        "mu_b": 4.808918317422925,
        "M": 8,
        "init_N": 64,
        "rho_b": 0.1,
        "box_xy": 16.0,
        "H": 20.0,
        "rcut": 1.0,
        "max_N": 640,
        "external_potential": "custom"
    },
    "simulation_params": {
        "EPS_TRANS": 0.05,
        "ROT_RATIO": 0.3,
        "K_MAX": 10,
        "sample_interval": 5,
        "sample_time": 40000,
        "sample_block": 4,
        "dz": 0.02
    },
    "Vext_params": {
        "potential_type": "custom",
        "An": [
            1.7044757833711912,
            -0.3574024842434746,
            -0.524007074633292,
            -0.07689665993558081
        ],
        "phi_n": [
            0.3781206704719018,
            1.5528342233776091,
            0.6771479974270397,
            1.5970792798830644
        ],
        "Vlin_par": [
            [
                -1.1163032452476864,
                0.7808215914775214,
                -1.4515166128380075,
                2.496367538069191
            ],
            [
                -1.8616933947550343,
                0.11437960038272896,
                0.3404636662972689,
                -0.7178561407835804
            ]
        ],
        "x_tar": [
            [
                9.873175924154678,
                10.59940061515309,
                9.544720285394476,
                0.5205180812365873
            ],
            [
                12.617680140076839,
                11.62092196350782,
                15.61245916758021,
                5.476344699577817
            ]
        ],
        "C": 0.2
    },
    "output_params": {
        "output_dir": "output/OUT_config_0452_M8_Trivial_H20.0_mu4.81",
        "output_prefix": "mc_sim_Trivial_H20.0_mub4.81_M8"
    }
}