{
    "input_params": {
        "polymer_type": "Ring",
        "knot_type": "Trivial",
        "configuration": "input/init_config_Z/TrivialN64M8H20.00rho0.10.dat",
        "mu_b": 3.2938935953351987,
        "M": 8,
        "init_N": 64,
        "rho_b": 0.1,
        "box_xy": 16.0,
        "H": 20.0,
        "rcut": 1.0,
        "max_N": 640,
        "external_potential": "custom"
    },
    "simulation_params": {
        "EPS_TRANS": 0.05,
        "ROT_RATIO": 0.3,
        "K_MAX": 10,
        "sample_interval": 5,
        "sample_time": 40000,
        "sample_block": 4,
        "dz": 0.02
    },
    "Vext_params": {
        "potential_type": "custom",
        "An": [
            -1.0594706189104124,
            0.45522121875046445,
            -1.027357191531619,
            0.2995579348700282
        ],
        "phi_n": [
            3.2726998466406023,
            5.177680088854967,
            2.934199203638325,
            5.600652797034318
        ],
        "Vlin_par": [
            [
                0.7443528303532588,
                0.9674482735981362,
                1.0343557370567598,
                -2.350913541180215
            ],
            [
                -1.2384679487872303,
                -0.7970905604918653,
                -2.4677223327809688,
                -2.7162194403369644
            ]
        ],
        "x_tar": [
            [
                2.2966878827818604,
                6.3630052132237,
                4.97840057488804,
                5.561941569887116
            ],
            [
                11.51793963095937,
                18.688985107597553,
                19.4206781998821,
                15.46738867874117
            ]
        ],
        "C": 0.2
    },
    "output_params": {
        "output_dir": "output/OUT_config_0339_M8_Trivial_H20.0_mu3.29",
        "output_prefix": "mc_sim_Trivial_H20.0_mub3.29_M8"
    }
}