{
    "input_params": {
        "polymer_type": "Ring",
        "knot_type": "Trivial",
        "configuration": "input/init_config_Z/TrivialN64M8H20.00rho0.10.dat",
        "mu_b": 5.25052515892348,
        "M": 8,
        "init_N": 64,
        "rho_b": 0.1,
        "box_xy": 16.0,
        "H": 20.0,
        "rcut": 1.0,
        "max_N": 640,
        "external_potential": "custom"
    },
    "simulation_params": {
        "EPS_TRANS": 0.05,
        "ROT_RATIO": 0.3,
        "K_MAX": 10,
        "sample_interval": 5,
        "sample_time": 40000,
        "sample_block": 4,
        "dz": 0.02
    },
    "Vext_params": {
        "potential_type": "custom",
        "An": [
            -0.3542625529259838,
            -0.9972256671340693,
            0.49102722725025116,
            -1.7896582197745736
        ],
        "phi_n": [
            1.1391114825243251,
            5.685462457277159,
            3.9723840129884946,
            3.6719341129454754
        ],
        "Vlin_par": [
            [
                1.0245391665246923,
                -0.6513382514061161,
                2.217677009509573,
                -1.2269609615238959
            ],
            [
                -1.3920683088907384,
                0.21027092193294775,
                0.16939523109478857,
                -0.7798626996203257
            ]
        ],
        "x_tar": [
            [
                6.28931384576517,
                6.606488549952008,
                12.26034649627733,
                6.287940122171001
            ],
            [
                17.715824422847454,
                13.212879950687782,
                15.354745594233767,
                18.78089984317107
            ]
        ],
        "C": 0.2
    },
    "output_params": {
        "output_dir": "output/OUT_config_0393_M8_Trivial_H20.0_mu5.25",
        "output_prefix": "mc_sim_Trivial_H20.0_mub5.25_M8"
    }
}