{
    "input_params": {
        "polymer_type": "Ring",
        "knot_type": "Trivial",
        "configuration": "input/init_config_Z/TrivialN64M8H20.00rho0.10.dat",
        "mu_b": 2.886895813280309,
        "M": 8,
        "init_N": 64,
        "rho_b": 0.1,
        "box_xy": 16.0,
        "H": 20.0,
        "rcut": 1.0,
        "max_N": 640,
        "external_potential": "custom"
    },
    "simulation_params": {
        "EPS_TRANS": 0.05,
        "ROT_RATIO": 0.3,
        "K_MAX": 10,
        "sample_interval": 5,
        "sample_time": 40000,
        "sample_block": 4,
        "dz": 0.02
    },
    "Vext_params": {
        "potential_type": "custom",
        "An": [
            1.014797714640599,
            -0.08073354444618507,
            -0.627030187887774,
            -2.1365153134706585
        ],
        "phi_n": [
            2.3501637809981286,
            6.117991678630136,
            2.8891188998948976,
            3.216981086698688
        ],
        "Vlin_par": [
            [
                1.2104792252806373,
                -0.9098879963638051,
                0.03291484705990238,
                -0.6635016631910264
            ],
            [
                -2.6375108685588198,
                -0.6709195484302638,
                -0.6385212307216651,
                1.2212336697968336
            ]
        ],
        "x_tar": [
            [
                0.9875325941485791,
                12.615145873123927,
                6.806613986723001,
                13.297643597055785
            ],
            [
                6.141573346957059,
                18.851732045251616,
                14.190643478928042,
                18.706857647601435
            ]
        ],
        "C": 0.2
    },
    "output_params": {
        "output_dir": "output/OUT_config_0506_M8_Trivial_H20.0_mu2.89",
        "output_prefix": "mc_sim_Trivial_H20.0_mub2.89_M8"
    }
}