{
    "input_params": {
        "polymer_type": "Ring",
        "knot_type": "Trivial",
        "configuration": "input/init_config_Z/TrivialN64M8H20.00rho0.10.dat",
        "mu_b": 4.6082904106376015,
        "M": 8,
        "init_N": 64,
        "rho_b": 0.1,
        "box_xy": 16.0,
        "H": 20.0,
        "rcut": 1.0,
        "max_N": 640,
        "external_potential": "custom"
    },
    "simulation_params": {
        "EPS_TRANS": 0.05,
        "ROT_RATIO": 0.3,
        "K_MAX": 10,
        "sample_interval": 5,
        "sample_time": 40000,
        "sample_block": 4,
        "dz": 0.02
    },
    "Vext_params": {
        "potential_type": "custom",
        "An": [
            -2.217298493889414,
            -0.7272525265644528,
            -0.17065022901498048,
            1.4104590197637001
        ],
        "phi_n": [
            2.1823310158953344,
            5.2523041966661275,
            4.826421088862975,
            0.9542891379392635
        ],
        "Vlin_par": [
            [
                1.0804767906588455,
                -0.6513611626486564,
                -0.586728514329987,
                2.2271876291578203
            ],
            [
                -0.8456382371007368,
                -0.43061564445101613,
                4.323736137312595,
                0.9333120992286035
            ]
        ],
        "x_tar": [
            [
                13.673899438934797,
                3.0983986440032774,
                5.233220212581411,
                5.193765211936661
            ],
            [
                18.300885093377776,
                6.287115791770539,
                8.59698608644907,
                9.773980632171032
            ]
        ],
        "C": 0.2
    },
    "output_params": {
        "output_dir": "output/OUT_config_0451_M8_Trivial_H20.0_mu4.61",
        "output_prefix": "mc_sim_Trivial_H20.0_mub4.61_M8"
    }
}