{
    "input_params": {
        "polymer_type": "Ring",
        "knot_type": "Trivial",
        "configuration": "input/init_config_Z/TrivialN64M8H20.00rho0.10.dat",
        "mu_b": 2.2302716345023983,
        "M": 8,
        "init_N": 64,
        "rho_b": 0.1,
        "box_xy": 16.0,
        "H": 20.0,
        "rcut": 1.0,
        "max_N": 640,
        "external_potential": "custom"
    },
    "simulation_params": {
        "EPS_TRANS": 0.05,
        "ROT_RATIO": 0.3,
        "K_MAX": 10,
        "sample_interval": 5,
        "sample_time": 40000,
        "sample_block": 4,
        "dz": 0.02
    },
    "Vext_params": {
        "potential_type": "custom",
        "An": [
            1.3112242795477334,
            -1.9833849999701845,
            3.4643907554564155,
            1.1309935476299269
        ],
        "phi_n": [
            0.18218725118997295,
            4.792196518051811,
            2.8769318603425056,
            5.386326606336446
        ],
        "Vlin_par": [
            [
                -0.5161805461385024,
                3.347010060479179,
                -1.7811752932944385,
                -0.34906327581873425
            ],
            [
                1.6722736734380286,
                3.788102792063796,
                -0.9057593834808214,
                -1.3532538010350692
            ]
        ],
        "x_tar": [
            [
                0.752352588219074,
                0.8228668543494599,
                6.441391863149399,
                14.281837216606416
            ],
            [
                12.770430393702188,
                3.1476147066507143,
                18.80622765071021,
                16.533228348905855
            ]
        ],
        "C": 0.2
    },
    "output_params": {
        "output_dir": "output/OUT_config_0197_M8_Trivial_H20.0_mu2.23",
        "output_prefix": "mc_sim_Trivial_H20.0_mub2.23_M8"
    }
}