{
    "input_params": {
        "polymer_type": "Ring",
        "knot_type": "Trivial",
        "configuration": "input/init_config_Z/TrivialN64M8H20.00rho0.10.dat",
        "mu_b": -0.36221761647210693,
        "M": 8,
        "init_N": 64,
        "rho_b": 0.1,
        "box_xy": 16.0,
        "H": 20.0,
        "rcut": 1.0,
        "max_N": 640,
        "external_potential": "custom"
    },
    "simulation_params": {
        "EPS_TRANS": 0.05,
        "ROT_RATIO": 0.3,
        "K_MAX": 10,
        "sample_interval": 5,
        "sample_time": 40000,
        "sample_block": 4,
        "dz": 0.02
    },
    "Vext_params": {
        "potential_type": "custom",
        "An": [
            -1.9386210064342917,
            -0.2294293423056464,
            -0.0069482522840474065,
            -1.659911779987302
        ],
        "phi_n": [
            0.3352768256405289,
            5.565424679333311,
            5.817931611015769,
            4.34023400867818
        ],
        "Vlin_par": [
            [
                -1.6156854634573248,
                -1.0221566594156095,
                -1.630076022769125,
                0.22662985911919845
            ],
            [
                2.4975483316207057,
                -0.947358253856318,
                1.53144494617927,
                -0.15873451090169519
            ]
        ],
        "x_tar": [
            [
                0.009455563620774932,
                13.261368630753584,
                3.1018557664196833,
                9.727764227412576
            ],
            [
                2.7204501695804595,
                16.381255995190557,
                3.1905884002101814,
                12.091249919541443
            ]
        ],
        "C": 0.2
    },
    "output_params": {
        "output_dir": "output/OUT_config_0215_M8_Trivial_H20.0_mu-0.36",
        "output_prefix": "mc_sim_Trivial_H20.0_mub-0.36_M8"
    }
}