{
    "input_params": {
        "polymer_type": "Ring",
        "knot_type": "Trivial",
        "configuration": "input/init_config_Z/TrivialN64M8H20.00rho0.10.dat",
        "mu_b": 1.7578242025458057,
        "M": 8,
        "init_N": 64,
        "rho_b": 0.1,
        "box_xy": 16.0,
        "H": 20.0,
        "rcut": 1.0,
        "max_N": 640,
        "external_potential": "custom"
    },
    "simulation_params": {
        "EPS_TRANS": 0.05,
        "ROT_RATIO": 0.3,
        "K_MAX": 10,
        "sample_interval": 5,
        "sample_time": 40000,
        "sample_block": 4,
        "dz": 0.02
    },
    "Vext_params": {
        "potential_type": "custom",
        "An": [
            0.7113398333279539,
            -0.24208102674963505,
            1.7675711280925024,
            1.2459638578056946
        ],
        "phi_n": [
            1.3112815419489445,
            2.7197492314301632,
            0.3393462777032282,
            2.781862473075687
        ],
        "Vlin_par": [
            [
                -0.36586442456679785,
                -0.5179390443572883,
                2.05346044777013,
                -0.8900473655083702
            ],
            [
                1.7661594992665057,
                0.111522140017828,
                1.5959385239880193,
                0.9529070410135706
            ]
        ],
        "x_tar": [
            [
                3.5952111650284846,
                2.4055573114089412,
                5.2661624279034935,
                9.249639231775898
            ],
            [
                4.002580617412768,
                8.903793059644755,
                17.03309715262719,
                14.680998935636204
            ]
        ],
        "C": 0.2
    },
    "output_params": {
        "output_dir": "output/OUT_config_0223_M8_Trivial_H20.0_mu1.76",
        "output_prefix": "mc_sim_Trivial_H20.0_mub1.76_M8"
    }
}