{
    "input_params": {
        "polymer_type": "Ring",
        "knot_type": "Trivial",
        "configuration": "input/init_config_Z/TrivialN64M8H20.00rho0.10.dat",
        "mu_b": -0.31328891570282313,
        "M": 8,
        "init_N": 64,
        "rho_b": 0.1,
        "box_xy": 16.0,
        "H": 20.0,
        "rcut": 1.0,
        "max_N": 640,
        "external_potential": "custom"
    },
    "simulation_params": {
        "EPS_TRANS": 0.05,
        "ROT_RATIO": 0.3,
        "K_MAX": 10,
        "sample_interval": 5,
        "sample_time": 40000,
        "sample_block": 4,
        "dz": 0.02
    },
    "Vext_params": {
        "potential_type": "custom",
        "An": [
            1.3037417261284134,
            -1.5947821106571345,
            0.3525875739405155,
            -0.7110615035154971
        ],
        "phi_n": [
            1.8509129391584804,
            0.9133923848758176,
            2.4316037527107524,
            4.549054150857172
        ],
        "Vlin_par": [
            [
                -2.4784399341238204,
                0.4917080960097302,
                -5.558011511708109,
                -2.325680065366849
            ],
            [
                -1.8445816321635833,
                1.5902285381625048,
                -0.4966645683457636,
                -1.4396876145719408
            ]
        ],
        "x_tar": [
            [
                2.7786227332912428,
                3.0673804322101406,
                15.220147228447598,
                7.017466327968746
            ],
            [
                10.772480814487583,
                12.514889207807624,
                15.276931164024212,
                11.355421800716003
            ]
        ],
        "C": 0.2
    },
    "output_params": {
        "output_dir": "output/OUT_config_0245_M8_Trivial_H20.0_mu-0.31",
        "output_prefix": "mc_sim_Trivial_H20.0_mub-0.31_M8"
    }
}