{
    "input_params": {
        "polymer_type": "Ring",
        "knot_type": "Trivial",
        "configuration": "input/init_config_Z/TrivialN64M8H20.00rho0.10.dat",
        "mu_b": 3.8701958514152786,
        "M": 8,
        "init_N": 64,
        "rho_b": 0.1,
        "box_xy": 16.0,
        "H": 20.0,
        "rcut": 1.0,
        "max_N": 640,
        "external_potential": "custom"
    },
    "simulation_params": {
        "EPS_TRANS": 0.05,
        "ROT_RATIO": 0.3,
        "K_MAX": 10,
        "sample_interval": 5,
        "sample_time": 40000,
        "sample_block": 4,
        "dz": 0.02
    },
    "Vext_params": {
        "potential_type": "custom",
        "An": [
            -1.25582121040822,
            1.3232562045741723,
            1.5123769133153908,
            0.7764486197348844
        ],
        "phi_n": [
            5.195219529482372,
            0.25389235346774663,
            3.674867444004387,
            5.584788588603627
        ],
        "Vlin_par": [
            [
                -2.7640276061440563,
                1.9544398012880089,
                -2.9803469088196777,
                -0.7224211969623511
            ],
            [
                -1.472016452009406,
                -0.10361153458662045,
                1.978559225695502,
                -0.7127460677998975
            ]
        ],
        "x_tar": [
            [
                9.745436800340265,
                1.6654878610049728,
                5.572668796751348,
                12.131556902399069
            ],
            [
                17.844984827548817,
                11.789545749966987,
                12.609037781380394,
                19.689397822815888
            ]
        ],
        "C": 0.2
    },
    "output_params": {
        "output_dir": "output/OUT_config_0445_M8_Trivial_H20.0_mu3.87",
        "output_prefix": "mc_sim_Trivial_H20.0_mub3.87_M8"
    }
}