{
    "input_params": {
        "polymer_type": "Ring",
        "knot_type": "Trivial",
        "configuration": "input/init_config_Z/TrivialN64M8H20.00rho0.10.dat",
        "mu_b": 3.2431406877312297,
        "M": 8,
        "init_N": 64,
        "rho_b": 0.1,
        "box_xy": 16.0,
        "H": 20.0,
        "rcut": 1.0,
        "max_N": 640,
        "external_potential": "custom"
    },
    "simulation_params": {
        "EPS_TRANS": 0.05,
        "ROT_RATIO": 0.3,
        "K_MAX": 10,
        "sample_interval": 5,
        "sample_time": 40000,
        "sample_block": 4,
        "dz": 0.02
    },
    "Vext_params": {
        "potential_type": "custom",
        "An": [
            2.4966696196764553,
            0.28675433339991163,
            -2.5268833737302057,
            -4.048137851170615
        ],
        "phi_n": [
            5.8692589081731565,
            6.179160242740293,
            5.306658356864332,
            5.650794182576761
        ],
        "Vlin_par": [
            [
                0.4914632374571218,
                1.0371536462255684,
                -2.573610424969942,
                -0.8618468156464103
            ],
            [
                0.6143117598615792,
                -0.4842531350432153,
                -0.09852136033289748,
                3.831744581356211
            ]
        ],
        "x_tar": [
            [
                0.9737059590086927,
                18.090202277673313,
                5.540522351494859,
                4.378841940818823
            ],
            [
                5.068141202427667,
                19.72547303471114,
                18.900746266970305,
                12.285903056212726
            ]
        ],
        "C": 0.2
    },
    "output_params": {
        "output_dir": "output/OUT_config_0486_M8_Trivial_H20.0_mu3.24",
        "output_prefix": "mc_sim_Trivial_H20.0_mub3.24_M8"
    }
}