{
    "input_params": {
        "polymer_type": "Ring",
        "knot_type": "Trivial",
        "configuration": "input/init_config_Z/TrivialN64M8H20.00rho0.10.dat",
        "mu_b": 4.370097324339959,
        "M": 8,
        "init_N": 64,
        "rho_b": 0.1,
        "box_xy": 16.0,
        "H": 20.0,
        "rcut": 1.0,
        "max_N": 640,
        "external_potential": "custom"
    },
    "simulation_params": {
        "EPS_TRANS": 0.05,
        "ROT_RATIO": 0.3,
        "K_MAX": 10,
        "sample_interval": 5,
        "sample_time": 40000,
        "sample_block": 4,
        "dz": 0.02
    },
    "Vext_params": {
        "potential_type": "custom",
        "An": [
            -0.7230132170423172,
            0.3450396139918883,
            0.6228990024836829,
            0.6488619761444271
        ],
        "phi_n": [
            2.164768004814279,
            1.6076952175928638,
            1.0745805504632875,
            4.5712159629556135
        ],
        "Vlin_par": [
            [
                4.826340367790261,
                5.0203135311532066,
                -2.1077728681101737,
                1.9066039528825778
            ],
            [
                2.2592735328595888,
                -0.5776720448706469,
                4.534381069211478,
                -1.6300496655690127
            ]
        ],
        "x_tar": [
            [
                11.15836134831957,
                2.6095730368300907,
                1.9112504891654036,
                14.227889942928517
            ],
            [
                19.69263884438027,
                11.031369489520673,
                3.774374607184592,
                18.67966986025194
            ]
        ],
        "C": 0.2
    },
    "output_params": {
        "output_dir": "output/OUT_config_0191_M8_Trivial_H20.0_mu4.37",
        "output_prefix": "mc_sim_Trivial_H20.0_mub4.37_M8"
    }
}