{
    "input_params": {
        "polymer_type": "Ring",
        "knot_type": "Trivial",
        "configuration": "input/init_config_Z/TrivialN64M8H20.00rho0.10.dat",
        "mu_b": 5.36928504544076,
        "M": 8,
        "init_N": 64,
        "rho_b": 0.1,
        "box_xy": 16.0,
        "H": 20.0,
        "rcut": 1.0,
        "max_N": 640,
        "external_potential": "custom"
    },
    "simulation_params": {
        "EPS_TRANS": 0.05,
        "ROT_RATIO": 0.3,
        "K_MAX": 10,
        "sample_interval": 5,
        "sample_time": 40000,
        "sample_block": 4,
        "dz": 0.02
    },
    "Vext_params": {
        "potential_type": "custom",
        "An": [
            -1.8372044111549424,
            -0.7297697474471816,
            -0.1441475708986354,
            1.5028205777950603
        ],
        "phi_n": [
            1.0741006427687037,
            1.0122226136615635,
            0.9807357139660512,
            5.490411274285077
        ],
        "Vlin_par": [
            [
                5.240343380578501,
                -1.0015959508468295,
                -0.5158013509052168,
                -1.926268095893852
            ],
            [
                -3.394981146797672,
                -0.3881261300532158,
                -1.5639501327376113,
                2.441770170783462
            ]
        ],
        "x_tar": [
            [
                12.771122855504073,
                1.4970518087749296,
                4.349102801593729,
                17.83055172358848
            ],
            [
                15.725788530421053,
                18.621852234877935,
                5.408535418275202,
                18.48760302763415
            ]
        ],
        "C": 0.2
    },
    "output_params": {
        "output_dir": "output/OUT_config_0518_M8_Trivial_H20.0_mu5.37",
        "output_prefix": "mc_sim_Trivial_H20.0_mub5.37_M8"
    }
}