{
    "input_params": {
        "polymer_type": "Ring",
        "knot_type": "Trivial",
        "configuration": "input/init_config_Z/TrivialN64M8H20.00rho0.10.dat",
        "mu_b": -0.9819670445239536,
        "M": 8,
        "init_N": 64,
        "rho_b": 0.1,
        "box_xy": 16.0,
        "H": 20.0,
        "rcut": 1.0,
        "max_N": 640,
        "external_potential": "custom"
    },
    "simulation_params": {
        "EPS_TRANS": 0.05,
        "ROT_RATIO": 0.3,
        "K_MAX": 10,
        "sample_interval": 5,
        "sample_time": 40000,
        "sample_block": 4,
        "dz": 0.02
    },
    "Vext_params": {
        "potential_type": "custom",
        "An": [
            -2.3042775528117496,
            -1.238805928609528,
            -0.1485531146949562,
            -1.107589144776943
        ],
        "phi_n": [
            3.5505146907705005,
            1.4128068694340663,
            3.078175899240281,
            3.70375483511345
        ],
        "Vlin_par": [
            [
                0.1866515012323884,
                -0.05215576146842351,
                -0.0372486953160607,
                2.778591707451738
            ],
            [
                3.275123305341719,
                0.744480071722075,
                -1.8586141012895423,
                -1.0945866248764298
            ]
        ],
        "x_tar": [
            [
                10.742035982485687,
                9.366021667938806,
                1.1496221407411844,
                4.597680930085099
            ],
            [
                11.65466674039214,
                18.285040400827185,
                6.244829410038233,
                7.695503708937013
            ]
        ],
        "C": 0.2
    },
    "output_params": {
        "output_dir": "output/OUT_config_0415_M8_Trivial_H20.0_mu-0.98",
        "output_prefix": "mc_sim_Trivial_H20.0_mub-0.98_M8"
    }
}