{
    "input_params": {
        "polymer_type": "Ring",
        "knot_type": "Trivial",
        "configuration": "input/init_config_Z/TrivialN64M8H20.00rho0.10.dat",
        "mu_b": 5.192371670207275,
        "M": 8,
        "init_N": 64,
        "rho_b": 0.1,
        "box_xy": 16.0,
        "H": 20.0,
        "rcut": 1.0,
        "max_N": 640,
        "external_potential": "custom"
    },
    "simulation_params": {
        "EPS_TRANS": 0.05,
        "ROT_RATIO": 0.3,
        "K_MAX": 10,
        "sample_interval": 5,
        "sample_time": 40000,
        "sample_block": 4,
        "dz": 0.02
    },
    "Vext_params": {
        "potential_type": "custom",
        "An": [
            -1.2609663194321254,
            -1.0210685141247313,
            2.0698052628705352,
            1.6496766056440961
        ],
        "phi_n": [
            2.0582094668128046,
            5.655512099326276,
            4.1330722595353135,
            0.6235335379657255
        ],
        "Vlin_par": [
            [
                -0.8621615179973685,
                -0.4874657147999145,
                1.0955342062413849,
                0.6077327338228098
            ],
            [
                -1.3129938940386123,
                0.44323835719793964,
                2.562662476585314,
                -3.618786747201623
            ]
        ],
        "x_tar": [
            [
                15.80071821426398,
                9.030184733255487,
                13.621256297011277,
                0.2798866660110555
            ],
            [
                19.44059631055239,
                17.689118862270266,
                15.585238848142037,
                7.20007998750944
            ]
        ],
        "C": 0.2
    },
    "output_params": {
        "output_dir": "output/OUT_config_0537_M8_Trivial_H20.0_mu5.19",
        "output_prefix": "mc_sim_Trivial_H20.0_mub5.19_M8"
    }
}