{
    "input_params": {
        "polymer_type": "Ring",
        "knot_type": "Trivial",
        "configuration": "input/init_config_Z/TrivialN64M8H20.00rho0.10.dat",
        "mu_b": 3.249910870160435,
        "M": 8,
        "init_N": 64,
        "rho_b": 0.1,
        "box_xy": 16.0,
        "H": 20.0,
        "rcut": 1.0,
        "max_N": 640,
        "external_potential": "custom"
    },
    "simulation_params": {
        "EPS_TRANS": 0.05,
        "ROT_RATIO": 0.3,
        "K_MAX": 10,
        "sample_interval": 5,
        "sample_time": 40000,
        "sample_block": 4,
        "dz": 0.02
    },
    "Vext_params": {
        "potential_type": "custom",
        "An": [
            2.9051077210717366,
            3.5865525532724356,
            -0.7563041069934525,
            1.9953500115040175
        ],
        "phi_n": [
            0.23226864052986484,
            1.7515781172429747,
            5.482017473666959,
            2.1996877146098344
        ],
        "Vlin_par": [
            [
                -0.1797677056136426,
                0.3293024319644329,
                0.891893543035888,
                -1.1064305409823552
            ],
            [
                -1.3282482714623283,
                0.44281508595800023,
                -2.4339533242496034,
                -2.493534398535171
            ]
        ],
        "x_tar": [
            [
                8.35551079909888,
                1.4100202668906903,
                2.860899324488999,
                12.255514049272247
            ],
            [
                17.978965491013437,
                3.112307658337785,
                7.067618874490618,
                19.195884672208027
            ]
        ],
        "C": 0.2
    },
    "output_params": {
        "output_dir": "output/OUT_config_0066_M8_Trivial_H20.0_mu3.25",
        "output_prefix": "mc_sim_Trivial_H20.0_mub3.25_M8"
    }
}