{
    "input_params": {
        "polymer_type": "Ring",
        "knot_type": "Trivial",
        "configuration": "input/init_config_Z/TrivialN64M8H20.00rho0.10.dat",
        "mu_b": -0.09559422930021333,
        "M": 8,
        "init_N": 64,
        "rho_b": 0.1,
        "box_xy": 16.0,
        "H": 20.0,
        "rcut": 1.0,
        "max_N": 640,
        "external_potential": "custom"
    },
    "simulation_params": {
        "EPS_TRANS": 0.05,
        "ROT_RATIO": 0.3,
        "K_MAX": 10,
        "sample_interval": 5,
        "sample_time": 40000,
        "sample_block": 4,
        "dz": 0.02
    },
    "Vext_params": {
        "potential_type": "custom",
        "An": [
            -1.815087058867957,
            -0.4459581072383991,
            0.2857114624415631,
            0.44297437699869247
        ],
        "phi_n": [
            1.39333325996731,
            5.717061971031113,
            4.382922360094442,
            6.075466869824421
        ],
        "Vlin_par": [
            [
                -2.252238453107994,
                -1.1074797041016506,
                0.7419806019906682,
                1.2619336106150432
            ],
            [
                -0.7300810935894086,
                0.325599869278995,
                2.3532955342382174,
                2.25888541993963
            ]
        ],
        "x_tar": [
            [
                2.0245358238480238,
                4.517025358071605,
                6.588908077908428,
                12.215506162544107
            ],
            [
                6.62858389238933,
                15.224284435061392,
                11.525322144888221,
                12.276937397926327
            ]
        ],
        "C": 0.2
    },
    "output_params": {
        "output_dir": "output/OUT_config_0009_M8_Trivial_H20.0_mu-0.10",
        "output_prefix": "mc_sim_Trivial_H20.0_mub-0.10_M8"
    }
}