{
    "input_params": {
        "polymer_type": "Ring",
        "knot_type": "Trivial",
        "configuration": "input/init_config_Z/TrivialN64M8H20.00rho0.10.dat",
        "mu_b": 1.057645321035368,
        "M": 8,
        "init_N": 64,
        "rho_b": 0.1,
        "box_xy": 16.0,
        "H": 20.0,
        "rcut": 1.0,
        "max_N": 640,
        "external_potential": "custom"
    },
    "simulation_params": {
        "EPS_TRANS": 0.05,
        "ROT_RATIO": 0.3,
        "K_MAX": 10,
        "sample_interval": 5,
        "sample_time": 40000,
        "sample_block": 4,
        "dz": 0.02
    },
    "Vext_params": {
        "potential_type": "custom",
        "An": [
            -0.8693675125897247,
            1.333650142697175,
            -0.44619795460694656,
            -0.9898336080557312
        ],
        "phi_n": [
            2.341630027023737,
            4.896420657399238,
            1.6529892800180506,
            6.140987883063541
        ],
        "Vlin_par": [
            [
                0.3530095009220213,
                -2.2455202921240915,
                -2.4140555934030563,
                2.9380409593304497
            ],
            [
                -3.861842743546639,
                1.4103262074632197,
                -3.2938736430461963,
                -0.22163950639291935
            ]
        ],
        "x_tar": [
            [
                0.3764394478895494,
                13.658953678400334,
                4.8670899390377675,
                9.218616010166818
            ],
            [
                13.79004228715038,
                19.371272883854502,
                6.752473584400198,
                18.55941414563242
            ]
        ],
        "C": 0.2
    },
    "output_params": {
        "output_dir": "output/OUT_config_0020_M8_Trivial_H20.0_mu1.06",
        "output_prefix": "mc_sim_Trivial_H20.0_mub1.06_M8"
    }
}