{
    "input_params": {
        "polymer_type": "Ring",
        "knot_type": "Trivial",
        "configuration": "input/init_config_Z/TrivialN64M8H20.00rho0.10.dat",
        "mu_b": 5.488739040976965,
        "M": 8,
        "init_N": 64,
        "rho_b": 0.1,
        "box_xy": 16.0,
        "H": 20.0,
        "rcut": 1.0,
        "max_N": 640,
        "external_potential": "custom"
    },
    "simulation_params": {
        "EPS_TRANS": 0.05,
        "ROT_RATIO": 0.3,
        "K_MAX": 10,
        "sample_interval": 5,
        "sample_time": 40000,
        "sample_block": 4,
        "dz": 0.02
    },
    "Vext_params": {
        "potential_type": "custom",
        "An": [
            -1.5782904614722628,
            1.2952830129593977,
            -0.6974662498838273,
            -1.3251820842393176
        ],
        "phi_n": [
            2.974783411893598,
            2.8958989725541056,
            5.790475385412643,
            4.3025068175062575
        ],
        "Vlin_par": [
            [
                -0.13294281843021435,
                1.5362501704285332,
                -0.7854209555588364,
                3.4379459185222725
            ],
            [
                -2.388763968022961,
                -4.058598299730557,
                -1.3970666646161538,
                0.8494439831551692
            ]
        ],
        "x_tar": [
            [
                10.606515415261153,
                2.6233311615194532,
                2.6442525734124933,
                14.313315292529722
            ],
            [
                18.30753997639614,
                14.654261362552427,
                17.617716522484123,
                17.280441027963708
            ]
        ],
        "C": 0.2
    },
    "output_params": {
        "output_dir": "output/OUT_config_0049_M8_Trivial_H20.0_mu5.49",
        "output_prefix": "mc_sim_Trivial_H20.0_mub5.49_M8"
    }
}