{
    "input_params": {
        "polymer_type": "Ring",
        "knot_type": "Trivial",
        "configuration": "input/init_config_Z/TrivialN64M8H20.00rho0.10.dat",
        "mu_b": 5.367289551828016,
        "M": 8,
        "init_N": 64,
        "rho_b": 0.1,
        "box_xy": 16.0,
        "H": 20.0,
        "rcut": 1.0,
        "max_N": 640,
        "external_potential": "custom"
    },
    "simulation_params": {
        "EPS_TRANS": 0.05,
        "ROT_RATIO": 0.3,
        "K_MAX": 10,
        "sample_interval": 5,
        "sample_time": 40000,
        "sample_block": 4,
        "dz": 0.02
    },
    "Vext_params": {
        "potential_type": "custom",
        "An": [
            -0.9796529221606518,
            1.1795560662612503,
            0.8783577955015788,
            1.6213780960993593
        ],
        "phi_n": [
            2.193403545048393,
            5.698420734394007,
            5.718263155567656,
            5.915058158119958
        ],
        "Vlin_par": [
            [
                -1.9174328475777478,
                1.3968869758918725,
                -0.614097243596596,
                1.4235088539261036
            ],
            [
                -2.622554318704425,
                -2.30371101360027,
                -0.036669584294263695,
                -0.8704603259080943
            ]
        ],
        "x_tar": [
            [
                5.559382861835289,
                8.843687745458904,
                5.07406400921381,
                3.0241927359742338
            ],
            [
                17.918035012430316,
                17.595227180772063,
                6.862509711789222,
                10.761856828814992
            ]
        ],
        "C": 0.2
    },
    "output_params": {
        "output_dir": "output/OUT_config_0403_M8_Trivial_H20.0_mu5.37",
        "output_prefix": "mc_sim_Trivial_H20.0_mub5.37_M8"
    }
}