{
    "input_params": {
        "polymer_type": "Ring",
        "knot_type": "Trivial",
        "configuration": "input/init_config_Z/TrivialN64M8H20.00rho0.10.dat",
        "mu_b": -0.4937976298604123,
        "M": 8,
        "init_N": 64,
        "rho_b": 0.1,
        "box_xy": 16.0,
        "H": 20.0,
        "rcut": 1.0,
        "max_N": 640,
        "external_potential": "custom"
    },
    "simulation_params": {
        "EPS_TRANS": 0.05,
        "ROT_RATIO": 0.3,
        "K_MAX": 10,
        "sample_interval": 5,
        "sample_time": 40000,
        "sample_block": 4,
        "dz": 0.02
    },
    "Vext_params": {
        "potential_type": "custom",
        "An": [
            -1.1103062281824245,
            -0.20382466499550808,
            0.25460362852957064,
            -0.28687847501186775
        ],
        "phi_n": [
            3.728244098058386,
            3.015613663952606,
            5.807347189910415,
            1.7210382508624322
        ],
        "Vlin_par": [
            [
                -1.4987118153591006,
                -0.48178794869113195,
                2.1102413008036067,
                0.16883379224879091
            ],
            [
                5.121230819629891,
                2.3495985590677395,
                3.122320783755483,
                0.9924743094425523
            ]
        ],
        "x_tar": [
            [
                11.799725407448186,
                3.9936254082510603,
                2.0067217610593024,
                1.9432911442622647
            ],
            [
                16.389625512237643,
                18.804720063762343,
                3.506943475063531,
                8.287303448903048
            ]
        ],
        "C": 0.2
    },
    "output_params": {
        "output_dir": "output/OUT_config_0001_M8_Trivial_H20.0_mu-0.49",
        "output_prefix": "mc_sim_Trivial_H20.0_mub-0.49_M8"
    }
}