{
    "input_params": {
        "polymer_type": "Ring",
        "knot_type": "Trivial",
        "configuration": "input/init_config_Z/TrivialN64M8H20.00rho0.10.dat",
        "mu_b": 0.7097978018711497,
        "M": 8,
        "init_N": 64,
        "rho_b": 0.1,
        "box_xy": 16.0,
        "H": 20.0,
        "rcut": 1.0,
        "max_N": 640,
        "external_potential": "custom"
    },
    "simulation_params": {
        "EPS_TRANS": 0.05,
        "ROT_RATIO": 0.3,
        "K_MAX": 10,
        "sample_interval": 5,
        "sample_time": 40000,
        "sample_block": 4,
        "dz": 0.02
    },
    "Vext_params": {
        "potential_type": "custom",
        "An": [
            1.2832043267689184,
            0.13881477640073353,
            -1.0726402137486444,
            0.5727925827666667
        ],
        "phi_n": [
            3.9881170725014483,
            1.7119879120491774,
            2.0487030657188496,
            0.0018900200873952402
        ],
        "Vlin_par": [
            [
                0.20135859775595152,
                -1.832889864100094,
                1.7956130402984776,
                2.023129087934417
            ],
            [
                0.7091293397910065,
                -2.916117011270587,
                0.9403372239668428,
                0.19310428608250857
            ]
        ],
        "x_tar": [
            [
                7.8356351417022285,
                13.707421161151071,
                11.147222564522165,
                10.72962886758049
            ],
            [
                14.221975192937801,
                18.404286061526594,
                18.48188275455423,
                15.507818961781187
            ]
        ],
        "C": 0.2
    },
    "output_params": {
        "output_dir": "output/OUT_config_0584_M8_Trivial_H20.0_mu0.71",
        "output_prefix": "mc_sim_Trivial_H20.0_mub0.71_M8"
    }
}