{
    "input_params": {
        "polymer_type": "Ring",
        "knot_type": "Trivial",
        "configuration": "input/init_config_Z/TrivialN64M8H20.00rho0.10.dat",
        "mu_b": 1.9076777539042724,
        "M": 8,
        "init_N": 64,
        "rho_b": 0.1,
        "box_xy": 16.0,
        "H": 20.0,
        "rcut": 1.0,
        "max_N": 640,
        "external_potential": "custom"
    },
    "simulation_params": {
        "EPS_TRANS": 0.05,
        "ROT_RATIO": 0.3,
        "K_MAX": 10,
        "sample_interval": 5,
        "sample_time": 40000,
        "sample_block": 4,
        "dz": 0.02
    },
    "Vext_params": {
        "potential_type": "custom",
        "An": [
            0.5819871544538714,
            -0.09388364473427678,
            0.06662239786236013,
            0.09879181515441456
        ],
        "phi_n": [
            2.471325322720646,
            0.8546801128202327,
            4.793756189170428,
            2.8758791498027527
        ],
        "Vlin_par": [
            [
                3.149944556310546,
                1.211578407273259,
                -0.08205566400411192,
                3.656940382870036
            ],
            [
                0.5239237127772433,
                -0.43306698585328174,
                2.279688342137732,
                -1.4629541251523699
            ]
        ],
        "x_tar": [
            [
                15.580834365261754,
                14.623238740620586,
                5.439637620925146,
                1.1172646803357411
            ],
            [
                19.611560928031494,
                18.051716291818,
                11.331369195800525,
                3.824992125337894
            ]
        ],
        "C": 0.2
    },
    "output_params": {
        "output_dir": "output/OUT_config_0499_M8_Trivial_H20.0_mu1.91",
        "output_prefix": "mc_sim_Trivial_H20.0_mub1.91_M8"
    }
}