{
    "input_params": {
        "polymer_type": "Ring",
        "knot_type": "Trivial",
        "configuration": "input/init_config_Z/TrivialN64M8H20.00rho0.10.dat",
        "mu_b": 4.840354005147917,
        "M": 8,
        "init_N": 64,
        "rho_b": 0.1,
        "box_xy": 16.0,
        "H": 20.0,
        "rcut": 1.0,
        "max_N": 640,
        "external_potential": "custom"
    },
    "simulation_params": {
        "EPS_TRANS": 0.05,
        "ROT_RATIO": 0.3,
        "K_MAX": 10,
        "sample_interval": 5,
        "sample_time": 40000,
        "sample_block": 4,
        "dz": 0.02
    },
    "Vext_params": {
        "potential_type": "custom",
        "An": [
            -1.127318852159016,
            -2.3410756971626054,
            -3.59924250893975,
            1.0526546323852093
        ],
        "phi_n": [
            4.698631593969474,
            4.108606946675726,
            0.622158590073175,
            2.6657750636157123
        ],
        "Vlin_par": [
            [
                -0.06580350693136774,
                -0.29550186132623313,
                1.4211439421099608,
                1.4263349717327072
            ],
            [
                -3.474523656173189,
                1.5086596754313963,
                -1.3978657171779971,
                0.826295294838916
            ]
        ],
        "x_tar": [
            [
                2.180632414290493,
                0.6374197529898962,
                8.211542294729526,
                1.9288197811779106
            ],
            [
                15.795975828746482,
                9.732719471032445,
                19.236029568759136,
                8.969947781052008
            ]
        ],
        "C": 0.2
    },
    "output_params": {
        "output_dir": "output/OUT_config_0413_M8_Trivial_H20.0_mu4.84",
        "output_prefix": "mc_sim_Trivial_H20.0_mub4.84_M8"
    }
}