{
    "input_params": {
        "polymer_type": "Ring",
        "knot_type": "Trivial",
        "configuration": "input/init_config_Z/TrivialN64M8H20.00rho0.10.dat",
        "mu_b": 0.9542953873028863,
        "M": 8,
        "init_N": 64,
        "rho_b": 0.1,
        "box_xy": 16.0,
        "H": 20.0,
        "rcut": 1.0,
        "max_N": 640,
        "external_potential": "custom"
    },
    "simulation_params": {
        "EPS_TRANS": 0.05,
        "ROT_RATIO": 0.3,
        "K_MAX": 10,
        "sample_interval": 5,
        "sample_time": 40000,
        "sample_block": 4,
        "dz": 0.02
    },
    "Vext_params": {
        "potential_type": "custom",
        "An": [
            1.7311558466067352,
            2.0212692769992007,
            0.7707461165903267,
            1.5844102063464682
        ],
        "phi_n": [
            1.3170538269988248,
            5.994036332055223,
            2.3289702901818083,
            5.163351836488807
        ],
        "Vlin_par": [
            [
                -0.8596588779930587,
                1.4530669691356777,
                1.4388099095821292,
                1.0954258698531645
            ],
            [
                -2.4326719365049128,
                -1.1844142730809124,
                -1.8724778623387104,
                -1.139135033385397
            ]
        ],
        "x_tar": [
            [
                7.6778738951138115,
                0.250466025066336,
                1.2939056701420548,
                4.452713953814387
            ],
            [
                8.127482309548355,
                14.534291617244953,
                13.862015713849837,
                13.76338138198677
            ]
        ],
        "C": 0.2
    },
    "output_params": {
        "output_dir": "output/OUT_config_0110_M8_Trivial_H20.0_mu0.95",
        "output_prefix": "mc_sim_Trivial_H20.0_mub0.95_M8"
    }
}