{
    "input_params": {
        "polymer_type": "Ring",
        "knot_type": "Trivial",
        "configuration": "input/init_config_Z/TrivialN64M8H20.00rho0.10.dat",
        "mu_b": 0.9696621202170412,
        "M": 8,
        "init_N": 64,
        "rho_b": 0.1,
        "box_xy": 16.0,
        "H": 20.0,
        "rcut": 1.0,
        "max_N": 640,
        "external_potential": "custom"
    },
    "simulation_params": {
        "EPS_TRANS": 0.05,
        "ROT_RATIO": 0.3,
        "K_MAX": 10,
        "sample_interval": 5,
        "sample_time": 40000,
        "sample_block": 4,
        "dz": 0.02
    },
    "Vext_params": {
        "potential_type": "custom",
        "An": [
            -0.6560957207895465,
            -1.4993650686339357,
            -2.552899942377939,
            0.297489486147469
        ],
        "phi_n": [
            1.96045585872457,
            3.2012657973789205,
            4.465659261433323,
            2.1404009055981397
        ],
        "Vlin_par": [
            [
                1.3604622746149309,
                -1.1311260229571696,
                2.299936416463096,
                -3.128237737345494
            ],
            [
                0.8784265547691152,
                2.6112413664678735,
                -0.30985609753043647,
                -0.6070709821880862
            ]
        ],
        "x_tar": [
            [
                6.186198339656503,
                6.84137166045411,
                6.412291915187849,
                6.665550323711102
            ],
            [
                16.964567419498337,
                19.590886453032116,
                19.726180896364163,
                14.671241252914612
            ]
        ],
        "C": 0.2
    },
    "output_params": {
        "output_dir": "output/OUT_config_0325_M8_Trivial_H20.0_mu0.97",
        "output_prefix": "mc_sim_Trivial_H20.0_mub0.97_M8"
    }
}