{
    "input_params": {
        "polymer_type": "Ring",
        "knot_type": "Trivial",
        "configuration": "input/init_config_Z/TrivialN64M8H20.00rho0.10.dat",
        "mu_b": 5.426380371788887,
        "M": 8,
        "init_N": 64,
        "rho_b": 0.1,
        "box_xy": 16.0,
        "H": 20.0,
        "rcut": 1.0,
        "max_N": 640,
        "external_potential": "custom"
    },
    "simulation_params": {
        "EPS_TRANS": 0.05,
        "ROT_RATIO": 0.3,
        "K_MAX": 10,
        "sample_interval": 5,
        "sample_time": 40000,
        "sample_block": 4,
        "dz": 0.02
    },
    "Vext_params": {
        "potential_type": "custom",
        "An": [
            0.09834134752677938,
            -0.2019568094585862,
            0.40240015059746465,
            0.5398888999549611
        ],
        "phi_n": [
            0.23403240058834046,
            4.991585578087147,
            2.531630106615266,
            5.905300354151516
        ],
        "Vlin_par": [
            [
                -0.8742116779814918,
                -2.04315733072121,
                -1.7740842892760054,
                -1.5930519902873232
            ],
            [
                -0.7193057785402728,
                0.9694947204673339,
                1.1413776605582573,
                1.4014967315067932
            ]
        ],
        "x_tar": [
            [
                8.750710747977607,
                0.19796515994760844,
                8.516468418263713,
                1.109159823238004
            ],
            [
                15.236454319596541,
                12.190170240111367,
                10.519320816004553,
                18.395299617346026
            ]
        ],
        "C": 0.2
    },
    "output_params": {
        "output_dir": "output/OUT_config_0074_M8_Trivial_H20.0_mu5.43",
        "output_prefix": "mc_sim_Trivial_H20.0_mub5.43_M8"
    }
}