{
    "input_params": {
        "polymer_type": "Ring",
        "knot_type": "Trivial",
        "configuration": "input/init_config_Z/TrivialN64M8H20.00rho0.10.dat",
        "mu_b": 5.286650080789318,
        "M": 8,
        "init_N": 64,
        "rho_b": 0.1,
        "box_xy": 16.0,
        "H": 20.0,
        "rcut": 1.0,
        "max_N": 640,
        "external_potential": "custom"
    },
    "simulation_params": {
        "EPS_TRANS": 0.05,
        "ROT_RATIO": 0.3,
        "K_MAX": 10,
        "sample_interval": 5,
        "sample_time": 40000,
        "sample_block": 4,
        "dz": 0.02
    },
    "Vext_params": {
        "potential_type": "custom",
        "An": [
            -1.199206852470104,
            0.6298945673835846,
            1.466541966410315,
            -1.3606412004904296
        ],
        "phi_n": [
            2.823281196190772,
            0.3559380341794659,
            6.017795886701911,
            2.8036445282882743
        ],
        "Vlin_par": [
            [
                -1.856445714262858,
                0.8237922414841874,
                -0.4384571705353726,
                0.12463135839704316
            ],
            [
                -2.208813711005701,
                -1.9862800938519138,
                -0.6860291267111228,
                1.951840120422927
            ]
        ],
        "x_tar": [
            [
                7.689764396510419,
                13.946214771254963,
                3.356617825657684,
                7.904407437851246
            ],
            [
                14.348835621194908,
                14.712548172331811,
                9.59007426683845,
                12.036947307883297
            ]
        ],
        "C": 0.2
    },
    "output_params": {
        "output_dir": "output/OUT_config_0333_M8_Trivial_H20.0_mu5.29",
        "output_prefix": "mc_sim_Trivial_H20.0_mub5.29_M8"
    }
}