{
    "input_params": {
        "polymer_type": "Ring",
        "knot_type": "Trivial",
        "configuration": "input/init_config_Z/TrivialN64M8H20.00rho0.10.dat",
        "mu_b": 5.731227440631501,
        "M": 8,
        "init_N": 64,
        "rho_b": 0.1,
        "box_xy": 16.0,
        "H": 20.0,
        "rcut": 1.0,
        "max_N": 640,
        "external_potential": "custom"
    },
    "simulation_params": {
        "EPS_TRANS": 0.05,
        "ROT_RATIO": 0.3,
        "K_MAX": 10,
        "sample_interval": 5,
        "sample_time": 40000,
        "sample_block": 4,
        "dz": 0.02
    },
    "Vext_params": {
        "potential_type": "custom",
        "An": [
            2.525477970404621,
            0.18459132731728115,
            -2.002201058399925,
            -0.32347234375513284
        ],
        "phi_n": [
            5.709903023632204,
            5.023771440771835,
            2.502912582105924,
            2.231962209406871
        ],
        "Vlin_par": [
            [
                -0.6188939376944004,
                -1.119186705073708,
                4.888295231619118,
                -2.195913737339569
            ],
            [
                2.466465309877371,
                -1.1525807623588333,
                -1.85099989232155,
                1.8767484556656633
            ]
        ],
        "x_tar": [
            [
                6.046369903893862,
                15.44116817887965,
                1.5465954465222986,
                13.508294283232747
            ],
            [
                19.02140586728698,
                17.522475768291052,
                19.984621487608077,
                14.599089042625215
            ]
        ],
        "C": 0.2
    },
    "output_params": {
        "output_dir": "output/OUT_config_0550_M8_Trivial_H20.0_mu5.73",
        "output_prefix": "mc_sim_Trivial_H20.0_mub5.73_M8"
    }
}