{
    "input_params": {
        "polymer_type": "Ring",
        "knot_type": "Trivial",
        "configuration": "input/init_config_Z/TrivialN64M8H20.00rho0.10.dat",
        "mu_b": 4.581686101877436,
        "M": 8,
        "init_N": 64,
        "rho_b": 0.1,
        "box_xy": 16.0,
        "H": 20.0,
        "rcut": 1.0,
        "max_N": 640,
        "external_potential": "custom"
    },
    "simulation_params": {
        "EPS_TRANS": 0.05,
        "ROT_RATIO": 0.3,
        "K_MAX": 10,
        "sample_interval": 5,
        "sample_time": 40000,
        "sample_block": 4,
        "dz": 0.02
    },
    "Vext_params": {
        "potential_type": "custom",
        "An": [
            1.1021257317981765,
            2.187443818541751,
            1.5879127088051725,
            0.5533989590307223
        ],
        "phi_n": [
            4.685277854828855,
            0.28432347279890363,
            1.33267039893829,
            5.48114479587536
        ],
        "Vlin_par": [
            [
                -0.1156809523457084,
                0.9851065772394572,
                -2.0644780876678976,
                1.5337417252091208
            ],
            [
                -1.7484068936186365,
                0.16255687150936657,
                1.1186122988848044,
                2.6166114074994806
            ]
        ],
        "x_tar": [
            [
                6.8646611855306965,
                17.020349119733808,
                1.9485254420184317,
                0.39215199546146273
            ],
            [
                14.806681655047232,
                18.07298531137072,
                18.69997801124699,
                15.350788600718541
            ]
        ],
        "C": 0.2
    },
    "output_params": {
        "output_dir": "output/OUT_config_0327_M8_Trivial_H20.0_mu4.58",
        "output_prefix": "mc_sim_Trivial_H20.0_mub4.58_M8"
    }
}