{
    "input_params": {
        "polymer_type": "Ring",
        "knot_type": "Trivial",
        "configuration": "input/init_config_Z/TrivialN64M8H20.00rho0.10.dat",
        "mu_b": 2.1886551907268226,
        "M": 8,
        "init_N": 64,
        "rho_b": 0.1,
        "box_xy": 16.0,
        "H": 20.0,
        "rcut": 1.0,
        "max_N": 640,
        "external_potential": "custom"
    },
    "simulation_params": {
        "EPS_TRANS": 0.05,
        "ROT_RATIO": 0.3,
        "K_MAX": 10,
        "sample_interval": 5,
        "sample_time": 40000,
        "sample_block": 4,
        "dz": 0.02
    },
    "Vext_params": {
        "potential_type": "custom",
        "An": [
            0.6228908173900934,
            2.3755115421733275,
            2.0139017774924826,
            1.7837085642454684
        ],
        "phi_n": [
            6.245118562155942,
            1.7779118631411763,
            4.865810305021286,
            3.4113840743190913
        ],
        "Vlin_par": [
            [
                2.979117231098267,
                -4.006998902943921,
                0.7847563333392658,
                0.9904904866945415
            ],
            [
                2.0624143718628005,
                -0.18607666324509448,
                2.744730828637019,
                0.6029632293047963
            ]
        ],
        "x_tar": [
            [
                5.507708970374412,
                18.421295242977532,
                13.740266932496954,
                5.171208551243569
            ],
            [
                13.420715137993719,
                18.869455273098332,
                15.825239490940788,
                12.85182006704715
            ]
        ],
        "C": 0.2
    },
    "output_params": {
        "output_dir": "output/OUT_config_0180_M8_Trivial_H20.0_mu2.19",
        "output_prefix": "mc_sim_Trivial_H20.0_mub2.19_M8"
    }
}