{
    "input_params": {
        "polymer_type": "Ring",
        "knot_type": "Trivial",
        "configuration": "input/init_config_Z/TrivialN64M8H20.00rho0.10.dat",
        "mu_b": 4.349668115432994,
        "M": 8,
        "init_N": 64,
        "rho_b": 0.1,
        "box_xy": 16.0,
        "H": 20.0,
        "rcut": 1.0,
        "max_N": 640,
        "external_potential": "custom"
    },
    "simulation_params": {
        "EPS_TRANS": 0.05,
        "ROT_RATIO": 0.3,
        "K_MAX": 10,
        "sample_interval": 5,
        "sample_time": 40000,
        "sample_block": 4,
        "dz": 0.02
    },
    "Vext_params": {
        "potential_type": "custom",
        "An": [
            0.9857414665808659,
            0.2840089730792095,
            -1.4969153978239216,
            0.6360616035894968
        ],
        "phi_n": [
            3.8526345979972203,
            4.357649751749974,
            5.043456327275314,
            0.6656667492610168
        ],
        "Vlin_par": [
            [
                -4.732401129322634,
                -1.0058230183254868,
                0.2765347827975124,
                -1.5990985109835734
            ],
            [
                -0.7204412538251675,
                0.13460779878955537,
                -1.2967711064035659,
                3.896316679051089
            ]
        ],
        "x_tar": [
            [
                3.938082377570089,
                6.011132400891734,
                5.95156254122466,
                2.886533452732327
            ],
            [
                7.246309346258137,
                12.989544892569754,
                6.10456755542036,
                19.33953501245647
            ]
        ],
        "C": 0.2
    },
    "output_params": {
        "output_dir": "output/OUT_config_0313_M8_Trivial_H20.0_mu4.35",
        "output_prefix": "mc_sim_Trivial_H20.0_mub4.35_M8"
    }
}