{
    "input_params": {
        "polymer_type": "Ring",
        "knot_type": "Trivial",
        "configuration": "input/init_config_Z/TrivialN64M8H20.00rho0.10.dat",
        "mu_b": 0.790822024396264,
        "M": 8,
        "init_N": 64,
        "rho_b": 0.1,
        "box_xy": 16.0,
        "H": 20.0,
        "rcut": 1.0,
        "max_N": 640,
        "external_potential": "custom"
    },
    "simulation_params": {
        "EPS_TRANS": 0.05,
        "ROT_RATIO": 0.3,
        "K_MAX": 10,
        "sample_interval": 5,
        "sample_time": 40000,
        "sample_block": 4,
        "dz": 0.02
    },
    "Vext_params": {
        "potential_type": "custom",
        "An": [
            2.546921266599016,
            0.5384824746725911,
            3.5463568336967297,
            2.3400934590801303
        ],
        "phi_n": [
            1.1323237557572932,
            0.9014539125916914,
            2.510375165379253,
            3.6550724573572135
        ],
        "Vlin_par": [
            [
                -0.8884937227334532,
                -2.899591463040157,
                -1.8455955181673824,
                -0.833413301679004
            ],
            [
                0.11644931958275087,
                -0.44005111664297386,
                0.2700339473974344,
                -1.0203512389169294
            ]
        ],
        "x_tar": [
            [
                2.299048784840174,
                2.285963200695995,
                15.295586059881117,
                14.244948698847393
            ],
            [
                12.957990072743275,
                9.287867233218947,
                18.227517158170997,
                14.84353609293111
            ]
        ],
        "C": 0.2
    },
    "output_params": {
        "output_dir": "output/OUT_config_0083_M8_Trivial_H20.0_mu0.79",
        "output_prefix": "mc_sim_Trivial_H20.0_mub0.79_M8"
    }
}