{
    "input_params": {
        "polymer_type": "Ring",
        "knot_type": "Trivial",
        "configuration": "input/init_config_Z/TrivialN64M8H20.00rho0.10.dat",
        "mu_b": -0.43211445654904146,
        "M": 8,
        "init_N": 64,
        "rho_b": 0.1,
        "box_xy": 16.0,
        "H": 20.0,
        "rcut": 1.0,
        "max_N": 640,
        "external_potential": "custom"
    },
    "simulation_params": {
        "EPS_TRANS": 0.05,
        "ROT_RATIO": 0.3,
        "K_MAX": 10,
        "sample_interval": 5,
        "sample_time": 40000,
        "sample_block": 4,
        "dz": 0.02
    },
    "Vext_params": {
        "potential_type": "custom",
        "An": [
            -1.2193266730210353,
            2.4124572652153398,
            -0.40527621679452186,
            -1.0007922742543554
        ],
        "phi_n": [
            5.899547543717874,
            5.545476122302096,
            1.7187149699012916,
            4.624608697998254
        ],
        "Vlin_par": [
            [
                0.7253055365914579,
                -0.7918017435208062,
                -0.6299937725675596,
                -2.0694894011643328
            ],
            [
                0.4491299814687824,
                0.7428931223194757,
                0.20932029911749334,
                -1.160482104680724
            ]
        ],
        "x_tar": [
            [
                2.3729028631896476,
                16.34811932353172,
                17.327558906624567,
                5.266999112090909
            ],
            [
                12.98781108994434,
                17.643101681745264,
                17.500194407467813,
                11.469684819009522
            ]
        ],
        "C": 0.2
    },
    "output_params": {
        "output_dir": "output/OUT_config_0338_M8_Trivial_H20.0_mu-0.43",
        "output_prefix": "mc_sim_Trivial_H20.0_mub-0.43_M8"
    }
}