{
    "input_params": {
        "polymer_type": "Ring",
        "knot_type": "Trivial",
        "configuration": "input/init_config_Z/TrivialN64M8H20.00rho0.10.dat",
        "mu_b": 1.44567070388725,
        "M": 8,
        "init_N": 64,
        "rho_b": 0.1,
        "box_xy": 16.0,
        "H": 20.0,
        "rcut": 1.0,
        "max_N": 640,
        "external_potential": "custom"
    },
    "simulation_params": {
        "EPS_TRANS": 0.05,
        "ROT_RATIO": 0.3,
        "K_MAX": 10,
        "sample_interval": 5,
        "sample_time": 40000,
        "sample_block": 4,
        "dz": 0.02
    },
    "Vext_params": {
        "potential_type": "custom",
        "An": [
            -2.81872356959946,
            -0.39207651010937333,
            0.6945418220823414,
            -0.8907225947640698
        ],
        "phi_n": [
            5.24151664370001,
            1.9892512984998267,
            4.194569092186301,
            4.051042700997836
        ],
        "Vlin_par": [
            [
                0.18438379285403292,
                -1.8972869702786963,
                -1.4493347773722247,
                -1.63431206031929
            ],
            [
                -0.3628166263439767,
                0.45111881032651424,
                0.4035201634980447,
                2.198282509885542
            ]
        ],
        "x_tar": [
            [
                1.4166692143039694,
                4.028675403850968,
                16.042775705944663,
                0.16548816703539027
            ],
            [
                16.549430139698533,
                17.496306270528127,
                19.591649875058643,
                14.390470043545937
            ]
        ],
        "C": 0.2
    },
    "output_params": {
        "output_dir": "output/OUT_config_0177_M8_Trivial_H20.0_mu1.45",
        "output_prefix": "mc_sim_Trivial_H20.0_mub1.45_M8"
    }
}