{
    "input_params": {
        "polymer_type": "Ring",
        "knot_type": "Trivial",
        "configuration": "input/init_config_Z/TrivialN64M8H20.00rho0.10.dat",
        "mu_b": 5.578050070381451,
        "M": 8,
        "init_N": 64,
        "rho_b": 0.1,
        "box_xy": 16.0,
        "H": 20.0,
        "rcut": 1.0,
        "max_N": 640,
        "external_potential": "custom"
    },
    "simulation_params": {
        "EPS_TRANS": 0.05,
        "ROT_RATIO": 0.3,
        "K_MAX": 10,
        "sample_interval": 5,
        "sample_time": 40000,
        "sample_block": 4,
        "dz": 0.02
    },
    "Vext_params": {
        "potential_type": "custom",
        "An": [
            0.8174667319249332,
            -2.0995044249955317,
            -1.4605239411904247,
            -1.4857863948635053
        ],
        "phi_n": [
            5.831876385201467,
            5.454807731881588,
            2.4427193365596236,
            4.3246624548263055
        ],
        "Vlin_par": [
            [
                -4.6089844387085,
                0.33538493015144843,
                1.3053263332951386,
                0.22015687739520157
            ],
            [
                -2.015268982769098,
                2.3611780072181094,
                0.6625644959783663,
                -0.6888433699336662
            ]
        ],
        "x_tar": [
            [
                10.297124995678296,
                16.94912677615228,
                2.6385401943527276,
                3.574955274764955
            ],
            [
                17.06687654516074,
                17.523926282156253,
                5.471023329584859,
                18.231612558863336
            ]
        ],
        "C": 0.2
    },
    "output_params": {
        "output_dir": "output/OUT_config_0501_M8_Trivial_H20.0_mu5.58",
        "output_prefix": "mc_sim_Trivial_H20.0_mub5.58_M8"
    }
}