{
    "input_params": {
        "polymer_type": "Ring",
        "knot_type": "Trivial",
        "configuration": "input/init_config_Z/TrivialN64M8H20.00rho0.10.dat",
        "mu_b": -0.8817175927795364,
        "M": 8,
        "init_N": 64,
        "rho_b": 0.1,
        "box_xy": 16.0,
        "H": 20.0,
        "rcut": 1.0,
        "max_N": 640,
        "external_potential": "custom"
    },
    "simulation_params": {
        "EPS_TRANS": 0.05,
        "ROT_RATIO": 0.3,
        "K_MAX": 10,
        "sample_interval": 5,
        "sample_time": 40000,
        "sample_block": 4,
        "dz": 0.02
    },
    "Vext_params": {
        "potential_type": "custom",
        "An": [
            -3.5173649105754463,
            2.0139358666641325,
            -0.21556376032657923,
            1.459213015917242
        ],
        "phi_n": [
            0.3121682178085315,
            6.0517058855088885,
            6.281635169744519,
            4.1377128829205
        ],
        "Vlin_par": [
            [
                4.637515081936579,
                3.2959833833513628,
                -0.8933468498473657,
                -2.2523787157343698
            ],
            [
                2.1503102640133385,
                3.840911293107633,
                -0.06005390042203839,
                -3.8522101267906663
            ]
        ],
        "x_tar": [
            [
                10.456031398450191,
                11.145300042841377,
                17.603650532715392,
                6.785756150704718
            ],
            [
                16.173998667400067,
                17.087448093829547,
                19.999752875183617,
                18.99735812157817
            ]
        ],
        "C": 0.2
    },
    "output_params": {
        "output_dir": "output/OUT_config_0543_M8_Trivial_H20.0_mu-0.88",
        "output_prefix": "mc_sim_Trivial_H20.0_mub-0.88_M8"
    }
}