{
    "input_params": {
        "polymer_type": "Ring",
        "knot_type": "Trivial",
        "configuration": "input/init_config_Z/TrivialN64M8H20.00rho0.10.dat",
        "mu_b": 4.071884097794702,
        "M": 8,
        "init_N": 64,
        "rho_b": 0.1,
        "box_xy": 16.0,
        "H": 20.0,
        "rcut": 1.0,
        "max_N": 640,
        "external_potential": "custom"
    },
    "simulation_params": {
        "EPS_TRANS": 0.05,
        "ROT_RATIO": 0.3,
        "K_MAX": 10,
        "sample_interval": 5,
        "sample_time": 40000,
        "sample_block": 4,
        "dz": 0.02
    },
    "Vext_params": {
        "potential_type": "custom",
        "An": [
            -2.513613552894533,
            0.4326038211163344,
            0.306586075166184,
            0.24384940159772672
        ],
        "phi_n": [
            0.4303837525378805,
            1.5146861417333906,
            3.0808404083879464,
            5.916012664228963
        ],
        "Vlin_par": [
            [
                -0.8293485302019208,
                -1.8806991052462092,
                1.7153225493639699,
                -2.030171058201144
            ],
            [
                -2.2966608117842098,
                2.706755171952178,
                -0.06022691353120023,
                1.59500123053275
            ]
        ],
        "x_tar": [
            [
                5.683788829436427,
                5.223302914205954,
                6.375716760842021,
                2.431197293881666
            ],
            [
                18.32676498055038,
                19.950475138329946,
                11.094144733186141,
                7.650677792662575
            ]
        ],
        "C": 0.2
    },
    "output_params": {
        "output_dir": "output/OUT_config_0401_M8_Trivial_H20.0_mu4.07",
        "output_prefix": "mc_sim_Trivial_H20.0_mub4.07_M8"
    }
}