{
    "input_params": {
        "polymer_type": "Ring",
        "knot_type": "Trivial",
        "configuration": "input/init_config_Z/TrivialN64M8H20.00rho0.10.dat",
        "mu_b": 5.900963876931841,
        "M": 8,
        "init_N": 64,
        "rho_b": 0.1,
        "box_xy": 16.0,
        "H": 20.0,
        "rcut": 1.0,
        "max_N": 640,
        "external_potential": "custom"
    },
    "simulation_params": {
        "EPS_TRANS": 0.05,
        "ROT_RATIO": 0.3,
        "K_MAX": 10,
        "sample_interval": 5,
        "sample_time": 40000,
        "sample_block": 4,
        "dz": 0.02
    },
    "Vext_params": {
        "potential_type": "custom",
        "An": [
            1.3742862323199696,
            1.0237887271608324,
            0.26859189760931257,
            2.3288057646699007
        ],
        "phi_n": [
            6.255629174687751,
            0.25297516183490165,
            5.197541928883492,
            6.069962565049635
        ],
        "Vlin_par": [
            [
                -1.035867355679481,
                -4.2615066791179235,
                1.0114348560443944,
                2.2414094504157074
            ],
            [
                1.6035943203884537,
                1.914838182509672,
                -2.817861362751152,
                2.3257236096861935
            ]
        ],
        "x_tar": [
            [
                0.178367802420063,
                1.2458867270342844,
                5.912155421630647,
                0.5023467037059337
            ],
            [
                1.3231323688365348,
                11.15822600632862,
                7.562015908561069,
                10.405245167961152
            ]
        ],
        "C": 0.2
    },
    "output_params": {
        "output_dir": "output/OUT_config_0380_M8_Trivial_H20.0_mu5.90",
        "output_prefix": "mc_sim_Trivial_H20.0_mub5.90_M8"
    }
}