{
    "input_params": {
        "polymer_type": "Ring",
        "knot_type": "Trivial",
        "configuration": "input/init_config_Z/TrivialN64M8H20.00rho0.10.dat",
        "mu_b": 1.6766995408795968,
        "M": 8,
        "init_N": 64,
        "rho_b": 0.1,
        "box_xy": 16.0,
        "H": 20.0,
        "rcut": 1.0,
        "max_N": 640,
        "external_potential": "custom"
    },
    "simulation_params": {
        "EPS_TRANS": 0.05,
        "ROT_RATIO": 0.3,
        "K_MAX": 10,
        "sample_interval": 5,
        "sample_time": 40000,
        "sample_block": 4,
        "dz": 0.02
    },
    "Vext_params": {
        "potential_type": "custom",
        "An": [
            0.83079290054805,
            -0.6191459251654746,
            0.08509664208175617,
            -0.3202540004348237
        ],
        "phi_n": [
            5.740305442125401,
            1.86804286511029,
            1.6713618043469498,
            0.3121492409200231
        ],
        "Vlin_par": [
            [
                -0.5291835871446475,
                -2.1858096234670223,
                0.9573170995336515,
                0.5509978677835106
            ],
            [
                -0.19094505875977896,
                1.0789672816525497,
                -2.460558580872412,
                1.2661801620910524
            ]
        ],
        "x_tar": [
            [
                8.748994383772295,
                4.574146740619646,
                16.678438921224878,
                0.7735490253646682
            ],
            [
                15.792637409330306,
                19.648888530853817,
                18.61824482761959,
                8.478705009462184
            ]
        ],
        "C": 0.2
    },
    "output_params": {
        "output_dir": "output/OUT_config_0216_M8_Trivial_H20.0_mu1.68",
        "output_prefix": "mc_sim_Trivial_H20.0_mub1.68_M8"
    }
}