{
    "input_params": {
        "polymer_type": "Ring",
        "knot_type": "Trivial",
        "configuration": "input/init_config_Z/TrivialN64M8H20.00rho0.10.dat",
        "mu_b": 2.349442251162241,
        "M": 8,
        "init_N": 64,
        "rho_b": 0.1,
        "box_xy": 16.0,
        "H": 20.0,
        "rcut": 1.0,
        "max_N": 640,
        "external_potential": "custom"
    },
    "simulation_params": {
        "EPS_TRANS": 0.05,
        "ROT_RATIO": 0.3,
        "K_MAX": 10,
        "sample_interval": 5,
        "sample_time": 40000,
        "sample_block": 4,
        "dz": 0.02
    },
    "Vext_params": {
        "potential_type": "custom",
        "An": [
            1.1141802707843156,
            0.3858467593686315,
            0.3380423500900056,
            0.9220751604071824
        ],
        "phi_n": [
            1.5429490291752335,
            0.24401187911479386,
            1.0974497589673018,
            5.9372068978741375
        ],
        "Vlin_par": [
            [
                -0.8166927254058854,
                -0.4055833970522482,
                -0.0478506501229912,
                0.5045648745004154
            ],
            [
                -1.6161067628800785,
                0.97533701184661,
                0.3690029254767498,
                3.0230110272920507
            ]
        ],
        "x_tar": [
            [
                2.393512355358274,
                7.99377947634297,
                7.166869315912631,
                3.580526039310734
            ],
            [
                16.61662476082136,
                10.764862340590092,
                14.81984320416066,
                18.18035054696617
            ]
        ],
        "C": 0.2
    },
    "output_params": {
        "output_dir": "output/OUT_config_0274_M8_Trivial_H20.0_mu2.35",
        "output_prefix": "mc_sim_Trivial_H20.0_mub2.35_M8"
    }
}