{
    "input_params": {
        "polymer_type": "Ring",
        "knot_type": "Trivial",
        "configuration": "input/init_config_Z/TrivialN64M8H20.00rho0.10.dat",
        "mu_b": 2.7429376001604275,
        "M": 8,
        "init_N": 64,
        "rho_b": 0.1,
        "box_xy": 16.0,
        "H": 20.0,
        "rcut": 1.0,
        "max_N": 640,
        "external_potential": "custom"
    },
    "simulation_params": {
        "EPS_TRANS": 0.05,
        "ROT_RATIO": 0.3,
        "K_MAX": 10,
        "sample_interval": 5,
        "sample_time": 40000,
        "sample_block": 4,
        "dz": 0.02
    },
    "Vext_params": {
        "potential_type": "custom",
        "An": [
            -0.8547177845568328,
            -0.8522980180016753,
            2.314932975788533,
            1.7058663752403898
        ],
        "phi_n": [
            5.355369035254308,
            3.5772030474837524,
            1.224915644419875,
            5.4319272627198085
        ],
        "Vlin_par": [
            [
                -1.9938660496371239,
                -1.9698564425487506,
                1.070746446411226,
                -1.4855588382389502
            ],
            [
                2.2267790759079227,
                1.2931127945494334,
                -1.8989212814451604,
                -0.732729266278839
            ]
        ],
        "x_tar": [
            [
                5.897649242804439,
                7.898857896440983,
                0.517842429056059,
                6.023426975845931
            ],
            [
                18.81390040119486,
                11.449907230604019,
                0.5787839220457314,
                18.160101700199462
            ]
        ],
        "C": 0.2
    },
    "output_params": {
        "output_dir": "output/OUT_config_0348_M8_Trivial_H20.0_mu2.74",
        "output_prefix": "mc_sim_Trivial_H20.0_mub2.74_M8"
    }
}