{
    "input_params": {
        "polymer_type": "Ring",
        "knot_type": "Trivial",
        "configuration": "input/init_config_Z/TrivialN64M8H20.00rho0.10.dat",
        "mu_b": 4.911516653000572,
        "M": 8,
        "init_N": 64,
        "rho_b": 0.1,
        "box_xy": 16.0,
        "H": 20.0,
        "rcut": 1.0,
        "max_N": 640,
        "external_potential": "custom"
    },
    "simulation_params": {
        "EPS_TRANS": 0.05,
        "ROT_RATIO": 0.3,
        "K_MAX": 10,
        "sample_interval": 5,
        "sample_time": 40000,
        "sample_block": 4,
        "dz": 0.02
    },
    "Vext_params": {
        "potential_type": "custom",
        "An": [
            -0.3682312808670526,
            1.6007488598218131,
            0.8632468210712457,
            1.4149053218930419
        ],
        "phi_n": [
            2.511097844312997,
            5.605418157051062,
            1.5500761559535354,
            5.315585173320932
        ],
        "Vlin_par": [
            [
                1.761704221195223,
                1.2548442681660867,
                -0.3386272821393323,
                3.7329847286964
            ],
            [
                1.6812506267189111,
                0.1326093425919982,
                0.4935313974840941,
                2.429816563024431
            ]
        ],
        "x_tar": [
            [
                0.9859811682976227,
                13.30638837189386,
                3.3251380976475775,
                1.3795430150699328
            ],
            [
                11.639688195191818,
                17.587173120124618,
                6.666518287026637,
                10.623181287139293
            ]
        ],
        "C": 0.2
    },
    "output_params": {
        "output_dir": "output/OUT_config_0280_M8_Trivial_H20.0_mu4.91",
        "output_prefix": "mc_sim_Trivial_H20.0_mub4.91_M8"
    }
}