{
    "input_params": {
        "polymer_type": "Ring",
        "knot_type": "Trivial",
        "configuration": "input/init_config_Z/TrivialN64M8H20.00rho0.10.dat",
        "mu_b": 5.416326896996559,
        "M": 8,
        "init_N": 64,
        "rho_b": 0.1,
        "box_xy": 16.0,
        "H": 20.0,
        "rcut": 1.0,
        "max_N": 640,
        "external_potential": "custom"
    },
    "simulation_params": {
        "EPS_TRANS": 0.05,
        "ROT_RATIO": 0.3,
        "K_MAX": 10,
        "sample_interval": 5,
        "sample_time": 40000,
        "sample_block": 4,
        "dz": 0.02
    },
    "Vext_params": {
        "potential_type": "custom",
        "An": [
            1.6008368668046307,
            -1.9737100035473858,
            -1.1052245908993499,
            3.2889688115092364
        ],
        "phi_n": [
            0.2229502483638317,
            0.7222619222477079,
            1.2984627718413133,
            5.483799631544846
        ],
        "Vlin_par": [
            [
                -2.472669193682883,
                -1.0238495649147927,
                -1.9647333976747683,
                3.3600142857866335
            ],
            [
                0.5986187930948837,
                1.720157816161074,
                -0.9550593587340854,
                -0.686760243615432
            ]
        ],
        "x_tar": [
            [
                7.777848779330315,
                1.754377737930981,
                4.319254826730107,
                15.28155951773333
            ],
            [
                12.745957259769876,
                3.8997563409815017,
                19.69889019371492,
                16.020654486301357
            ]
        ],
        "C": 0.2
    },
    "output_params": {
        "output_dir": "output/OUT_config_0504_M8_Trivial_H20.0_mu5.42",
        "output_prefix": "mc_sim_Trivial_H20.0_mub5.42_M8"
    }
}