{
    "input_params": {
        "polymer_type": "Ring",
        "knot_type": "Trivial",
        "configuration": "input/init_config_Z/TrivialN64M8H20.00rho0.10.dat",
        "mu_b": 0.444884046859805,
        "M": 8,
        "init_N": 64,
        "rho_b": 0.1,
        "box_xy": 16.0,
        "H": 20.0,
        "rcut": 1.0,
        "max_N": 640,
        "external_potential": "custom"
    },
    "simulation_params": {
        "EPS_TRANS": 0.05,
        "ROT_RATIO": 0.3,
        "K_MAX": 10,
        "sample_interval": 5,
        "sample_time": 40000,
        "sample_block": 4,
        "dz": 0.02
    },
    "Vext_params": {
        "potential_type": "custom",
        "An": [
            0.9733605722519494,
            -1.3286540841912577,
            -1.8363620916003836,
            -0.20155418198205452
        ],
        "phi_n": [
            3.2935201645439536,
            5.192529219807614,
            6.277136119076755,
            4.7702167416605
        ],
        "Vlin_par": [
            [
                5.244814054966268,
                -0.29442991658036594,
                -3.572569330483914,
                2.085520247920905
            ],
            [
                -3.2113987015985748,
                1.6822960470841046,
                -1.164796017866429,
                -2.943866800962145
            ]
        ],
        "x_tar": [
            [
                16.77902068497581,
                9.41973695249223,
                1.0642244527843725,
                8.99754811394162
            ],
            [
                18.37057478788639,
                9.66272711118622,
                8.94985496733041,
                10.8099789451537
            ]
        ],
        "C": 0.2
    },
    "output_params": {
        "output_dir": "output/OUT_config_0556_M8_Trivial_H20.0_mu0.44",
        "output_prefix": "mc_sim_Trivial_H20.0_mub0.44_M8"
    }
}