{
    "input_params": {
        "polymer_type": "Ring",
        "knot_type": "Trivial",
        "configuration": "input/init_config_Z/TrivialN64M8H20.00rho0.10.dat",
        "mu_b": 0.6451920451360964,
        "M": 8,
        "init_N": 64,
        "rho_b": 0.1,
        "box_xy": 16.0,
        "H": 20.0,
        "rcut": 1.0,
        "max_N": 640,
        "external_potential": "custom"
    },
    "simulation_params": {
        "EPS_TRANS": 0.05,
        "ROT_RATIO": 0.3,
        "K_MAX": 10,
        "sample_interval": 5,
        "sample_time": 40000,
        "sample_block": 4,
        "dz": 0.02
    },
    "Vext_params": {
        "potential_type": "custom",
        "An": [
            -1.7528366667528723,
            -0.8335166766384072,
            -2.1001207404863784,
            1.2471332905192964
        ],
        "phi_n": [
            1.3586673862289917,
            0.7746919169186132,
            2.9889987254553985,
            5.167386770946356
        ],
        "Vlin_par": [
            [
                -1.0416009642063273,
                -2.227793236703283,
                -0.4766456734752059,
                0.3503277525557376
            ],
            [
                -1.4637876272282722,
                -1.763312566967466,
                -2.3600704346994466,
                -0.49938596936177576
            ]
        ],
        "x_tar": [
            [
                5.815474659539504,
                10.493171902498586,
                6.661704065710195,
                8.133397473294824
            ],
            [
                17.845685298788748,
                14.597238996128132,
                19.715295943123937,
                19.12440712189034
            ]
        ],
        "C": 0.2
    },
    "output_params": {
        "output_dir": "output/OUT_config_0022_M8_Trivial_H20.0_mu0.65",
        "output_prefix": "mc_sim_Trivial_H20.0_mub0.65_M8"
    }
}