{
    "input_params": {
        "polymer_type": "Ring",
        "knot_type": "Trivial",
        "configuration": "input/init_config_Z/TrivialN64M8H20.00rho0.10.dat",
        "mu_b": 3.763668448553026,
        "M": 8,
        "init_N": 64,
        "rho_b": 0.1,
        "box_xy": 16.0,
        "H": 20.0,
        "rcut": 1.0,
        "max_N": 640,
        "external_potential": "custom"
    },
    "simulation_params": {
        "EPS_TRANS": 0.05,
        "ROT_RATIO": 0.3,
        "K_MAX": 10,
        "sample_interval": 5,
        "sample_time": 40000,
        "sample_block": 4,
        "dz": 0.02
    },
    "Vext_params": {
        "potential_type": "custom",
        "An": [
            -0.5353379023009741,
            0.11490467971442779,
            0.7659727672457917,
            -1.2399319962578792
        ],
        "phi_n": [
            2.900427493995725,
            3.244268706956226,
            5.890090639516885,
            2.0840305425784513
        ],
        "Vlin_par": [
            [
                -1.6584445328025996,
                -1.1005305748648042,
                0.6742878231945042,
                0.28146819154787817
            ],
            [
                -0.18514645947288394,
                1.1615596201369232,
                1.837071367730541,
                1.4414675608938226
            ]
        ],
        "x_tar": [
            [
                2.6469988857575877,
                15.403157314759603,
                11.043586000062573,
                12.820663390901974
            ],
            [
                11.196326573406791,
                19.53583356403018,
                18.898140316499475,
                16.1170548302951
            ]
        ],
        "C": 0.2
    },
    "output_params": {
        "output_dir": "output/OUT_config_0171_M8_Trivial_H20.0_mu3.76",
        "output_prefix": "mc_sim_Trivial_H20.0_mub3.76_M8"
    }
}