{
    "input_params": {
        "polymer_type": "Ring",
        "knot_type": "Trivial",
        "configuration": "input/init_config_Z/TrivialN64M8H20.00rho0.10.dat",
        "mu_b": 0.5816077316873909,
        "M": 8,
        "init_N": 64,
        "rho_b": 0.1,
        "box_xy": 16.0,
        "H": 20.0,
        "rcut": 1.0,
        "max_N": 640,
        "external_potential": "custom"
    },
    "simulation_params": {
        "EPS_TRANS": 0.05,
        "ROT_RATIO": 0.3,
        "K_MAX": 10,
        "sample_interval": 5,
        "sample_time": 40000,
        "sample_block": 4,
        "dz": 0.02
    },
    "Vext_params": {
        "potential_type": "custom",
        "An": [
            1.2471754523640195,
            0.4305555144773152,
            1.6888680453192915,
            -1.1348124323934876
        ],
        "phi_n": [
            2.508174160709701,
            2.1943250303083945,
            3.0131120444283495,
            1.4534920791899661
        ],
        "Vlin_par": [
            [
                -0.06513964407904665,
                2.507824766506353,
                -1.2879151491548175,
                -0.1455575511791076
            ],
            [
                -0.7270236953930991,
                0.1367630608549023,
                0.041618353641696214,
                0.15964871068345507
            ]
        ],
        "x_tar": [
            [
                2.8573449478619817,
                16.169462393410242,
                13.691696923292556,
                11.208060186603719
            ],
            [
                13.540080999546532,
                16.702375382675534,
                19.053928755326787,
                12.129138759166512
            ]
        ],
        "C": 0.2
    },
    "output_params": {
        "output_dir": "output/OUT_config_0294_M8_Trivial_H20.0_mu0.58",
        "output_prefix": "mc_sim_Trivial_H20.0_mub0.58_M8"
    }
}