{
    "input_params": {
        "polymer_type": "Ring",
        "knot_type": "Trivial",
        "configuration": "input/init_config_Z/TrivialN64M8H20.00rho0.10.dat",
        "mu_b": 4.643564286660533,
        "M": 8,
        "init_N": 64,
        "rho_b": 0.1,
        "box_xy": 16.0,
        "H": 20.0,
        "rcut": 1.0,
        "max_N": 640,
        "external_potential": "custom"
    },
    "simulation_params": {
        "EPS_TRANS": 0.05,
        "ROT_RATIO": 0.3,
        "K_MAX": 10,
        "sample_interval": 5,
        "sample_time": 40000,
        "sample_block": 4,
        "dz": 0.02
    },
    "Vext_params": {
        "potential_type": "custom",
        "An": [
            0.28042228018594406,
            -1.7523955534801796,
            -0.4392837980643451,
            1.8573945888969576
        ],
        "phi_n": [
            1.6705367411325878,
            4.107569963533413,
            5.8930911668725665,
            0.7798289271267025
        ],
        "Vlin_par": [
            [
                1.024645690677523,
                -0.41651329509658974,
                2.9102918781304745,
                -2.1759780162948257
            ],
            [
                1.9144651841404792,
                -1.7581274042088313,
                1.0740326533120164,
                0.9166857297915263
            ]
        ],
        "x_tar": [
            [
                1.6430941075352745,
                3.7686567871750443,
                11.707729445210742,
                6.2032231620118665
            ],
            [
                7.891521094434246,
                9.834246069424228,
                16.168627396300217,
                14.277322664009713
            ]
        ],
        "C": 0.2
    },
    "output_params": {
        "output_dir": "output/OUT_config_0438_M8_Trivial_H20.0_mu4.64",
        "output_prefix": "mc_sim_Trivial_H20.0_mub4.64_M8"
    }
}