{
    "input_params": {
        "polymer_type": "Ring",
        "knot_type": "Trivial",
        "configuration": "input/init_config_Z/TrivialN64M8H20.00rho0.10.dat",
        "mu_b": 1.6130260847823954,
        "M": 8,
        "init_N": 64,
        "rho_b": 0.1,
        "box_xy": 16.0,
        "H": 20.0,
        "rcut": 1.0,
        "max_N": 640,
        "external_potential": "custom"
    },
    "simulation_params": {
        "EPS_TRANS": 0.05,
        "ROT_RATIO": 0.3,
        "K_MAX": 10,
        "sample_interval": 5,
        "sample_time": 40000,
        "sample_block": 4,
        "dz": 0.02
    },
    "Vext_params": {
        "potential_type": "custom",
        "An": [
            1.3508673236802902,
            -3.924256001565721,
            1.3112375383286101,
            1.9230864725717116
        ],
        "phi_n": [
            0.6208431183893159,
            1.19974613421433,
            5.948187312967679,
            4.959445515359046
        ],
        "Vlin_par": [
            [
                1.6518070850048658,
                2.875303640733933,
                -0.8902847846175108,
                -1.6038627522842364
            ],
            [
                0.07669192148780711,
                0.2472358205781346,
                -1.8399653872426989,
                -0.3993499828888336
            ]
        ],
        "x_tar": [
            [
                0.35906071312939325,
                8.803141278849013,
                2.6315627340724834,
                5.080497538052233
            ],
            [
                7.12386518921811,
                14.798470879574312,
                5.488991154466132,
                6.715462636474216
            ]
        ],
        "C": 0.2
    },
    "output_params": {
        "output_dir": "output/OUT_config_0377_M8_Trivial_H20.0_mu1.61",
        "output_prefix": "mc_sim_Trivial_H20.0_mub1.61_M8"
    }
}