{
    "input_params": {
        "polymer_type": "Ring",
        "knot_type": "Trivial",
        "configuration": "input/init_config_Z/TrivialN64M8H20.00rho0.10.dat",
        "mu_b": 5.203549280079733,
        "M": 8,
        "init_N": 64,
        "rho_b": 0.1,
        "box_xy": 16.0,
        "H": 20.0,
        "rcut": 1.0,
        "max_N": 640,
        "external_potential": "custom"
    },
    "simulation_params": {
        "EPS_TRANS": 0.05,
        "ROT_RATIO": 0.3,
        "K_MAX": 10,
        "sample_interval": 5,
        "sample_time": 40000,
        "sample_block": 4,
        "dz": 0.02
    },
    "Vext_params": {
        "potential_type": "custom",
        "An": [
            0.7902396441740466,
            -1.4514063497332463,
            -0.06319064332674315,
            2.4051238566292734
        ],
        "phi_n": [
            2.042295535738657,
            3.7941399778679914,
            4.47992415139969,
            5.074681411849433
        ],
        "Vlin_par": [
            [
                0.4104279996351094,
                6.1318217409200395,
                1.3608470403483501,
                1.6277266640956933
            ],
            [
                -1.292650322475541,
                1.0135091358783415,
                -5.3312898925945955,
                2.103705003211366
            ]
        ],
        "x_tar": [
            [
                16.204860948262315,
                3.9638947535051527,
                11.98435290509109,
                8.249382902197869
            ],
            [
                18.46282769841711,
                4.85039032216243,
                18.00872659497098,
                8.828305158151757
            ]
        ],
        "C": 0.2
    },
    "output_params": {
        "output_dir": "output/OUT_config_0172_M8_Trivial_H20.0_mu5.20",
        "output_prefix": "mc_sim_Trivial_H20.0_mub5.20_M8"
    }
}