{
    "input_params": {
        "polymer_type": "Ring",
        "knot_type": "Trivial",
        "configuration": "input/init_config_Z/TrivialN64M8H20.00rho0.10.dat",
        "mu_b": 2.854036975742062,
        "M": 8,
        "init_N": 64,
        "rho_b": 0.1,
        "box_xy": 16.0,
        "H": 20.0,
        "rcut": 1.0,
        "max_N": 640,
        "external_potential": "custom"
    },
    "simulation_params": {
        "EPS_TRANS": 0.05,
        "ROT_RATIO": 0.3,
        "K_MAX": 10,
        "sample_interval": 5,
        "sample_time": 40000,
        "sample_block": 4,
        "dz": 0.02
    },
    "Vext_params": {
        "potential_type": "custom",
        "An": [
            -0.7693592161603541,
            1.3107211185208143,
            -0.7780629829281638,
            -2.415351304659461
        ],
        "phi_n": [
            5.121728156537001,
            0.3789410198131206,
            4.777359153243833,
            3.583774440082737
        ],
        "Vlin_par": [
            [
                -0.4280545619605757,
                0.09010010550095028,
                -0.8176017466354316,
                2.3441601394602416
            ],
            [
                1.034807389146796,
                -3.3406735946448087,
                -2.008065375522222,
                0.2547608215739826
            ]
        ],
        "x_tar": [
            [
                9.340339702616607,
                7.494044092399137,
                3.5261217924428867,
                4.186677044421636
            ],
            [
                19.277116984985156,
                8.97009364484786,
                4.793918344220966,
                13.767748491131888
            ]
        ],
        "C": 0.2
    },
    "output_params": {
        "output_dir": "output/OUT_config_0146_M8_Trivial_H20.0_mu2.85",
        "output_prefix": "mc_sim_Trivial_H20.0_mub2.85_M8"
    }
}