{
    "input_params": {
        "polymer_type": "Ring",
        "knot_type": "Trivial",
        "configuration": "input/init_config_Z/TrivialN64M8H20.00rho0.10.dat",
        "mu_b": 0.02002398658234883,
        "M": 8,
        "init_N": 64,
        "rho_b": 0.1,
        "box_xy": 16.0,
        "H": 20.0,
        "rcut": 1.0,
        "max_N": 640,
        "external_potential": "custom"
    },
    "simulation_params": {
        "EPS_TRANS": 0.05,
        "ROT_RATIO": 0.3,
        "K_MAX": 10,
        "sample_interval": 5,
        "sample_time": 40000,
        "sample_block": 4,
        "dz": 0.02
    },
    "Vext_params": {
        "potential_type": "custom",
        "An": [
            0.0220680603900469,
            -0.7144420905747885,
            -2.559311526571913,
            0.8884171928340315
        ],
        "phi_n": [
            0.34606114312637465,
            5.8365157531465055,
            1.29027861123341,
            3.957979337380264
        ],
        "Vlin_par": [
            [
                -1.6152410706886995,
                -1.3694710115915514,
                -0.7200884178074664,
                -2.4090145124333233
            ],
            [
                2.007346750350535,
                0.48263854992866895,
                1.3308625742591098,
                1.1863172603429923
            ]
        ],
        "x_tar": [
            [
                4.3796938811827,
                2.3762544256141216,
                4.643928117612683,
                2.9714989688357063
            ],
            [
                14.442734024471164,
                13.622968316586547,
                8.469661885643763,
                6.11132670517045
            ]
        ],
        "C": 0.2
    },
    "output_params": {
        "output_dir": "output/OUT_config_0524_M8_Trivial_H20.0_mu0.02",
        "output_prefix": "mc_sim_Trivial_H20.0_mub0.02_M8"
    }
}