{
    "input_params": {
        "polymer_type": "Ring",
        "knot_type": "Trivial",
        "configuration": "input/init_config_Z/TrivialN64M8H20.00rho0.10.dat",
        "mu_b": -0.9298570846114056,
        "M": 8,
        "init_N": 64,
        "rho_b": 0.1,
        "box_xy": 16.0,
        "H": 20.0,
        "rcut": 1.0,
        "max_N": 640,
        "external_potential": "custom"
    },
    "simulation_params": {
        "EPS_TRANS": 0.05,
        "ROT_RATIO": 0.3,
        "K_MAX": 10,
        "sample_interval": 5,
        "sample_time": 40000,
        "sample_block": 4,
        "dz": 0.02
    },
    "Vext_params": {
        "potential_type": "custom",
        "An": [
            -0.9244560775207121,
            2.1063433681098287,
            -0.7916616604216833,
            -1.2221112422471372
        ],
        "phi_n": [
            5.315057108810968,
            2.2871287378472402,
            2.6820802143448135,
            0.2546469981787131
        ],
        "Vlin_par": [
            [
                -0.4741564247795011,
                1.1899625638684665,
                -0.7383665590544278,
                0.7817726306933265
            ],
            [
                1.5473769556190125,
                1.062343253458229,
                -1.4019948329457461,
                0.3331565903989202
            ]
        ],
        "x_tar": [
            [
                8.525457993021956,
                11.624754301888354,
                4.806937891655627,
                9.016384587036372
            ],
            [
                17.333493383477325,
                13.477947720813312,
                5.5587812632332945,
                18.20640491575061
            ]
        ],
        "C": 0.2
    },
    "output_params": {
        "output_dir": "output/OUT_config_0234_M8_Trivial_H20.0_mu-0.93",
        "output_prefix": "mc_sim_Trivial_H20.0_mub-0.93_M8"
    }
}