{
    "input_params": {
        "polymer_type": "Ring",
        "knot_type": "Trivial",
        "configuration": "input/init_config_Z/TrivialN64M8H20.00rho0.10.dat",
        "mu_b": 2.6103988591224887,
        "M": 8,
        "init_N": 64,
        "rho_b": 0.1,
        "box_xy": 16.0,
        "H": 20.0,
        "rcut": 1.0,
        "max_N": 640,
        "external_potential": "custom"
    },
    "simulation_params": {
        "EPS_TRANS": 0.05,
        "ROT_RATIO": 0.3,
        "K_MAX": 10,
        "sample_interval": 5,
        "sample_time": 40000,
        "sample_block": 4,
        "dz": 0.02
    },
    "Vext_params": {
        "potential_type": "custom",
        "An": [
            0.194089224864218,
            -1.582961646344463,
            -0.15644072875382276,
            0.6059152689952305
        ],
        "phi_n": [
            3.0195592012463974,
            1.7615960179802825,
            2.6744331844460754,
            4.7505480912873965
        ],
        "Vlin_par": [
            [
                -1.0368248075224908,
                4.75539772492498,
                0.320783235648592,
                0.8214934817241492
            ],
            [
                -1.9045586034844193,
                1.9966209361496758,
                -0.4293595429006742,
                2.72694388493971
            ]
        ],
        "x_tar": [
            [
                6.589551537783656,
                6.188728737600746,
                5.591582616312348,
                1.791040236508259
            ],
            [
                19.508143863671012,
                16.47309570258856,
                13.56892672482056,
                9.80738549151994
            ]
        ],
        "C": 0.2
    },
    "output_params": {
        "output_dir": "output/OUT_config_0241_M8_Trivial_H20.0_mu2.61",
        "output_prefix": "mc_sim_Trivial_H20.0_mub2.61_M8"
    }
}