{
    "input_params": {
        "polymer_type": "Ring",
        "knot_type": "Trivial",
        "configuration": "input/init_config_Z/TrivialN64M8H20.00rho0.10.dat",
        "mu_b": 5.423846061181996,
        "M": 8,
        "init_N": 64,
        "rho_b": 0.1,
        "box_xy": 16.0,
        "H": 20.0,
        "rcut": 1.0,
        "max_N": 640,
        "external_potential": "custom"
    },
    "simulation_params": {
        "EPS_TRANS": 0.05,
        "ROT_RATIO": 0.3,
        "K_MAX": 10,
        "sample_interval": 5,
        "sample_time": 40000,
        "sample_block": 4,
        "dz": 0.02
    },
    "Vext_params": {
        "potential_type": "custom",
        "An": [
            -0.3849267412936559,
            0.5690126955175789,
            -0.6582601805572366,
            -0.9410265846675855
        ],
        "phi_n": [
            2.8697340074123465,
            1.9853301648069868,
            3.7055166680451825,
            3.6167455091123424
        ],
        "Vlin_par": [
            [
                -4.032486077764213,
                -0.9354764576584607,
                0.4808858985302059,
                0.6079001504032329
            ],
            [
                0.2405433062718783,
                1.4477853573398007,
                1.1954725804784538,
                -0.8358387347394074
            ]
        ],
        "x_tar": [
            [
                0.24652984247375498,
                8.7019997347318,
                3.119395421506046,
                2.994721879644573
            ],
            [
                9.902292898281068,
                18.308318455076517,
                9.624495140338103,
                12.718025121094707
            ]
        ],
        "C": 0.2
    },
    "output_params": {
        "output_dir": "output/OUT_config_0142_M8_Trivial_H20.0_mu5.42",
        "output_prefix": "mc_sim_Trivial_H20.0_mub5.42_M8"
    }
}