{
    "input_params": {
        "polymer_type": "Ring",
        "knot_type": "Trivial",
        "configuration": "input/init_config_Z/TrivialN64M8H20.00rho0.10.dat",
        "mu_b": 2.9509960269841344,
        "M": 8,
        "init_N": 64,
        "rho_b": 0.1,
        "box_xy": 16.0,
        "H": 20.0,
        "rcut": 1.0,
        "max_N": 640,
        "external_potential": "custom"
    },
    "simulation_params": {
        "EPS_TRANS": 0.05,
        "ROT_RATIO": 0.3,
        "K_MAX": 10,
        "sample_interval": 5,
        "sample_time": 40000,
        "sample_block": 4,
        "dz": 0.02
    },
    "Vext_params": {
        "potential_type": "custom",
        "An": [
            -0.6210527339767806,
            -1.1940036511451855,
            -0.9357403591631237,
            1.107576841337845
        ],
        "phi_n": [
            0.8269599315728009,
            0.8499862601418741,
            0.7246924780606889,
            0.47808403821760936
        ],
        "Vlin_par": [
            [
                -3.8531442673160563,
                1.0182035683263244,
                0.3125639488045401,
                1.7162586289103254
            ],
            [
                1.8195663924837828,
                1.303028777490495,
                1.0631014849432965,
                0.31315786963840175
            ]
        ],
        "x_tar": [
            [
                8.778134255993875,
                10.901337278836243,
                0.07429033231235671,
                1.9707938796799263
            ],
            [
                8.928439385062646,
                14.988096681701856,
                4.124189779714651,
                11.991837352580834
            ]
        ],
        "C": 0.2
    },
    "output_params": {
        "output_dir": "output/OUT_config_0006_M8_Trivial_H20.0_mu2.95",
        "output_prefix": "mc_sim_Trivial_H20.0_mub2.95_M8"
    }
}