{
    "input_params": {
        "polymer_type": "Ring",
        "knot_type": "Trivial",
        "configuration": "input/init_config_Z/TrivialN64M8H20.00rho0.10.dat",
        "mu_b": 1.8681721950915429,
        "M": 8,
        "init_N": 64,
        "rho_b": 0.1,
        "box_xy": 16.0,
        "H": 20.0,
        "rcut": 1.0,
        "max_N": 640,
        "external_potential": "custom"
    },
    "simulation_params": {
        "EPS_TRANS": 0.05,
        "ROT_RATIO": 0.3,
        "K_MAX": 10,
        "sample_interval": 5,
        "sample_time": 40000,
        "sample_block": 4,
        "dz": 0.02
    },
    "Vext_params": {
        "potential_type": "custom",
        "An": [
            -1.0167558444668,
            -0.04762573287579761,
            -0.5260576998511961,
            -0.15589709379300012
        ],
        "phi_n": [
            2.59511955068506,
            1.0512557245274528,
            4.7423665577119385,
            3.674766777682556
        ],
        "Vlin_par": [
            [
                -1.3641714066820758,
                -1.192338836028015,
                1.3480976153845265,
                -1.510858160758812
            ],
            [
                0.8455616697770235,
                -0.22462255358187722,
                -2.0124394550353255,
                0.9145710535439555
            ]
        ],
        "x_tar": [
            [
                3.6324934944832377,
                3.7112959525705946,
                3.37139710564895,
                1.473504058540569
            ],
            [
                8.110876423409746,
                13.665083221497929,
                16.363520973182858,
                6.640336409520666
            ]
        ],
        "C": 0.2
    },
    "output_params": {
        "output_dir": "output/OUT_config_0464_M8_Trivial_H20.0_mu1.87",
        "output_prefix": "mc_sim_Trivial_H20.0_mub1.87_M8"
    }
}