{
    "input_params": {
        "polymer_type": "Ring",
        "knot_type": "Trivial",
        "configuration": "input/init_config_Z/TrivialN64M8H20.00rho0.10.dat",
        "mu_b": 1.6465034211153489,
        "M": 8,
        "init_N": 64,
        "rho_b": 0.1,
        "box_xy": 16.0,
        "H": 20.0,
        "rcut": 1.0,
        "max_N": 640,
        "external_potential": "custom"
    },
    "simulation_params": {
        "EPS_TRANS": 0.05,
        "ROT_RATIO": 0.3,
        "K_MAX": 10,
        "sample_interval": 5,
        "sample_time": 40000,
        "sample_block": 4,
        "dz": 0.02
    },
    "Vext_params": {
        "potential_type": "custom",
        "An": [
            -0.053997694795973605,
            -0.8946230891506363,
            0.053358188594785146,
            -0.43462425472495186
        ],
        "phi_n": [
            0.2304648020661027,
            3.760838423885807,
            5.067871993330145,
            3.6006279929489278
        ],
        "Vlin_par": [
            [
                0.4833969792803736,
                -0.27956467706360305,
                0.12013643234072455,
                1.2506477249748058
            ],
            [
                0.13192131284892533,
                -0.14529395378563534,
                -2.1067078406481854,
                3.1476827182725855
            ]
        ],
        "x_tar": [
            [
                3.942619714504263,
                6.878036562698724,
                11.276946317051772,
                8.089783267063082
            ],
            [
                8.12690141498642,
                13.823009694827855,
                15.920724559830665,
                14.03479847798936
            ]
        ],
        "C": 0.2
    },
    "output_params": {
        "output_dir": "output/OUT_config_0320_M8_Trivial_H20.0_mu1.65",
        "output_prefix": "mc_sim_Trivial_H20.0_mub1.65_M8"
    }
}