{
    "input_params": {
        "polymer_type": "Ring",
        "knot_type": "Trivial",
        "configuration": "input/init_config_Z/TrivialN64M8H20.00rho0.10.dat",
        "mu_b": -0.46871433074330326,
        "M": 8,
        "init_N": 64,
        "rho_b": 0.1,
        "box_xy": 16.0,
        "H": 20.0,
        "rcut": 1.0,
        "max_N": 640,
        "external_potential": "custom"
    },
    "simulation_params": {
        "EPS_TRANS": 0.05,
        "ROT_RATIO": 0.3,
        "K_MAX": 10,
        "sample_interval": 5,
        "sample_time": 40000,
        "sample_block": 4,
        "dz": 0.02
    },
    "Vext_params": {
        "potential_type": "custom",
        "An": [
            0.7522563199202562,
            0.8974181255642805,
            -3.806650066464095,
            0.32710184690752414
        ],
        "phi_n": [
            3.656974364950646,
            1.329716314388712,
            0.5693911392689238,
            3.9104974489959705
        ],
        "Vlin_par": [
            [
                -0.28453318975945335,
                1.9159789944599166,
                0.37118480711129376,
                1.1091002908859209
            ],
            [
                0.38626923669778435,
                -0.8613464940655382,
                -1.6977311397203527,
                1.8326763396391599
            ]
        ],
        "x_tar": [
            [
                15.272433680161727,
                6.308402544384151,
                4.812063165555922,
                3.6783552959770205
            ],
            [
                16.257671079992463,
                10.689881254404485,
                6.104925206033398,
                18.33294902908911
            ]
        ],
        "C": 0.2
    },
    "output_params": {
        "output_dir": "output/OUT_config_0379_M8_Trivial_H20.0_mu-0.47",
        "output_prefix": "mc_sim_Trivial_H20.0_mub-0.47_M8"
    }
}