{
    "input_params": {
        "polymer_type": "Ring",
        "knot_type": "Trivial",
        "configuration": "input/init_config_Z/TrivialN64M8H20.00rho0.10.dat",
        "mu_b": 2.6339969337647933,
        "M": 8,
        "init_N": 64,
        "rho_b": 0.1,
        "box_xy": 16.0,
        "H": 20.0,
        "rcut": 1.0,
        "max_N": 640,
        "external_potential": "custom"
    },
    "simulation_params": {
        "EPS_TRANS": 0.05,
        "ROT_RATIO": 0.3,
        "K_MAX": 10,
        "sample_interval": 5,
        "sample_time": 40000,
        "sample_block": 4,
        "dz": 0.02
    },
    "Vext_params": {
        "potential_type": "custom",
        "An": [
            -1.7568260820541133,
            1.4177579670807008,
            3.5425428495461966,
            2.2046692956887095
        ],
        "phi_n": [
            2.4760385710091786,
            1.1295557622310115,
            5.385299664062816,
            6.065978034614262
        ],
        "Vlin_par": [
            [
                0.7787149190593321,
                -0.2910007362910379,
                -2.881170797867506,
                0.37435145513040324
            ],
            [
                -0.36698536327000114,
                1.685781307714087,
                0.3918968111997927,
                0.2726926605822522
            ]
        ],
        "x_tar": [
            [
                1.970100104146526,
                2.465787973922746,
                9.875151270950846,
                0.9773381569993012
            ],
            [
                5.083201128660761,
                13.450561123311001,
                17.220979240301183,
                19.65959514112165
            ]
        ],
        "C": 0.2
    },
    "output_params": {
        "output_dir": "output/OUT_config_0468_M8_Trivial_H20.0_mu2.63",
        "output_prefix": "mc_sim_Trivial_H20.0_mub2.63_M8"
    }
}