{
    "input_params": {
        "polymer_type": "Ring",
        "knot_type": "Trivial",
        "configuration": "input/init_config_Z/TrivialN64M8H20.00rho0.10.dat",
        "mu_b": 0.7108134304165143,
        "M": 8,
        "init_N": 64,
        "rho_b": 0.1,
        "box_xy": 16.0,
        "H": 20.0,
        "rcut": 1.0,
        "max_N": 640,
        "external_potential": "custom"
    },
    "simulation_params": {
        "EPS_TRANS": 0.05,
        "ROT_RATIO": 0.3,
        "K_MAX": 10,
        "sample_interval": 5,
        "sample_time": 40000,
        "sample_block": 4,
        "dz": 0.02
    },
    "Vext_params": {
        "potential_type": "custom",
        "An": [
            -2.5254654840145907,
            1.2107180987297508,
            -2.3924362559556083,
            -2.0620193557557824
        ],
        "phi_n": [
            3.686611639149221,
            2.8193487647585753,
            1.1896761740184238,
            0.2690502524601532
        ],
        "Vlin_par": [
            [
                -2.360460103465396,
                -0.6735740053589718,
                0.7388317276763223,
                -2.141065677719971
            ],
            [
                2.6805264264203856,
                -0.9950734107397882,
                -1.432347755548629,
                -1.0062027124187833
            ]
        ],
        "x_tar": [
            [
                8.471002322978162,
                6.4114681866180305,
                2.1994125188976255,
                6.390641086220206
            ],
            [
                15.330205893065633,
                13.549583128797103,
                11.509397614367847,
                15.978326588148569
            ]
        ],
        "C": 0.2
    },
    "output_params": {
        "output_dir": "output/OUT_config_0322_M8_Trivial_H20.0_mu0.71",
        "output_prefix": "mc_sim_Trivial_H20.0_mub0.71_M8"
    }
}