{
    "input_params": {
        "polymer_type": "Ring",
        "knot_type": "Trivial",
        "configuration": "input/init_config_Z/TrivialN64M8H20.00rho0.10.dat",
        "mu_b": -0.5984964094698565,
        "M": 8,
        "init_N": 64,
        "rho_b": 0.1,
        "box_xy": 16.0,
        "H": 20.0,
        "rcut": 1.0,
        "max_N": 640,
        "external_potential": "custom"
    },
    "simulation_params": {
        "EPS_TRANS": 0.05,
        "ROT_RATIO": 0.3,
        "K_MAX": 10,
        "sample_interval": 5,
        "sample_time": 40000,
        "sample_block": 4,
        "dz": 0.02
    },
    "Vext_params": {
        "potential_type": "custom",
        "An": [
            -1.7982214487256396,
            0.83142092793655,
            -0.374588140866637,
            -3.0644326377921662
        ],
        "phi_n": [
            5.553834230273219,
            4.892670148191795,
            4.3410982270517815,
            3.7583026641202033
        ],
        "Vlin_par": [
            [
                2.83507544784373,
                -0.09566648542221312,
                3.4781020645059004,
                4.808753292027276
            ],
            [
                -2.824133863133752,
                -0.3599610542135478,
                2.3046420789360127,
                -0.5056407888312128
            ]
        ],
        "x_tar": [
            [
                15.32348403930909,
                2.522106215821067,
                6.0659096728795525,
                2.413862610046895
            ],
            [
                15.360514340327123,
                8.566838025999562,
                7.882015476641184,
                2.418363027723156
            ]
        ],
        "C": 0.2
    },
    "output_params": {
        "output_dir": "output/OUT_config_0328_M8_Trivial_H20.0_mu-0.60",
        "output_prefix": "mc_sim_Trivial_H20.0_mub-0.60_M8"
    }
}