{
    "input_params": {
        "polymer_type": "Ring",
        "knot_type": "Trivial",
        "configuration": "input/init_config_Z/TrivialN64M8H20.00rho0.10.dat",
        "mu_b": 4.053891059083037,
        "M": 8,
        "init_N": 64,
        "rho_b": 0.1,
        "box_xy": 16.0,
        "H": 20.0,
        "rcut": 1.0,
        "max_N": 640,
        "external_potential": "custom"
    },
    "simulation_params": {
        "EPS_TRANS": 0.05,
        "ROT_RATIO": 0.3,
        "K_MAX": 10,
        "sample_interval": 5,
        "sample_time": 40000,
        "sample_block": 4,
        "dz": 0.02
    },
    "Vext_params": {
        "potential_type": "custom",
        "An": [
            2.5010809775343876,
            -1.9312071732370188,
            0.1976491001032463,
            -3.5257954527384006
        ],
        "phi_n": [
            2.1134342968626156,
            5.856673106199313,
            3.828963610771386,
            6.0668641527659135
        ],
        "Vlin_par": [
            [
                0.019085900931817026,
                0.5509402846092315,
                -0.13333740398118613,
                -2.786644380580741
            ],
            [
                -0.023524069497571614,
                -2.715911923713399,
                -1.3822465679862324,
                1.4024241019147596
            ]
        ],
        "x_tar": [
            [
                3.8932475018605173,
                6.2993810373584065,
                2.7747610144668955,
                3.107664358662119
            ],
            [
                5.015416864912563,
                15.28760615090727,
                9.87984456743166,
                12.98828802770763
            ]
        ],
        "C": 0.2
    },
    "output_params": {
        "output_dir": "output/OUT_config_0029_M8_Trivial_H20.0_mu4.05",
        "output_prefix": "mc_sim_Trivial_H20.0_mub4.05_M8"
    }
}