{
    "input_params": {
        "polymer_type": "Ring",
        "knot_type": "Trivial",
        "configuration": "input/init_config_Z/TrivialN64M8H20.00rho0.10.dat",
        "mu_b": 0.09881753182715558,
        "M": 8,
        "init_N": 64,
        "rho_b": 0.1,
        "box_xy": 16.0,
        "H": 20.0,
        "rcut": 1.0,
        "max_N": 640,
        "external_potential": "custom"
    },
    "simulation_params": {
        "EPS_TRANS": 0.05,
        "ROT_RATIO": 0.3,
        "K_MAX": 10,
        "sample_interval": 5,
        "sample_time": 40000,
        "sample_block": 4,
        "dz": 0.02
    },
    "Vext_params": {
        "potential_type": "custom",
        "An": [
            0.7673895699873953,
            -0.3742621761331786,
            -2.599265633809739,
            1.7174078672173476
        ],
        "phi_n": [
            5.804020049664602,
            0.9943013018603986,
            1.7955903517908152,
            3.075832169017799
        ],
        "Vlin_par": [
            [
                1.4133350834749518,
                2.883977396709891,
                4.605282651923495,
                0.7926432081839289
            ],
            [
                4.227490530320916,
                -0.42801074741617934,
                -2.252904640109177,
                -1.4739699171705056
            ]
        ],
        "x_tar": [
            [
                4.792132760884287,
                0.9629480728471451,
                6.572755227786158,
                2.9276061549584576
            ],
            [
                10.04442237654918,
                2.052769605613889,
                11.838167506562298,
                18.688108280344743
            ]
        ],
        "C": 0.2
    },
    "output_params": {
        "output_dir": "output/OUT_config_0164_M8_Trivial_H20.0_mu0.10",
        "output_prefix": "mc_sim_Trivial_H20.0_mub0.10_M8"
    }
}