{
    "input_params": {
        "polymer_type": "Ring",
        "knot_type": "Trivial",
        "configuration": "input/init_config_Z/TrivialN64M8H20.00rho0.10.dat",
        "mu_b": 2.392845351232146,
        "M": 8,
        "init_N": 64,
        "rho_b": 0.1,
        "box_xy": 16.0,
        "H": 20.0,
        "rcut": 1.0,
        "max_N": 640,
        "external_potential": "custom"
    },
    "simulation_params": {
        "EPS_TRANS": 0.05,
        "ROT_RATIO": 0.3,
        "K_MAX": 10,
        "sample_interval": 5,
        "sample_time": 40000,
        "sample_block": 4,
        "dz": 0.02
    },
    "Vext_params": {
        "potential_type": "custom",
        "An": [
            -0.2589293301867475,
            0.6620080617996358,
            1.6486088547168989,
            2.8161511202681275
        ],
        "phi_n": [
            6.214322128737445,
            4.2138947243160745,
            4.458103146329269,
            1.3295189273772914
        ],
        "Vlin_par": [
            [
                -1.9227691518037116,
                1.2576480021545953,
                -1.4392381840136812,
                1.9369950509446596
            ],
            [
                -1.8438759006076082,
                -1.404589097016864,
                -3.2834229711921745,
                1.2650257557581306
            ]
        ],
        "x_tar": [
            [
                10.20991948919059,
                2.8031775455901586,
                1.7617333893534193,
                4.332736180355128
            ],
            [
                17.368667971558537,
                8.914817824127649,
                8.532186076792833,
                13.894145925216135
            ]
        ],
        "C": 0.2
    },
    "output_params": {
        "output_dir": "output/OUT_config_0231_M8_Trivial_H20.0_mu2.39",
        "output_prefix": "mc_sim_Trivial_H20.0_mub2.39_M8"
    }
}