{
    "input_params": {
        "polymer_type": "Ring",
        "knot_type": "Trivial",
        "configuration": "input/init_config_Z/TrivialN64M8H20.00rho0.10.dat",
        "mu_b": 2.974416737864664,
        "M": 8,
        "init_N": 64,
        "rho_b": 0.1,
        "box_xy": 16.0,
        "H": 20.0,
        "rcut": 1.0,
        "max_N": 640,
        "external_potential": "custom"
    },
    "simulation_params": {
        "EPS_TRANS": 0.05,
        "ROT_RATIO": 0.3,
        "K_MAX": 10,
        "sample_interval": 5,
        "sample_time": 40000,
        "sample_block": 4,
        "dz": 0.02
    },
    "Vext_params": {
        "potential_type": "custom",
        "An": [
            -2.072289602448019,
            2.8410734427217768,
            -1.8043329156758576,
            0.22254009630155575
        ],
        "phi_n": [
            4.637337357986114,
            2.993846202194769,
            5.338161921509668,
            5.965580907815148
        ],
        "Vlin_par": [
            [
                0.643981529456051,
                1.0889486681765654,
                4.528759935285796,
                2.758716823767324
            ],
            [
                -0.1429773723373028,
                -3.3445178343227573,
                -1.2519500380024335,
                -1.6017965931066764
            ]
        ],
        "x_tar": [
            [
                3.9277418185420676,
                6.832322345786359,
                3.0161439767265197,
                6.324600182129774
            ],
            [
                14.490520500843903,
                16.625580319143857,
                6.052691747943069,
                14.278872188519024
            ]
        ],
        "C": 0.2
    },
    "output_params": {
        "output_dir": "output/OUT_config_0075_M8_Trivial_H20.0_mu2.97",
        "output_prefix": "mc_sim_Trivial_H20.0_mub2.97_M8"
    }
}