{
    "input_params": {
        "polymer_type": "Ring",
        "knot_type": "Trivial",
        "configuration": "input/init_config_Z/TrivialN64M8H20.00rho0.10.dat",
        "mu_b": 4.169526784042711,
        "M": 8,
        "init_N": 64,
        "rho_b": 0.1,
        "box_xy": 16.0,
        "H": 20.0,
        "rcut": 1.0,
        "max_N": 640,
        "external_potential": "custom"
    },
    "simulation_params": {
        "EPS_TRANS": 0.05,
        "ROT_RATIO": 0.3,
        "K_MAX": 10,
        "sample_interval": 5,
        "sample_time": 40000,
        "sample_block": 4,
        "dz": 0.02
    },
    "Vext_params": {
        "potential_type": "custom",
        "An": [
            0.7586292498839776,
            3.2420909499634463,
            -1.31910728445557,
            0.4093400655302743
        ],
        "phi_n": [
            0.8970784606375348,
            5.534973020278817,
            0.7601441963069505,
            2.2008295378814218
        ],
        "Vlin_par": [
            [
                -0.7805100851836416,
                0.9605304463403992,
                -1.9078458108216534,
                1.1218387923615576
            ],
            [
                2.189864381900537,
                -0.01617589795004306,
                0.7215483155905831,
                2.781297520590895
            ]
        ],
        "x_tar": [
            [
                11.857689467978007,
                4.13137995656548,
                0.7204025463470431,
                11.540614153993529
            ],
            [
                19.65641776250705,
                13.14288845800315,
                13.550005248861222,
                16.47056888297358
            ]
        ],
        "C": 0.2
    },
    "output_params": {
        "output_dir": "output/OUT_config_0027_M8_Trivial_H20.0_mu4.17",
        "output_prefix": "mc_sim_Trivial_H20.0_mub4.17_M8"
    }
}