{
    "input_params": {
        "polymer_type": "Ring",
        "knot_type": "Trivial",
        "configuration": "input/init_config_Z/TrivialN64M8H20.00rho0.10.dat",
        "mu_b": 1.8645132450162922,
        "M": 8,
        "init_N": 64,
        "rho_b": 0.1,
        "box_xy": 16.0,
        "H": 20.0,
        "rcut": 1.0,
        "max_N": 640,
        "external_potential": "custom"
    },
    "simulation_params": {
        "EPS_TRANS": 0.05,
        "ROT_RATIO": 0.3,
        "K_MAX": 10,
        "sample_interval": 5,
        "sample_time": 40000,
        "sample_block": 4,
        "dz": 0.02
    },
    "Vext_params": {
        "potential_type": "custom",
        "An": [
            0.3685400109279824,
            2.143578955574917,
            2.4647967101392676,
            -0.6698997665345896
        ],
        "phi_n": [
            5.3019857467382,
            0.3040436432735418,
            3.676684021546638,
            4.578331849428824
        ],
        "Vlin_par": [
            [
                3.562442117954462,
                -1.7501853195082178,
                0.24057975937798018,
                2.4030572390082248
            ],
            [
                1.2614534537289062,
                -0.9813006544864458,
                3.9543878189746575,
                -1.0866499484617487
            ]
        ],
        "x_tar": [
            [
                1.1906776326947166,
                11.386650107142467,
                4.047667201832413,
                13.221216023976192
            ],
            [
                6.08242369879936,
                19.180419132581864,
                7.0577323752692696,
                18.932570320688107
            ]
        ],
        "C": 0.2
    },
    "output_params": {
        "output_dir": "output/OUT_config_0136_M8_Trivial_H20.0_mu1.86",
        "output_prefix": "mc_sim_Trivial_H20.0_mub1.86_M8"
    }
}