{
    "input_params": {
        "polymer_type": "Ring",
        "knot_type": "Trivial",
        "configuration": "input/init_config_Z/TrivialN64M8H20.00rho0.10.dat",
        "mu_b": 5.3865634970596865,
        "M": 8,
        "init_N": 64,
        "rho_b": 0.1,
        "box_xy": 16.0,
        "H": 20.0,
        "rcut": 1.0,
        "max_N": 640,
        "external_potential": "custom"
    },
    "simulation_params": {
        "EPS_TRANS": 0.05,
        "ROT_RATIO": 0.3,
        "K_MAX": 10,
        "sample_interval": 5,
        "sample_time": 40000,
        "sample_block": 4,
        "dz": 0.02
    },
    "Vext_params": {
        "potential_type": "custom",
        "An": [
            2.039620887262425,
            0.6094280453410815,
            3.4447486060756014,
            0.06132425591615611
        ],
        "phi_n": [
            2.7617138605173412,
            4.096825430447592,
            3.689565009345048,
            4.1665819868186995
        ],
        "Vlin_par": [
            [
                1.4042970061888975,
                -2.7953083066458255,
                1.1479233107880724,
                -0.15274496584562638
            ],
            [
                0.7892382803697603,
                -0.11279536368469456,
                -2.5080606000490304,
                -3.053667710731944
            ]
        ],
        "x_tar": [
            [
                9.574622250980468,
                7.281783368582968,
                3.144497530242525,
                9.685875576077516
            ],
            [
                13.194399773364928,
                9.559634004896054,
                7.073279299294799,
                11.225021905772309
            ]
        ],
        "C": 0.2
    },
    "output_params": {
        "output_dir": "output/OUT_config_0578_M8_Trivial_H20.0_mu5.39",
        "output_prefix": "mc_sim_Trivial_H20.0_mub5.39_M8"
    }
}