{
    "input_params": {
        "polymer_type": "Ring",
        "knot_type": "Trivial",
        "configuration": "input/init_config_Z/TrivialN64M8H20.00rho0.10.dat",
        "mu_b": -0.5766017522235677,
        "M": 8,
        "init_N": 64,
        "rho_b": 0.1,
        "box_xy": 16.0,
        "H": 20.0,
        "rcut": 1.0,
        "max_N": 640,
        "external_potential": "custom"
    },
    "simulation_params": {
        "EPS_TRANS": 0.05,
        "ROT_RATIO": 0.3,
        "K_MAX": 10,
        "sample_interval": 5,
        "sample_time": 40000,
        "sample_block": 4,
        "dz": 0.02
    },
    "Vext_params": {
        "potential_type": "custom",
        "An": [
            2.523251604194079,
            -0.2403038975905415,
            -0.2642428431980199,
            0.954874479118774
        ],
        "phi_n": [
            1.0747155006188773,
            1.0676258575325146,
            0.06399678665725382,
            2.313374701224255
        ],
        "Vlin_par": [
            [
                2.4091844520190424,
                -2.976083448419797,
                -0.8031159011328021,
                3.8735373035394467
            ],
            [
                0.610250309155193,
                -0.8405513849454109,
                -2.681220597290629,
                -0.03155222140555794
            ]
        ],
        "x_tar": [
            [
                17.39716190956498,
                13.467283527296917,
                3.709500541174464,
                5.592363870171133
            ],
            [
                17.730048669274314,
                15.854672802410086,
                16.243522692891215,
                11.251845912907656
            ]
        ],
        "C": 0.2
    },
    "output_params": {
        "output_dir": "output/OUT_config_0371_M8_Trivial_H20.0_mu-0.58",
        "output_prefix": "mc_sim_Trivial_H20.0_mub-0.58_M8"
    }
}