{
    "input_params": {
        "polymer_type": "Ring",
        "knot_type": "Trivial",
        "configuration": "input/init_config_Z/TrivialN64M8H20.00rho0.10.dat",
        "mu_b": 4.10481043680328,
        "M": 8,
        "init_N": 64,
        "rho_b": 0.1,
        "box_xy": 16.0,
        "H": 20.0,
        "rcut": 1.0,
        "max_N": 640,
        "external_potential": "custom"
    },
    "simulation_params": {
        "EPS_TRANS": 0.05,
        "ROT_RATIO": 0.3,
        "K_MAX": 10,
        "sample_interval": 5,
        "sample_time": 40000,
        "sample_block": 4,
        "dz": 0.02
    },
    "Vext_params": {
        "potential_type": "custom",
        "An": [
            -0.688975129823747,
            0.18450406664725105,
            3.094755831472818,
            1.491894917639504
        ],
        "phi_n": [
            5.895193333006685,
            3.455900956899536,
            3.7933894539055037,
            1.5077076097330595
        ],
        "Vlin_par": [
            [
                -0.5484025902183335,
                -2.023175219537862,
                3.1855119831716396,
                1.2467473146368337
            ],
            [
                -1.882837711618292,
                -1.549477569685394,
                -0.3603298238574691,
                2.127391487659029
            ]
        ],
        "x_tar": [
            [
                7.713694294496065,
                7.881868426404395,
                0.9040133709175691,
                7.89673699050752
            ],
            [
                17.933452205450827,
                11.72027489444304,
                14.034542583166825,
                15.578899562053872
            ]
        ],
        "C": 0.2
    },
    "output_params": {
        "output_dir": "output/OUT_config_0105_M8_Trivial_H20.0_mu4.10",
        "output_prefix": "mc_sim_Trivial_H20.0_mub4.10_M8"
    }
}