{
    "input_params": {
        "polymer_type": "Ring",
        "knot_type": "Trivial",
        "configuration": "input/init_config_Z/TrivialN64M8H20.00rho0.10.dat",
        "mu_b": 3.5796595103581783,
        "M": 8,
        "init_N": 64,
        "rho_b": 0.1,
        "box_xy": 16.0,
        "H": 20.0,
        "rcut": 1.0,
        "max_N": 640,
        "external_potential": "custom"
    },
    "simulation_params": {
        "EPS_TRANS": 0.05,
        "ROT_RATIO": 0.3,
        "K_MAX": 10,
        "sample_interval": 5,
        "sample_time": 40000,
        "sample_block": 4,
        "dz": 0.02
    },
    "Vext_params": {
        "potential_type": "custom",
        "An": [
            -3.2218414678007368,
            0.8248811118822231,
            -1.2365382272531302,
            -0.05786455768172489
        ],
        "phi_n": [
            0.8104443456819304,
            4.8227058437050925,
            5.095647028861884,
            4.992966063617267
        ],
        "Vlin_par": [
            [
                -1.4903603972671138,
                0.20298458091802235,
                -0.2028507861029175,
                1.2058734442463594
            ],
            [
                1.2857485346336126,
                -0.8351068582047332,
                -0.35325815598736937,
                0.7505851948871717
            ]
        ],
        "x_tar": [
            [
                5.385659473818675,
                0.8951271681410633,
                11.87283706024672,
                10.433480484818386
            ],
            [
                5.733596058285755,
                11.591247336900146,
                14.511937017718157,
                12.283697075890423
            ]
        ],
        "C": 0.2
    },
    "output_params": {
        "output_dir": "output/OUT_config_0093_M8_Trivial_H20.0_mu3.58",
        "output_prefix": "mc_sim_Trivial_H20.0_mub3.58_M8"
    }
}