{
    "input_params": {
        "polymer_type": "Ring",
        "knot_type": "Trivial",
        "configuration": "input/init_config_Z/TrivialN64M8H20.00rho0.10.dat",
        "mu_b": -0.741748633286734,
        "M": 8,
        "init_N": 64,
        "rho_b": 0.1,
        "box_xy": 16.0,
        "H": 20.0,
        "rcut": 1.0,
        "max_N": 640,
        "external_potential": "custom"
    },
    "simulation_params": {
        "EPS_TRANS": 0.05,
        "ROT_RATIO": 0.3,
        "K_MAX": 10,
        "sample_interval": 5,
        "sample_time": 40000,
        "sample_block": 4,
        "dz": 0.02
    },
    "Vext_params": {
        "potential_type": "custom",
        "An": [
            -0.6910382713999421,
            0.5016545195993954,
            -0.8024123346930089,
            0.7883345511812067
        ],
        "phi_n": [
            3.426957664239684,
            5.527125441902318,
            2.791197015358605,
            1.4849172898016068
        ],
        "Vlin_par": [
            [
                -3.0103930296569534,
                0.7790515027383725,
                -0.6222120623164196,
                -0.4507968530354083
            ],
            [
                -1.2499747703828843,
                1.3283272841643108,
                -0.08406002576387414,
                2.6948516851573427
            ]
        ],
        "x_tar": [
            [
                0.35696911986095037,
                15.634393931111962,
                9.949117487743834,
                6.385382679781189
            ],
            [
                4.265095169404127,
                15.96825968920024,
                19.653955949767365,
                7.8207272079474155
            ]
        ],
        "C": 0.2
    },
    "output_params": {
        "output_dir": "output/OUT_config_0414_M8_Trivial_H20.0_mu-0.74",
        "output_prefix": "mc_sim_Trivial_H20.0_mub-0.74_M8"
    }
}