{
    "input_params": {
        "polymer_type": "Ring",
        "knot_type": "Trivial",
        "configuration": "input/init_config_Z/TrivialN64M8H20.00rho0.10.dat",
        "mu_b": 0.13021892483601194,
        "M": 8,
        "init_N": 64,
        "rho_b": 0.1,
        "box_xy": 16.0,
        "H": 20.0,
        "rcut": 1.0,
        "max_N": 640,
        "external_potential": "custom"
    },
    "simulation_params": {
        "EPS_TRANS": 0.05,
        "ROT_RATIO": 0.3,
        "K_MAX": 10,
        "sample_interval": 5,
        "sample_time": 40000,
        "sample_block": 4,
        "dz": 0.02
    },
    "Vext_params": {
        "potential_type": "custom",
        "An": [
            -0.4309726284788877,
            -1.6085689060264117,
            -1.8230535591479262,
            1.7222499563686586
        ],
        "phi_n": [
            1.5634167396465326,
            2.305787864898417,
            4.3607802691729685,
            5.6555908560590105
        ],
        "Vlin_par": [
            [
                3.1040488476025008,
                2.2372651348626102,
                3.8083108093121907,
                -1.3557129697501833
            ],
            [
                3.2687374326829968,
                1.4940843229271707,
                4.603720142492998,
                -0.4177994937124647
            ]
        ],
        "x_tar": [
            [
                16.465441642738103,
                6.826721191690197,
                8.9398693262395,
                1.2087130895566056
            ],
            [
                19.670050504534274,
                12.031919708932898,
                17.680368173886684,
                10.12978777988674
            ]
        ],
        "C": 0.2
    },
    "output_params": {
        "output_dir": "output/OUT_config_0564_M8_Trivial_H20.0_mu0.13",
        "output_prefix": "mc_sim_Trivial_H20.0_mub0.13_M8"
    }
}