{
    "input_params": {
        "polymer_type": "Ring",
        "knot_type": "Trivial",
        "configuration": "input/init_config_Z/TrivialN64M8H20.00rho0.10.dat",
        "mu_b": 0.8595453626396896,
        "M": 8,
        "init_N": 64,
        "rho_b": 0.1,
        "box_xy": 16.0,
        "H": 20.0,
        "rcut": 1.0,
        "max_N": 640,
        "external_potential": "custom"
    },
    "simulation_params": {
        "EPS_TRANS": 0.05,
        "ROT_RATIO": 0.3,
        "K_MAX": 10,
        "sample_interval": 5,
        "sample_time": 40000,
        "sample_block": 4,
        "dz": 0.02
    },
    "Vext_params": {
        "potential_type": "custom",
        "An": [
            -1.647908746802028,
            0.14352167020344003,
            -0.8109720420905725,
            2.6171572615776304
        ],
        "phi_n": [
            4.628319051052248,
            0.9987130705417813,
            1.3559407723504096,
            5.662011544355011
        ],
        "Vlin_par": [
            [
                0.4986195778591038,
                2.5806906111779897,
                -1.9742078736775164,
                2.900054504403446
            ],
            [
                -0.036968417763290254,
                -1.8493021499758295,
                -0.4077454005024858,
                -1.1364243458444259
            ]
        ],
        "x_tar": [
            [
                1.674326674666673,
                7.365989818040735,
                8.47496270840928,
                2.3156802907281593
            ],
            [
                7.487744936328122,
                10.881551812060753,
                14.542779045037577,
                19.695809161972953
            ]
        ],
        "C": 0.2
    },
    "output_params": {
        "output_dir": "output/OUT_config_0087_M8_Trivial_H20.0_mu0.86",
        "output_prefix": "mc_sim_Trivial_H20.0_mub0.86_M8"
    }
}