{
    "input_params": {
        "polymer_type": "Ring",
        "knot_type": "Trivial",
        "configuration": "input/init_config_Z/TrivialN64M8H20.00rho0.10.dat",
        "mu_b": 5.208861646602611,
        "M": 8,
        "init_N": 64,
        "rho_b": 0.1,
        "box_xy": 16.0,
        "H": 20.0,
        "rcut": 1.0,
        "max_N": 640,
        "external_potential": "custom"
    },
    "simulation_params": {
        "EPS_TRANS": 0.05,
        "ROT_RATIO": 0.3,
        "K_MAX": 10,
        "sample_interval": 5,
        "sample_time": 40000,
        "sample_block": 4,
        "dz": 0.02
    },
    "Vext_params": {
        "potential_type": "custom",
        "An": [
            2.8823774053235893,
            -1.4228885435349017,
            -2.7989295317338376,
            0.4446997209470378
        ],
        "phi_n": [
            4.523091397612953,
            3.2858172472841027,
            1.5319629832071593,
            1.0258018818511274
        ],
        "Vlin_par": [
            [
                2.672221196761937,
                0.7625474878359736,
                -2.9503813876291107,
                2.5186607230986837
            ],
            [
                1.8157419787344042,
                -0.2616180386865198,
                -1.5523838744389455,
                -2.481348166076148
            ]
        ],
        "x_tar": [
            [
                2.5342041808173654,
                0.1801269350779089,
                8.554317872629312,
                2.1938041271648667
            ],
            [
                5.449831865866184,
                19.080967472122254,
                14.728158620322171,
                8.43698815916919
            ]
        ],
        "C": 0.2
    },
    "output_params": {
        "output_dir": "output/OUT_config_0106_M8_Trivial_H20.0_mu5.21",
        "output_prefix": "mc_sim_Trivial_H20.0_mub5.21_M8"
    }
}