{
    "input_params": {
        "polymer_type": "Ring",
        "knot_type": "Trivial",
        "configuration": "input/init_config_Z/TrivialN64M8H20.00rho0.10.dat",
        "mu_b": 0.7132051022018051,
        "M": 8,
        "init_N": 64,
        "rho_b": 0.1,
        "box_xy": 16.0,
        "H": 20.0,
        "rcut": 1.0,
        "max_N": 640,
        "external_potential": "custom"
    },
    "simulation_params": {
        "EPS_TRANS": 0.05,
        "ROT_RATIO": 0.3,
        "K_MAX": 10,
        "sample_interval": 5,
        "sample_time": 40000,
        "sample_block": 4,
        "dz": 0.02
    },
    "Vext_params": {
        "potential_type": "custom",
        "An": [
            -0.6941266178656653,
            -0.5044729736473702,
            -0.9313617674102286,
            -1.1506569336815171
        ],
        "phi_n": [
            1.1567473838690698,
            1.4485454473248804,
            4.09540936436666,
            5.836036266341101
        ],
        "Vlin_par": [
            [
                2.0843732179053918,
                1.9436313079617191,
                0.6427291047041298,
                3.4962291831209007
            ],
            [
                2.0463031982353157,
                0.4221252728682454,
                -0.8143438004608563,
                -1.7791431017793622
            ]
        ],
        "x_tar": [
            [
                1.3314206361156988,
                12.532858576862413,
                17.347376114084504,
                7.370815768269345
            ],
            [
                18.03463020707396,
                16.525401363943207,
                19.662046281791937,
                11.419885825118923
            ]
        ],
        "C": 0.2
    },
    "output_params": {
        "output_dir": "output/OUT_config_0440_M8_Trivial_H20.0_mu0.71",
        "output_prefix": "mc_sim_Trivial_H20.0_mub0.71_M8"
    }
}