{
    "input_params": {
        "polymer_type": "Ring",
        "knot_type": "Trivial",
        "configuration": "input/init_config_Z/TrivialN64M8H20.00rho0.10.dat",
        "mu_b": 1.3680033739517374,
        "M": 8,
        "init_N": 64,
        "rho_b": 0.1,
        "box_xy": 16.0,
        "H": 20.0,
        "rcut": 1.0,
        "max_N": 640,
        "external_potential": "custom"
    },
    "simulation_params": {
        "EPS_TRANS": 0.05,
        "ROT_RATIO": 0.3,
        "K_MAX": 10,
        "sample_interval": 5,
        "sample_time": 40000,
        "sample_block": 4,
        "dz": 0.02
    },
    "Vext_params": {
        "potential_type": "custom",
        "An": [
            0.03713866275133565,
            -1.4372860017202127,
            -0.4894063621365321,
            -3.7648674046340083
        ],
        "phi_n": [
            3.1239748869466677,
            2.666046513675903,
            6.265592322057569,
            2.09176277166165
        ],
        "Vlin_par": [
            [
                0.7282212315487411,
                -0.9149988819815532,
                -1.847901022839384,
                -3.7921817849397446
            ],
            [
                2.9978164167903985,
                -3.6388607267390287,
                1.5626079445977832,
                -1.4921211391144855
            ]
        ],
        "x_tar": [
            [
                7.44568579971133,
                1.38691225389737,
                12.555711267132079,
                6.662708119767724
            ],
            [
                11.95126093729132,
                19.541603867121697,
                17.699520466460722,
                6.993200694239179
            ]
        ],
        "C": 0.2
    },
    "output_params": {
        "output_dir": "output/OUT_config_0385_M8_Trivial_H20.0_mu1.37",
        "output_prefix": "mc_sim_Trivial_H20.0_mub1.37_M8"
    }
}