{
    "input_params": {
        "polymer_type": "Ring",
        "knot_type": "Trivial",
        "configuration": "input/init_config_Z/TrivialN64M8H20.00rho0.10.dat",
        "mu_b": -0.4895138772869312,
        "M": 8,
        "init_N": 64,
        "rho_b": 0.1,
        "box_xy": 16.0,
        "H": 20.0,
        "rcut": 1.0,
        "max_N": 640,
        "external_potential": "custom"
    },
    "simulation_params": {
        "EPS_TRANS": 0.05,
        "ROT_RATIO": 0.3,
        "K_MAX": 10,
        "sample_interval": 5,
        "sample_time": 40000,
        "sample_block": 4,
        "dz": 0.02
    },
    "Vext_params": {
        "potential_type": "custom",
        "An": [
            -0.07414501991566731,
            -0.2272609452723859,
            -0.9722927106416306,
            -2.9253881193804863
        ],
        "phi_n": [
            5.127757763745754,
            0.7965737459724053,
            0.5591648355297378,
            5.901446910972056
        ],
        "Vlin_par": [
            [
                -0.20844792534387785,
                -0.6867819434444782,
                3.31153888828483,
                2.6472290965660554
            ],
            [
                -0.22670150914154213,
                2.287073078869669,
                1.2063766230036874,
                -0.789440576317977
            ]
        ],
        "x_tar": [
            [
                0.11836716653429669,
                3.457020551523853,
                7.016028008406097,
                6.453222601592474
            ],
            [
                9.351052674519995,
                9.909617949342945,
                12.694192129719799,
                18.46156757676521
            ]
        ],
        "C": 0.2
    },
    "output_params": {
        "output_dir": "output/OUT_config_0143_M8_Trivial_H20.0_mu-0.49",
        "output_prefix": "mc_sim_Trivial_H20.0_mub-0.49_M8"
    }
}