{
    "input_params": {
        "polymer_type": "Ring",
        "knot_type": "Trivial",
        "configuration": "input/init_config_Z/TrivialN64M8H20.00rho0.10.dat",
        "mu_b": 5.938661000184479,
        "M": 8,
        "init_N": 64,
        "rho_b": 0.1,
        "box_xy": 16.0,
        "H": 20.0,
        "rcut": 1.0,
        "max_N": 640,
        "external_potential": "custom"
    },
    "simulation_params": {
        "EPS_TRANS": 0.05,
        "ROT_RATIO": 0.3,
        "K_MAX": 10,
        "sample_interval": 5,
        "sample_time": 40000,
        "sample_block": 4,
        "dz": 0.02
    },
    "Vext_params": {
        "potential_type": "custom",
        "An": [
            0.14216938717926808,
            -0.923923698238795,
            0.2497287031601643,
            3.187575057780932
        ],
        "phi_n": [
            4.511153060902181,
            4.6598454413871835,
            1.164088244510185,
            2.451892549929229
        ],
        "Vlin_par": [
            [
                -1.1658424721740275,
                5.455095026492865,
                0.2364363825949028,
                -1.3540798266082397
            ],
            [
                -1.4432496679992104,
                -0.4804075978463859,
                -0.5741742368434242,
                1.7914358060224012
            ]
        ],
        "x_tar": [
            [
                2.2413525942673163,
                1.7971465054188585,
                16.4253790486601,
                1.4056533326579457
            ],
            [
                15.665312247527357,
                19.855458225262012,
                19.634313523250867,
                5.2233632536961565
            ]
        ],
        "C": 0.2
    },
    "output_params": {
        "output_dir": "output/OUT_config_0103_M8_Trivial_H20.0_mu5.94",
        "output_prefix": "mc_sim_Trivial_H20.0_mub5.94_M8"
    }
}