{
    "input_params": {
        "polymer_type": "Ring",
        "knot_type": "Trivial",
        "configuration": "input/init_config_Z/TrivialN64M8H20.00rho0.10.dat",
        "mu_b": 3.8162302896568683,
        "M": 8,
        "init_N": 64,
        "rho_b": 0.1,
        "box_xy": 16.0,
        "H": 20.0,
        "rcut": 1.0,
        "max_N": 640,
        "external_potential": "custom"
    },
    "simulation_params": {
        "EPS_TRANS": 0.05,
        "ROT_RATIO": 0.3,
        "K_MAX": 10,
        "sample_interval": 5,
        "sample_time": 40000,
        "sample_block": 4,
        "dz": 0.02
    },
    "Vext_params": {
        "potential_type": "custom",
        "An": [
            0.9356358416133334,
            -1.8501221997944886,
            -0.31789746527121876,
            -0.7281424635418495
        ],
        "phi_n": [
            4.451997054672157,
            4.865415842660054,
            2.8153128662957747,
            2.9132505477699153
        ],
        "Vlin_par": [
            [
                -0.9859106623771257,
                -2.6687317264720125,
                2.2503624753938816,
                -0.8227702236365696
            ],
            [
                -5.079337926400749,
                -2.1555687696560044,
                1.7378439030725361,
                -1.7007872881872401
            ]
        ],
        "x_tar": [
            [
                11.754925336491171,
                2.9622400398300663,
                2.7936254030684715,
                9.89918013562405
            ],
            [
                14.872124304369542,
                13.746764446877018,
                13.184512253513812,
                16.04308322087318
            ]
        ],
        "C": 0.2
    },
    "output_params": {
        "output_dir": "output/OUT_config_0599_M8_Trivial_H20.0_mu3.82",
        "output_prefix": "mc_sim_Trivial_H20.0_mub3.82_M8"
    }
}