{
    "input_params": {
        "polymer_type": "Ring",
        "knot_type": "Trivial",
        "configuration": "input/init_config_Z/TrivialN64M8H20.00rho0.10.dat",
        "mu_b": 1.6456378621445813,
        "M": 8,
        "init_N": 64,
        "rho_b": 0.1,
        "box_xy": 16.0,
        "H": 20.0,
        "rcut": 1.0,
        "max_N": 640,
        "external_potential": "custom"
    },
    "simulation_params": {
        "EPS_TRANS": 0.05,
        "ROT_RATIO": 0.3,
        "K_MAX": 10,
        "sample_interval": 5,
        "sample_time": 40000,
        "sample_block": 4,
        "dz": 0.02
    },
    "Vext_params": {
        "potential_type": "custom",
        "An": [
            1.2738832357494194,
            -1.0733685416321492,
            -0.10245542630241054,
            0.565337195522514
        ],
        "phi_n": [
            0.570711080100829,
            3.457010480250065,
            4.335504171073044,
            3.8684509177051383
        ],
        "Vlin_par": [
            [
                -0.54861948360737,
                -0.6188392726529839,
                1.0764967039673192,
                1.6891994698901414
            ],
            [
                3.513014174305504,
                -1.6581658111912767,
                0.34847204747211996,
                3.4949573493529846
            ]
        ],
        "x_tar": [
            [
                6.35069269870034,
                1.0021310395674066,
                2.6198986920660605,
                7.916393578958589
            ],
            [
                13.619582757511424,
                3.9276214294017397,
                2.8804545824869376,
                10.326476634008719
            ]
        ],
        "C": 0.2
    },
    "output_params": {
        "output_dir": "output/OUT_config_0217_M8_Trivial_H20.0_mu1.65",
        "output_prefix": "mc_sim_Trivial_H20.0_mub1.65_M8"
    }
}