{
    "input_params": {
        "polymer_type": "Ring",
        "knot_type": "Trivial",
        "configuration": "input/init_config_Z/TrivialN64M8H20.00rho0.10.dat",
        "mu_b": 5.309895558509143,
        "M": 8,
        "init_N": 64,
        "rho_b": 0.1,
        "box_xy": 16.0,
        "H": 20.0,
        "rcut": 1.0,
        "max_N": 640,
        "external_potential": "custom"
    },
    "simulation_params": {
        "EPS_TRANS": 0.05,
        "ROT_RATIO": 0.3,
        "K_MAX": 10,
        "sample_interval": 5,
        "sample_time": 40000,
        "sample_block": 4,
        "dz": 0.02
    },
    "Vext_params": {
        "potential_type": "custom",
        "An": [
            -0.3933040516554123,
            0.23932523506815695,
            -0.5349287370686643,
            -2.5462076538124836
        ],
        "phi_n": [
            4.686139992355803,
            0.8873369234258456,
            1.5994590256945862,
            3.87141890687956
        ],
        "Vlin_par": [
            [
                1.1940453469098529,
                0.9196885023478689,
                -1.6983025806828969,
                -1.9947203657170731
            ],
            [
                1.7857736736349619,
                -1.666007015424022,
                4.487732086258534,
                -1.8304972722905535
            ]
        ],
        "x_tar": [
            [
                0.5386119974903991,
                6.01074287713689,
                13.39635949211479,
                1.6318926477302664
            ],
            [
                9.59835577104602,
                10.014559079122318,
                14.915075127726052,
                13.618247574704743
            ]
        ],
        "C": 0.2
    },
    "output_params": {
        "output_dir": "output/OUT_config_0459_M8_Trivial_H20.0_mu5.31",
        "output_prefix": "mc_sim_Trivial_H20.0_mub5.31_M8"
    }
}