{
    "input_params": {
        "polymer_type": "Ring",
        "knot_type": "Trivial",
        "configuration": "input/init_config_Z/TrivialN64M8H20.00rho0.10.dat",
        "mu_b": 4.295265828119187,
        "M": 8,
        "init_N": 64,
        "rho_b": 0.1,
        "box_xy": 16.0,
        "H": 20.0,
        "rcut": 1.0,
        "max_N": 640,
        "external_potential": "custom"
    },
    "simulation_params": {
        "EPS_TRANS": 0.05,
        "ROT_RATIO": 0.3,
        "K_MAX": 10,
        "sample_interval": 5,
        "sample_time": 40000,
        "sample_block": 4,
        "dz": 0.02
    },
    "Vext_params": {
        "potential_type": "custom",
        "An": [
            1.4962027921509542,
            0.2356465361498174,
            -0.10353028847748579,
            -1.8580106905116804
        ],
        "phi_n": [
            1.661865185109555,
            3.571271244079855,
            5.080565577544579,
            5.912364412510939
        ],
        "Vlin_par": [
            [
                0.078613570500468,
                -2.606577186358414,
                0.4540023712179373,
                1.0013287238460502
            ],
            [
                0.4921671272061425,
                -0.9133063702782753,
                2.1147337666201422,
                2.5530910419341226
            ]
        ],
        "x_tar": [
            [
                15.337515802103729,
                4.201913786248454,
                0.2697170019773254,
                3.4028200116642693
            ],
            [
                16.058749438809404,
                9.139239787504739,
                7.546156772411436,
                5.968784972231937
            ]
        ],
        "C": 0.2
    },
    "output_params": {
        "output_dir": "output/OUT_config_0089_M8_Trivial_H20.0_mu4.30",
        "output_prefix": "mc_sim_Trivial_H20.0_mub4.30_M8"
    }
}