{
    "input_params": {
        "polymer_type": "Ring",
        "knot_type": "Trivial",
        "configuration": "input/init_config_Z/TrivialN64M8H20.00rho0.10.dat",
        "mu_b": 0.8205517620691023,
        "M": 8,
        "init_N": 64,
        "rho_b": 0.1,
        "box_xy": 16.0,
        "H": 20.0,
        "rcut": 1.0,
        "max_N": 640,
        "external_potential": "custom"
    },
    "simulation_params": {
        "EPS_TRANS": 0.05,
        "ROT_RATIO": 0.3,
        "K_MAX": 10,
        "sample_interval": 5,
        "sample_time": 40000,
        "sample_block": 4,
        "dz": 0.02
    },
    "Vext_params": {
        "potential_type": "custom",
        "An": [
            3.10467577557125,
            -2.2262101936157217,
            0.5943196619713628,
            -2.8481534042727077
        ],
        "phi_n": [
            2.526716119344282,
            0.6333310929361623,
            2.9710919456153175,
            4.661551703191361
        ],
        "Vlin_par": [
            [
                0.9248091858176178,
                -2.2347893698682424,
                2.9050632763464512,
                0.137144860030071
            ],
            [
                0.2900289235847426,
                0.7395962576262377,
                2.343781194060993,
                0.07816398527782462
            ]
        ],
        "x_tar": [
            [
                8.943674620876195,
                8.614949017402207,
                5.21062719427084,
                3.537306373040723
            ],
            [
                13.743495498157008,
                15.977115424830215,
                5.548238227683681,
                19.805360871182046
            ]
        ],
        "C": 0.2
    },
    "output_params": {
        "output_dir": "output/OUT_config_0060_M8_Trivial_H20.0_mu0.82",
        "output_prefix": "mc_sim_Trivial_H20.0_mub0.82_M8"
    }
}