{
    "input_params": {
        "polymer_type": "Ring",
        "knot_type": "Trivial",
        "configuration": "input/init_config_Z/TrivialN64M8H20.00rho0.10.dat",
        "mu_b": 0.4404412226644956,
        "M": 8,
        "init_N": 64,
        "rho_b": 0.1,
        "box_xy": 16.0,
        "H": 20.0,
        "rcut": 1.0,
        "max_N": 640,
        "external_potential": "custom"
    },
    "simulation_params": {
        "EPS_TRANS": 0.05,
        "ROT_RATIO": 0.3,
        "K_MAX": 10,
        "sample_interval": 5,
        "sample_time": 40000,
        "sample_block": 4,
        "dz": 0.02
    },
    "Vext_params": {
        "potential_type": "custom",
        "An": [
            1.2150894032681905,
            -1.347980091257774,
            -0.016542207993109438,
            -1.5516863067986004
        ],
        "phi_n": [
            0.05949810082915708,
            3.090689751940967,
            5.877012873912737,
            0.2692855007021687
        ],
        "Vlin_par": [
            [
                0.17203431356122972,
                -3.6417960380025187,
                0.24887389004433305,
                0.07344649580767976
            ],
            [
                -3.533610485710349,
                0.69313404225194,
                -0.5905116483346823,
                -1.159486316615192
            ]
        ],
        "x_tar": [
            [
                2.89762331033377,
                9.38865731361906,
                0.1570901275536607,
                4.724353463101152
            ],
            [
                17.610809496677643,
                14.73506554848479,
                17.840170591969134,
                9.223116419532065
            ]
        ],
        "C": 0.2
    },
    "output_params": {
        "output_dir": "output/OUT_config_0395_M8_Trivial_H20.0_mu0.44",
        "output_prefix": "mc_sim_Trivial_H20.0_mub0.44_M8"
    }
}