{
    "input_params": {
        "polymer_type": "Ring",
        "knot_type": "Trivial",
        "configuration": "input/init_config_Z/TrivialN64M8H20.00rho0.10.dat",
        "mu_b": 3.6872769310793974,
        "M": 8,
        "init_N": 64,
        "rho_b": 0.1,
        "box_xy": 16.0,
        "H": 20.0,
        "rcut": 1.0,
        "max_N": 640,
        "external_potential": "custom"
    },
    "simulation_params": {
        "EPS_TRANS": 0.05,
        "ROT_RATIO": 0.3,
        "K_MAX": 10,
        "sample_interval": 5,
        "sample_time": 40000,
        "sample_block": 4,
        "dz": 0.02
    },
    "Vext_params": {
        "potential_type": "custom",
        "An": [
            1.5493959968772673,
            -1.237801995449826,
            -0.2406516406336462,
            0.643588425120023
        ],
        "phi_n": [
            4.342588883790081,
            2.043490990611697,
            1.602381333693828,
            2.165611002986877
        ],
        "Vlin_par": [
            [
                0.09377439007766636,
                0.1360746290130736,
                -2.340111466505706,
                1.6460875329777127
            ],
            [
                0.4737368304745331,
                2.3582293928143128,
                -2.7170292594698084,
                2.889751124239916
            ]
        ],
        "x_tar": [
            [
                4.196292160442658,
                12.504517613788028,
                1.484657347972591,
                3.7482911123761675
            ],
            [
                13.791623928028876,
                15.316707431473759,
                12.284966581671853,
                18.22016106766399
            ]
        ],
        "C": 0.2
    },
    "output_params": {
        "output_dir": "output/OUT_config_0583_M8_Trivial_H20.0_mu3.69",
        "output_prefix": "mc_sim_Trivial_H20.0_mub3.69_M8"
    }
}