{
    "input_params": {
        "polymer_type": "Ring",
        "knot_type": "Trivial",
        "configuration": "input/init_config_Z/TrivialN64M8H20.00rho0.10.dat",
        "mu_b": 3.1004582207717135,
        "M": 8,
        "init_N": 64,
        "rho_b": 0.1,
        "box_xy": 16.0,
        "H": 20.0,
        "rcut": 1.0,
        "max_N": 640,
        "external_potential": "custom"
    },
    "simulation_params": {
        "EPS_TRANS": 0.05,
        "ROT_RATIO": 0.3,
        "K_MAX": 10,
        "sample_interval": 5,
        "sample_time": 40000,
        "sample_block": 4,
        "dz": 0.02
    },
    "Vext_params": {
        "potential_type": "custom",
        "An": [
            -0.06715516031301061,
            -0.6031857020584527,
            1.0912947848113022,
            2.174604812771154
        ],
        "phi_n": [
            5.122982703748915,
            1.5012330278339674,
            5.7852134539985105,
            5.5790423721911235
        ],
        "Vlin_par": [
            [
                3.777872040581761,
                -1.2234009833745005,
                2.68211434005138,
                1.337815864702292
            ],
            [
                -2.3614385031596417,
                0.9440981617521454,
                -4.11497079552357,
                0.3083431259972949
            ]
        ],
        "x_tar": [
            [
                1.2283302528144668,
                3.5600080197226824,
                9.14047840012403,
                1.242852302383981
            ],
            [
                6.6108695381936595,
                19.020776740885953,
                19.166413096680156,
                10.694394474796153
            ]
        ],
        "C": 0.2
    },
    "output_params": {
        "output_dir": "output/OUT_config_0465_M8_Trivial_H20.0_mu3.10",
        "output_prefix": "mc_sim_Trivial_H20.0_mub3.10_M8"
    }
}