{
    "input_params": {
        "polymer_type": "Ring",
        "knot_type": "Trivial",
        "configuration": "input/init_config_Z/TrivialN64M8H20.00rho0.10.dat",
        "mu_b": 2.2643591225512125,
        "M": 8,
        "init_N": 64,
        "rho_b": 0.1,
        "box_xy": 16.0,
        "H": 20.0,
        "rcut": 1.0,
        "max_N": 640,
        "external_potential": "custom"
    },
    "simulation_params": {
        "EPS_TRANS": 0.05,
        "ROT_RATIO": 0.3,
        "K_MAX": 10,
        "sample_interval": 5,
        "sample_time": 40000,
        "sample_block": 4,
        "dz": 0.02
    },
    "Vext_params": {
        "potential_type": "custom",
        "An": [
            2.499363064179294,
            -0.4980712259006105,
            2.6066593879399598,
            -0.6826274538111635
        ],
        "phi_n": [
            4.2415695241786935,
            2.751056985530052,
            5.187642907569652,
            0.9176897145426188
        ],
        "Vlin_par": [
            [
                -1.4221788446556634,
                -3.405901117943856,
                -4.712399111160479,
                -0.4635188463056126
            ],
            [
                0.10388011492226308,
                -1.503937200822782,
                0.5370355809718932,
                -0.8567161283917388
            ]
        ],
        "x_tar": [
            [
                3.1207776074295945,
                6.850504871186887,
                6.914581347467537,
                5.7970359859092735
            ],
            [
                7.6721312187049095,
                8.130279100229526,
                17.246383330896336,
                12.416341635650813
            ]
        ],
        "C": 0.2
    },
    "output_params": {
        "output_dir": "output/OUT_config_0162_M8_Trivial_H20.0_mu2.26",
        "output_prefix": "mc_sim_Trivial_H20.0_mub2.26_M8"
    }
}