{
    "input_params": {
        "polymer_type": "Ring",
        "knot_type": "Trivial",
        "configuration": "input/init_config_Z/TrivialN64M8H20.00rho0.10.dat",
        "mu_b": 2.8913068145996594,
        "M": 8,
        "init_N": 64,
        "rho_b": 0.1,
        "box_xy": 16.0,
        "H": 20.0,
        "rcut": 1.0,
        "max_N": 640,
        "external_potential": "custom"
    },
    "simulation_params": {
        "EPS_TRANS": 0.05,
        "ROT_RATIO": 0.3,
        "K_MAX": 10,
        "sample_interval": 5,
        "sample_time": 40000,
        "sample_block": 4,
        "dz": 0.02
    },
    "Vext_params": {
        "potential_type": "custom",
        "An": [
            -0.3027879312230653,
            -2.850134169741089,
            0.030277171843524395,
            0.6841946379857088
        ],
        "phi_n": [
            3.316526185286831,
            4.665136174247432,
            5.460026261428161,
            0.6670832847749687
        ],
        "Vlin_par": [
            [
                -0.0917648592577213,
                -0.49526098247853134,
                1.4315599918472897,
                0.2900717796592214
            ],
            [
                2.8067009210232823,
                2.0848044692431316,
                -0.43337251489074696,
                -2.3605748274567517
            ]
        ],
        "x_tar": [
            [
                2.112596384519556,
                2.0795833390686203,
                7.618987863934715,
                2.3210408166926544
            ],
            [
                17.680816368287175,
                13.329855353660196,
                8.366555522414071,
                12.786400102157405
            ]
        ],
        "C": 0.2
    },
    "output_params": {
        "output_dir": "output/OUT_config_0111_M8_Trivial_H20.0_mu2.89",
        "output_prefix": "mc_sim_Trivial_H20.0_mub2.89_M8"
    }
}