{
    "input_params": {
        "polymer_type": "Ring",
        "knot_type": "Trivial",
        "configuration": "input/init_config_Z/TrivialN64M8H20.00rho0.10.dat",
        "mu_b": 3.6546353251734613,
        "M": 8,
        "init_N": 64,
        "rho_b": 0.1,
        "box_xy": 16.0,
        "H": 20.0,
        "rcut": 1.0,
        "max_N": 640,
        "external_potential": "custom"
    },
    "simulation_params": {
        "EPS_TRANS": 0.05,
        "ROT_RATIO": 0.3,
        "K_MAX": 10,
        "sample_interval": 5,
        "sample_time": 40000,
        "sample_block": 4,
        "dz": 0.02
    },
    "Vext_params": {
        "potential_type": "custom",
        "An": [
            -0.3709877978874845,
            -0.9053136755750141,
            -0.7673498367411202,
            1.1751712342529947
        ],
        "phi_n": [
            0.4928875761001341,
            5.789630271549985,
            3.416613523955078,
            1.2751869296740725
        ],
        "Vlin_par": [
            [
                1.9515298376439965,
                0.12155839656126739,
                1.3637543744500344,
                0.6284865819919481
            ],
            [
                -2.4279164208967052,
                -0.5054155022841853,
                2.297078946783382,
                -3.5427200918192856
            ]
        ],
        "x_tar": [
            [
                0.5748049958139934,
                5.608787911682955,
                2.7830236491322813,
                10.371509183196036
            ],
            [
                7.64567663141216,
                13.878689660581792,
                19.214341933101483,
                12.058159011278562
            ]
        ],
        "C": 0.2
    },
    "output_params": {
        "output_dir": "output/OUT_config_0323_M8_Trivial_H20.0_mu3.65",
        "output_prefix": "mc_sim_Trivial_H20.0_mub3.65_M8"
    }
}