{
    "input_params": {
        "polymer_type": "Ring",
        "knot_type": "Trivial",
        "configuration": "input/init_config_Z/TrivialN64M8H20.00rho0.10.dat",
        "mu_b": 0.903245165185186,
        "M": 8,
        "init_N": 64,
        "rho_b": 0.1,
        "box_xy": 16.0,
        "H": 20.0,
        "rcut": 1.0,
        "max_N": 640,
        "external_potential": "custom"
    },
    "simulation_params": {
        "EPS_TRANS": 0.05,
        "ROT_RATIO": 0.3,
        "K_MAX": 10,
        "sample_interval": 5,
        "sample_time": 40000,
        "sample_block": 4,
        "dz": 0.02
    },
    "Vext_params": {
        "potential_type": "custom",
        "An": [
            2.279011617144752,
            0.7918411736061955,
            3.1599356030063923,
            -2.1900171983853607
        ],
        "phi_n": [
            5.745347432231167,
            1.0143682113106571,
            3.1690536630264665,
            4.240701978482746
        ],
        "Vlin_par": [
            [
                1.9920017677679198,
                -0.5809470473947393,
                2.463225142848568,
                -1.2945580995496386
            ],
            [
                1.8081541225456748,
                2.7943429654020444,
                -4.772060377898321,
                -0.617536476311632
            ]
        ],
        "x_tar": [
            [
                7.108270485264692,
                3.044948755361958,
                1.144530243513131,
                9.417274774254672
            ],
            [
                12.348991586984305,
                10.340377150393076,
                14.311644859991278,
                9.767027687966266
            ]
        ],
        "C": 0.2
    },
    "output_params": {
        "output_dir": "output/OUT_config_0473_M8_Trivial_H20.0_mu0.90",
        "output_prefix": "mc_sim_Trivial_H20.0_mub0.90_M8"
    }
}