{
    "input_params": {
        "polymer_type": "Ring",
        "knot_type": "Trivial",
        "configuration": "input/init_config_Z/TrivialN64M8H20.00rho0.10.dat",
        "mu_b": 5.2322603286241645,
        "M": 8,
        "init_N": 64,
        "rho_b": 0.1,
        "box_xy": 16.0,
        "H": 20.0,
        "rcut": 1.0,
        "max_N": 640,
        "external_potential": "custom"
    },
    "simulation_params": {
        "EPS_TRANS": 0.05,
        "ROT_RATIO": 0.3,
        "K_MAX": 10,
        "sample_interval": 5,
        "sample_time": 40000,
        "sample_block": 4,
        "dz": 0.02
    },
    "Vext_params": {
        "potential_type": "custom",
        "An": [
            -0.10649859773744862,
            0.7990797847654034,
            0.16855647481437816,
            1.2973852102751238
        ],
        "phi_n": [
            3.5856595714265915,
            1.5010248153367236,
            4.788595482535671,
            0.5085700022254924
        ],
        "Vlin_par": [
            [
                -2.7781928059328145,
                1.3480703111627874,
                2.7764456227311483,
                2.9212160716906355
            ],
            [
                0.7623252119708779,
                0.19620969576438477,
                -0.9411422384191375,
                1.4369161786833182
            ]
        ],
        "x_tar": [
            [
                5.386684904455558,
                5.910091698848801,
                2.0147228062746647,
                2.801949407158908
            ],
            [
                7.508351911160014,
                15.950820133757109,
                7.681435433652446,
                13.134426919428444
            ]
        ],
        "C": 0.2
    },
    "output_params": {
        "output_dir": "output/OUT_config_0046_M8_Trivial_H20.0_mu5.23",
        "output_prefix": "mc_sim_Trivial_H20.0_mub5.23_M8"
    }
}