{
    "input_params": {
        "polymer_type": "Ring",
        "knot_type": "Trivial",
        "configuration": "input/init_config_Z/TrivialN64M8H20.00rho0.10.dat",
        "mu_b": 3.1052351039433095,
        "M": 8,
        "init_N": 64,
        "rho_b": 0.1,
        "box_xy": 16.0,
        "H": 20.0,
        "rcut": 1.0,
        "max_N": 640,
        "external_potential": "custom"
    },
    "simulation_params": {
        "EPS_TRANS": 0.05,
        "ROT_RATIO": 0.3,
        "K_MAX": 10,
        "sample_interval": 5,
        "sample_time": 40000,
        "sample_block": 4,
        "dz": 0.02
    },
    "Vext_params": {
        "potential_type": "custom",
        "An": [
            2.2089976405032132,
            -2.7481280826562315,
            -1.1051619812239382,
            0.7888366175453735
        ],
        "phi_n": [
            0.911589469143632,
            5.786787235290244,
            0.5157401539342966,
            2.032340199683631
        ],
        "Vlin_par": [
            [
                -1.9021207814219878,
                2.446352893814359,
                2.236773164778055,
                1.4848088181869068
            ],
            [
                -1.149990703858995,
                1.3400584108821731,
                2.0576337063065067,
                -1.2966745986254955
            ]
        ],
        "x_tar": [
            [
                0.8774460275144325,
                12.42811982231554,
                6.5900835294579,
                0.09224450991256683
            ],
            [
                10.18864791545629,
                18.087388958781933,
                17.870901957542205,
                1.3722922435224216
            ]
        ],
        "C": 0.2
    },
    "output_params": {
        "output_dir": "output/OUT_config_0566_M8_Trivial_H20.0_mu3.11",
        "output_prefix": "mc_sim_Trivial_H20.0_mub3.11_M8"
    }
}