{
    "input_params": {
        "polymer_type": "Ring",
        "knot_type": "Trivial",
        "configuration": "input/init_config_Z/TrivialN64M8H20.00rho0.10.dat",
        "mu_b": 1.0740114327163583,
        "M": 8,
        "init_N": 64,
        "rho_b": 0.1,
        "box_xy": 16.0,
        "H": 20.0,
        "rcut": 1.0,
        "max_N": 640,
        "external_potential": "custom"
    },
    "simulation_params": {
        "EPS_TRANS": 0.05,
        "ROT_RATIO": 0.3,
        "K_MAX": 10,
        "sample_interval": 5,
        "sample_time": 40000,
        "sample_block": 4,
        "dz": 0.02
    },
    "Vext_params": {
        "potential_type": "custom",
        "An": [
            1.563203245841633,
            -0.003212387172857151,
            -0.504965956555916,
            0.7467522807995015
        ],
        "phi_n": [
            1.0903732636407835,
            4.565159739249344,
            5.585691962139081,
            4.711842180988723
        ],
        "Vlin_par": [
            [
                2.963753717970957,
                -0.2587200984990868,
                -0.09667088453427364,
                0.019417193199718935
            ],
            [
                2.673789099817894,
                1.8919138940921636,
                3.6818193551048366,
                -0.8918567479562802
            ]
        ],
        "x_tar": [
            [
                10.143574999202214,
                8.948378368675067,
                2.393375066840364,
                2.592841388401952
            ],
            [
                19.626536167050798,
                12.759986447893823,
                11.566696495855213,
                12.748135875082822
            ]
        ],
        "C": 0.2
    },
    "output_params": {
        "output_dir": "output/OUT_config_0184_M8_Trivial_H20.0_mu1.07",
        "output_prefix": "mc_sim_Trivial_H20.0_mub1.07_M8"
    }
}