{
    "input_params": {
        "polymer_type": "Ring",
        "knot_type": "Trivial",
        "configuration": "input/init_config_Z/TrivialN64M8H20.00rho0.10.dat",
        "mu_b": 0.3096529053239432,
        "M": 8,
        "init_N": 64,
        "rho_b": 0.1,
        "box_xy": 16.0,
        "H": 20.0,
        "rcut": 1.0,
        "max_N": 640,
        "external_potential": "custom"
    },
    "simulation_params": {
        "EPS_TRANS": 0.05,
        "ROT_RATIO": 0.3,
        "K_MAX": 10,
        "sample_interval": 5,
        "sample_time": 40000,
        "sample_block": 4,
        "dz": 0.02
    },
    "Vext_params": {
        "potential_type": "custom",
        "An": [
            -1.3173402236573428,
            1.3811167051378606,
            -1.3674163379927862,
            3.1322562739741424
        ],
        "phi_n": [
            3.336658441608186,
            5.845457582701369,
            5.459642788906501,
            4.627661002194697
        ],
        "Vlin_par": [
            [
                0.5367120050951204,
                0.12154887855534394,
                1.9667088041713838,
                -0.5746719541863745
            ],
            [
                -0.9764176458840055,
                -3.0632903508814695,
                -0.8332948872130372,
                -0.3635176647921693
            ]
        ],
        "x_tar": [
            [
                7.336928779307977,
                0.9156939675344811,
                10.404327649062651,
                3.029808453491547
            ],
            [
                11.473636914642135,
                4.0095478750833,
                13.407489738100544,
                15.86834920331859
            ]
        ],
        "C": 0.2
    },
    "output_params": {
        "output_dir": "output/OUT_config_0361_M8_Trivial_H20.0_mu0.31",
        "output_prefix": "mc_sim_Trivial_H20.0_mub0.31_M8"
    }
}