{
    "input_params": {
        "polymer_type": "Ring",
        "knot_type": "Trivial",
        "configuration": "input/init_config_Z/TrivialN64M8H20.00rho0.10.dat",
        "mu_b": 3.6169619695497914,
        "M": 8,
        "init_N": 64,
        "rho_b": 0.1,
        "box_xy": 16.0,
        "H": 20.0,
        "rcut": 1.0,
        "max_N": 640,
        "external_potential": "custom"
    },
    "simulation_params": {
        "EPS_TRANS": 0.05,
        "ROT_RATIO": 0.3,
        "K_MAX": 10,
        "sample_interval": 5,
        "sample_time": 40000,
        "sample_block": 4,
        "dz": 0.02
    },
    "Vext_params": {
        "potential_type": "custom",
        "An": [
            -0.5992148359192746,
            0.29244033947253545,
            0.3856901477206511,
            -1.0124133104650765
        ],
        "phi_n": [
            6.0801207010046205,
            2.7949940321815196,
            5.778241789513876,
            0.9481709183313743
        ],
        "Vlin_par": [
            [
                -1.0604322204740515,
                -0.8269692685451198,
                2.64785533347053,
                -1.5825845285620863
            ],
            [
                1.5739450708158451,
                -0.342026355532076,
                0.5354365488312501,
                -0.642142096289414
            ]
        ],
        "x_tar": [
            [
                8.046575926041434,
                7.441695198417236,
                7.96192652420979,
                9.382748533635079
            ],
            [
                19.72246777708927,
                19.25996532974989,
                11.03854666769703,
                15.599770437920405
            ]
        ],
        "C": 0.2
    },
    "output_params": {
        "output_dir": "output/OUT_config_0545_M8_Trivial_H20.0_mu3.62",
        "output_prefix": "mc_sim_Trivial_H20.0_mub3.62_M8"
    }
}