{
    "input_params": {
        "polymer_type": "Ring",
        "knot_type": "Trivial",
        "configuration": "input/init_config_Z/TrivialN64M8H20.00rho0.10.dat",
        "mu_b": 4.504653022785363,
        "M": 8,
        "init_N": 64,
        "rho_b": 0.1,
        "box_xy": 16.0,
        "H": 20.0,
        "rcut": 1.0,
        "max_N": 640,
        "external_potential": "custom"
    },
    "simulation_params": {
        "EPS_TRANS": 0.05,
        "ROT_RATIO": 0.3,
        "K_MAX": 10,
        "sample_interval": 5,
        "sample_time": 40000,
        "sample_block": 4,
        "dz": 0.02
    },
    "Vext_params": {
        "potential_type": "custom",
        "An": [
            1.5220770345802053,
            0.7367851583276551,
            -0.48154168031000694,
            -2.3160875625491877
        ],
        "phi_n": [
            5.805735719431116,
            0.7379555494174165,
            4.7980999711422045,
            3.8437727013080396
        ],
        "Vlin_par": [
            [
                -2.227287329911075,
                0.1132780855513132,
                2.435041832626946,
                0.11620720187743118
            ],
            [
                0.8475215355492105,
                2.1954400514851287,
                2.2618936726840597,
                1.5759950230526503
            ]
        ],
        "x_tar": [
            [
                6.43362145775173,
                2.303119598705261,
                1.1674142250439568,
                0.8784521784579336
            ],
            [
                13.286129252792874,
                18.717730229716665,
                17.48541596066737,
                3.610752336674765
            ]
        ],
        "C": 0.2
    },
    "output_params": {
        "output_dir": "output/OUT_config_0494_M8_Trivial_H20.0_mu4.50",
        "output_prefix": "mc_sim_Trivial_H20.0_mub4.50_M8"
    }
}