{
    "input_params": {
        "polymer_type": "Ring",
        "knot_type": "Trivial",
        "configuration": "input/init_config_Z/TrivialN64M8H20.00rho0.10.dat",
        "mu_b": 4.889419435938243,
        "M": 8,
        "init_N": 64,
        "rho_b": 0.1,
        "box_xy": 16.0,
        "H": 20.0,
        "rcut": 1.0,
        "max_N": 640,
        "external_potential": "custom"
    },
    "simulation_params": {
        "EPS_TRANS": 0.05,
        "ROT_RATIO": 0.3,
        "K_MAX": 10,
        "sample_interval": 5,
        "sample_time": 40000,
        "sample_block": 4,
        "dz": 0.02
    },
    "Vext_params": {
        "potential_type": "custom",
        "An": [
            -2.030086654684934,
            1.2147471165792865,
            0.6682373087646106,
            0.1655232417191792
        ],
        "phi_n": [
            0.9742156298308432,
            6.009458157342508,
            1.1830445510692267,
            4.868376682229986
        ],
        "Vlin_par": [
            [
                0.526424612352159,
                -0.2982354089147376,
                -2.527795987715895,
                0.4600909756397804
            ],
            [
                -1.4488027111482098,
                1.009742287562738,
                4.003048452313177,
                -2.358211224022532
            ]
        ],
        "x_tar": [
            [
                11.753780288956738,
                14.888988381416723,
                4.349876574192136,
                16.29507044354733
            ],
            [
                12.122838652385472,
                15.105755950546866,
                7.387581590528331,
                18.727871567173434
            ]
        ],
        "C": 0.2
    },
    "output_params": {
        "output_dir": "output/OUT_config_0512_M8_Trivial_H20.0_mu4.89",
        "output_prefix": "mc_sim_Trivial_H20.0_mub4.89_M8"
    }
}