{
    "input_params": {
        "polymer_type": "Ring",
        "knot_type": "Trivial",
        "configuration": "input/init_config_Z/TrivialN64M8H20.00rho0.10.dat",
        "mu_b": 0.8664144062859032,
        "M": 8,
        "init_N": 64,
        "rho_b": 0.1,
        "box_xy": 16.0,
        "H": 20.0,
        "rcut": 1.0,
        "max_N": 640,
        "external_potential": "custom"
    },
    "simulation_params": {
        "EPS_TRANS": 0.05,
        "ROT_RATIO": 0.3,
        "K_MAX": 10,
        "sample_interval": 5,
        "sample_time": 40000,
        "sample_block": 4,
        "dz": 0.02
    },
    "Vext_params": {
        "potential_type": "custom",
        "An": [
            -0.9973179217970753,
            -1.2857356343479958,
            -1.232105233695362,
            -0.665694025739817
        ],
        "phi_n": [
            3.3891688165191614,
            6.112041163909525,
            1.7691789556775455,
            2.668607408278263
        ],
        "Vlin_par": [
            [
                -0.035916032310339935,
                1.7283855781952033,
                2.106147661056698,
                -0.07566720796386607
            ],
            [
                -1.8848850131896557,
                0.4631893448510563,
                -0.029373382972078012,
                -1.1081066704063822
            ]
        ],
        "x_tar": [
            [
                5.849835066934716,
                4.74069588209548,
                13.820558705506308,
                0.022481178845055183
            ],
            [
                19.346644367595406,
                5.522020755959513,
                17.8098262604285,
                3.366745072909867
            ]
        ],
        "C": 0.2
    },
    "output_params": {
        "output_dir": "output/OUT_config_0330_M8_Trivial_H20.0_mu0.87",
        "output_prefix": "mc_sim_Trivial_H20.0_mub0.87_M8"
    }
}