{
    "input_params": {
        "polymer_type": "Ring",
        "knot_type": "Trivial",
        "configuration": "input/init_config_Z/TrivialN64M8H20.00rho0.10.dat",
        "mu_b": 1.7567280611986993,
        "M": 8,
        "init_N": 64,
        "rho_b": 0.1,
        "box_xy": 16.0,
        "H": 20.0,
        "rcut": 1.0,
        "max_N": 640,
        "external_potential": "custom"
    },
    "simulation_params": {
        "EPS_TRANS": 0.05,
        "ROT_RATIO": 0.3,
        "K_MAX": 10,
        "sample_interval": 5,
        "sample_time": 40000,
        "sample_block": 4,
        "dz": 0.02
    },
    "Vext_params": {
        "potential_type": "custom",
        "An": [
            0.7413981588144108,
            1.3682503191323285,
            -2.0605510958445343,
            0.4075186607404358
        ],
        "phi_n": [
            1.1604092869428162,
            2.8198815525429928,
            1.33487276026915,
            0.7010438760032646
        ],
        "Vlin_par": [
            [
                0.5086533208272899,
                -0.8979753260615322,
                -3.734320316257998,
                0.5898694568267473
            ],
            [
                2.8713704025701423,
                0.4190474386747849,
                -1.6371146300529644,
                0.5734649813839235
            ]
        ],
        "x_tar": [
            [
                1.2321008122094246,
                2.2063496286061035,
                5.412977496396268,
                2.9009420900039062
            ],
            [
                14.110246439011199,
                13.202280076371212,
                8.153082874961227,
                12.893279443028531
            ]
        ],
        "C": 0.2
    },
    "output_params": {
        "output_dir": "output/OUT_config_0569_M8_Trivial_H20.0_mu1.76",
        "output_prefix": "mc_sim_Trivial_H20.0_mub1.76_M8"
    }
}