{
    "input_params": {
        "polymer_type": "Ring",
        "knot_type": "Trivial",
        "configuration": "input/init_config_Z/TrivialN64M8H20.00rho0.10.dat",
        "mu_b": 5.883536597121296,
        "M": 8,
        "init_N": 64,
        "rho_b": 0.1,
        "box_xy": 16.0,
        "H": 20.0,
        "rcut": 1.0,
        "max_N": 640,
        "external_potential": "custom"
    },
    "simulation_params": {
        "EPS_TRANS": 0.05,
        "ROT_RATIO": 0.3,
        "K_MAX": 10,
        "sample_interval": 5,
        "sample_time": 40000,
        "sample_block": 4,
        "dz": 0.02
    },
    "Vext_params": {
        "potential_type": "custom",
        "An": [
            -1.2569951489530526,
            2.5942668621109877,
            0.4033135577335823,
            5.4905857951769255
        ],
        "phi_n": [
            0.90709169064425,
            1.9831284198985988,
            3.356127608039923,
            2.8611196640119156
        ],
        "Vlin_par": [
            [
                -0.3601142032524952,
                1.518825784942507,
                0.4284944636050854,
                3.7405403681206453
            ],
            [
                -1.6257765443056011,
                1.0715137997252084,
                -1.4467649321240947,
                1.102113641964849
            ]
        ],
        "x_tar": [
            [
                7.672997912782682,
                7.023873818311898,
                3.58897418559206,
                2.747054457547402
            ],
            [
                8.230707708387143,
                8.60756160303727,
                12.848255182570508,
                12.232294100524472
            ]
        ],
        "C": 0.2
    },
    "output_params": {
        "output_dir": "output/OUT_config_0121_M8_Trivial_H20.0_mu5.88",
        "output_prefix": "mc_sim_Trivial_H20.0_mub5.88_M8"
    }
}