{
    "input_params": {
        "polymer_type": "Ring",
        "knot_type": "Trivial",
        "configuration": "input/init_config_Z/TrivialN64M8H20.00rho0.10.dat",
        "mu_b": 0.44000031904676895,
        "M": 8,
        "init_N": 64,
        "rho_b": 0.1,
        "box_xy": 16.0,
        "H": 20.0,
        "rcut": 1.0,
        "max_N": 640,
        "external_potential": "custom"
    },
    "simulation_params": {
        "EPS_TRANS": 0.05,
        "ROT_RATIO": 0.3,
        "K_MAX": 10,
        "sample_interval": 5,
        "sample_time": 40000,
        "sample_block": 4,
        "dz": 0.02
    },
    "Vext_params": {
        "potential_type": "custom",
        "An": [
            1.4144511740406276,
            1.5593623936038914,
            -2.4606517453065933,
            0.29203359404109874
        ],
        "phi_n": [
            2.457268256407796,
            1.503644537708479,
            2.108795462463006,
            5.398868866802372
        ],
        "Vlin_par": [
            [
                -1.628696535201296,
                0.7478558777979843,
                0.44074308506976717,
                2.628015434095924
            ],
            [
                -2.0013809851622075,
                -0.7233908400315427,
                -0.9789164337343208,
                -0.6291460933238453
            ]
        ],
        "x_tar": [
            [
                3.207750169047505,
                11.6386621347794,
                2.7433846880085655,
                13.619744951473988
            ],
            [
                7.712166604874076,
                19.9260480963709,
                12.814113890185073,
                19.126782054295866
            ]
        ],
        "C": 0.2
    },
    "output_params": {
        "output_dir": "output/OUT_config_0343_M8_Trivial_H20.0_mu0.44",
        "output_prefix": "mc_sim_Trivial_H20.0_mub0.44_M8"
    }
}