{
    "input_params": {
        "polymer_type": "Ring",
        "knot_type": "Trivial",
        "configuration": "input/init_config_Z/TrivialN64M8H20.00rho0.10.dat",
        "mu_b": 4.9528004033348765,
        "M": 8,
        "init_N": 64,
        "rho_b": 0.1,
        "box_xy": 16.0,
        "H": 20.0,
        "rcut": 1.0,
        "max_N": 640,
        "external_potential": "custom"
    },
    "simulation_params": {
        "EPS_TRANS": 0.05,
        "ROT_RATIO": 0.3,
        "K_MAX": 10,
        "sample_interval": 5,
        "sample_time": 40000,
        "sample_block": 4,
        "dz": 0.02
    },
    "Vext_params": {
        "potential_type": "custom",
        "An": [
            1.2405217097749122,
            -1.1873821267456544,
            -2.5899745746986556,
            -1.0311903205024897
        ],
        "phi_n": [
            5.502338867988302,
            1.6206830902858058,
            2.8009649373890055,
            3.919291405842625
        ],
        "Vlin_par": [
            [
                -0.32328016987778796,
                -2.59408712511414,
                -0.8435829805461978,
                0.039229190176635634
            ],
            [
                -0.3540260204123486,
                0.4494684479835368,
                1.2023451816321438,
                -2.594552149484854
            ]
        ],
        "x_tar": [
            [
                17.905050904666794,
                7.703085031158732,
                0.32951516150815596,
                17.4862158947597
            ],
            [
                19.461527027215787,
                9.733508221619571,
                2.1420001250750498,
                19.489094082823677
            ]
        ],
        "C": 0.2
    },
    "output_params": {
        "output_dir": "output/OUT_config_0528_M8_Trivial_H20.0_mu4.95",
        "output_prefix": "mc_sim_Trivial_H20.0_mub4.95_M8"
    }
}