{
    "input_params": {
        "polymer_type": "Ring",
        "knot_type": "Trivial",
        "configuration": "input/init_config_Z/TrivialN64M8H20.00rho0.10.dat",
        "mu_b": 1.3476815487327785,
        "M": 8,
        "init_N": 64,
        "rho_b": 0.1,
        "box_xy": 16.0,
        "H": 20.0,
        "rcut": 1.0,
        "max_N": 640,
        "external_potential": "custom"
    },
    "simulation_params": {
        "EPS_TRANS": 0.05,
        "ROT_RATIO": 0.3,
        "K_MAX": 10,
        "sample_interval": 5,
        "sample_time": 40000,
        "sample_block": 4,
        "dz": 0.02
    },
    "Vext_params": {
        "potential_type": "custom",
        "An": [
            2.9743684732060327,
            -0.5503339205512213,
            2.2547352967383256,
            2.201674104715084
        ],
        "phi_n": [
            1.0810574219009135,
            2.9081220709645748,
            2.596874655382243,
            2.150429935029062
        ],
        "Vlin_par": [
            [
                1.6095478037222861,
                2.7070473474941243,
                -0.0976223046978016,
                -1.0209767453369036
            ],
            [
                2.1483936925783267,
                3.693640032853524,
                0.00025747470740698655,
                1.9475507658973683
            ]
        ],
        "x_tar": [
            [
                12.401998802995639,
                11.257273053203313,
                3.671854587860872,
                5.868944853152813
            ],
            [
                13.684575437399344,
                16.49990629413276,
                6.043997408850766,
                15.708918275133462
            ]
        ],
        "C": 0.2
    },
    "output_params": {
        "output_dir": "output/OUT_config_0156_M8_Trivial_H20.0_mu1.35",
        "output_prefix": "mc_sim_Trivial_H20.0_mub1.35_M8"
    }
}