{
    "input_params": {
        "polymer_type": "Ring",
        "knot_type": "Trivial",
        "configuration": "input/init_config_Z/TrivialN64M8H20.00rho0.10.dat",
        "mu_b": 4.88850562101658,
        "M": 8,
        "init_N": 64,
        "rho_b": 0.1,
        "box_xy": 16.0,
        "H": 20.0,
        "rcut": 1.0,
        "max_N": 640,
        "external_potential": "custom"
    },
    "simulation_params": {
        "EPS_TRANS": 0.05,
        "ROT_RATIO": 0.3,
        "K_MAX": 10,
        "sample_interval": 5,
        "sample_time": 40000,
        "sample_block": 4,
        "dz": 0.02
    },
    "Vext_params": {
        "potential_type": "custom",
        "An": [
            -1.2095878689173496,
            1.0901726656681876,
            0.49587011154900007,
            -3.337727630330331
        ],
        "phi_n": [
            1.6397036066535209,
            6.152209908874747,
            5.121617534806822,
            2.653143403324048
        ],
        "Vlin_par": [
            [
                0.13936208536378025,
                3.7152214011310956,
                -3.7154851873269776,
                3.3335715736827587
            ],
            [
                0.8208539351924327,
                -0.8430140964234982,
                -3.054249447695955,
                1.793662007206325
            ]
        ],
        "x_tar": [
            [
                10.546390775016793,
                14.980109406343818,
                1.596451028649215,
                0.7260318604785931
            ],
            [
                11.676087467846571,
                14.999140995660586,
                5.961434436090558,
                8.980456621289042
            ]
        ],
        "C": 0.2
    },
    "output_params": {
        "output_dir": "output/OUT_config_0151_M8_Trivial_H20.0_mu4.89",
        "output_prefix": "mc_sim_Trivial_H20.0_mub4.89_M8"
    }
}