{
    "input_params": {
        "polymer_type": "Ring",
        "knot_type": "Trivial",
        "configuration": "input/init_config_Z/TrivialN64M8H20.00rho0.10.dat",
        "mu_b": 0.305888738924017,
        "M": 8,
        "init_N": 64,
        "rho_b": 0.1,
        "box_xy": 16.0,
        "H": 20.0,
        "rcut": 1.0,
        "max_N": 640,
        "external_potential": "custom"
    },
    "simulation_params": {
        "EPS_TRANS": 0.05,
        "ROT_RATIO": 0.3,
        "K_MAX": 10,
        "sample_interval": 5,
        "sample_time": 40000,
        "sample_block": 4,
        "dz": 0.02
    },
    "Vext_params": {
        "potential_type": "custom",
        "An": [
            0.9603069525611513,
            1.3074591206989064,
            2.7610152100606746,
            -0.6328541000140648
        ],
        "phi_n": [
            4.865343997188038,
            2.1046612282425485,
            2.152638467828855,
            2.472344853939905
        ],
        "Vlin_par": [
            [
                -0.11181715450020939,
                1.2562565501076028,
                3.5392901903806933,
                0.603693293524873
            ],
            [
                2.6642952673145874,
                -2.1824495800975745,
                5.2982403703489585,
                0.1702584488590432
            ]
        ],
        "x_tar": [
            [
                10.141557635041165,
                11.919627873550224,
                1.7963097863481892,
                0.19982853764989983
            ],
            [
                13.606315609754539,
                17.908550178165164,
                13.461769959984194,
                19.12364239737988
            ]
        ],
        "C": 0.2
    },
    "output_params": {
        "output_dir": "output/OUT_config_0433_M8_Trivial_H20.0_mu0.31",
        "output_prefix": "mc_sim_Trivial_H20.0_mub0.31_M8"
    }
}