{
    "input_params": {
        "polymer_type": "Ring",
        "knot_type": "Trivial",
        "configuration": "input/init_config_Z/TrivialN64M8H20.00rho0.10.dat",
        "mu_b": 5.346758005257042,
        "M": 8,
        "init_N": 64,
        "rho_b": 0.1,
        "box_xy": 16.0,
        "H": 20.0,
        "rcut": 1.0,
        "max_N": 640,
        "external_potential": "custom"
    },
    "simulation_params": {
        "EPS_TRANS": 0.05,
        "ROT_RATIO": 0.3,
        "K_MAX": 10,
        "sample_interval": 5,
        "sample_time": 40000,
        "sample_block": 4,
        "dz": 0.02
    },
    "Vext_params": {
        "potential_type": "custom",
        "An": [
            -1.6178562735459168,
            2.386315926500417,
            0.8933546472786791,
            2.179988151449331
        ],
        "phi_n": [
            1.2617551004477154,
            2.8118703990579705,
            1.794752077237576,
            3.4130021288988774
        ],
        "Vlin_par": [
            [
                -0.567915924978622,
                -2.182840584121653,
                4.13677982844014,
                0.9327434378141878
            ],
            [
                -2.8864390128382262,
                -0.25958601442485263,
                0.9052078247212636,
                -0.4866497612359827
            ]
        ],
        "x_tar": [
            [
                1.1494883829643077,
                2.4705175616558117,
                2.386865896282395,
                5.3169871869640595
            ],
            [
                17.01624725489214,
                17.85194658103204,
                15.367760461228183,
                16.02991878098184
            ]
        ],
        "C": 0.2
    },
    "output_params": {
        "output_dir": "output/OUT_config_0045_M8_Trivial_H20.0_mu5.35",
        "output_prefix": "mc_sim_Trivial_H20.0_mub5.35_M8"
    }
}