{
    "input_params": {
        "polymer_type": "Ring",
        "knot_type": "Trivial",
        "configuration": "input/init_config_Z/TrivialN64M8H20.00rho0.10.dat",
        "mu_b": -0.0502032327389369,
        "M": 8,
        "init_N": 64,
        "rho_b": 0.1,
        "box_xy": 16.0,
        "H": 20.0,
        "rcut": 1.0,
        "max_N": 640,
        "external_potential": "custom"
    },
    "simulation_params": {
        "EPS_TRANS": 0.05,
        "ROT_RATIO": 0.3,
        "K_MAX": 10,
        "sample_interval": 5,
        "sample_time": 40000,
        "sample_block": 4,
        "dz": 0.02
    },
    "Vext_params": {
        "potential_type": "custom",
        "An": [
            0.6737453190910786,
            0.6192065407385474,
            -2.5303525187357283,
            3.034347863839433
        ],
        "phi_n": [
            3.9268547585871705,
            2.220411928488251,
            5.274065714389858,
            4.430808967505982
        ],
        "Vlin_par": [
            [
                -0.8193076899909485,
                1.63521399768204,
                -2.648211200117369,
                0.19034581685324115
            ],
            [
                0.018669194625178454,
                0.6134163302505937,
                -1.1210606334898154,
                -1.7225516036403348
            ]
        ],
        "x_tar": [
            [
                6.823086144621568,
                11.660099924631213,
                4.543957923265387,
                3.4069825026985368
            ],
            [
                18.130600149468613,
                13.53488586529057,
                11.283168583661114,
                13.431097880476424
            ]
        ],
        "C": 0.2
    },
    "output_params": {
        "output_dir": "output/OUT_config_0099_M8_Trivial_H20.0_mu-0.05",
        "output_prefix": "mc_sim_Trivial_H20.0_mub-0.05_M8"
    }
}