{
    "input_params": {
        "polymer_type": "Ring",
        "knot_type": "Trivial",
        "configuration": "input/init_config_Z/TrivialN64M8H20.00rho0.10.dat",
        "mu_b": -0.873770965725393,
        "M": 8,
        "init_N": 64,
        "rho_b": 0.1,
        "box_xy": 16.0,
        "H": 20.0,
        "rcut": 1.0,
        "max_N": 640,
        "external_potential": "custom"
    },
    "simulation_params": {
        "EPS_TRANS": 0.05,
        "ROT_RATIO": 0.3,
        "K_MAX": 10,
        "sample_interval": 5,
        "sample_time": 40000,
        "sample_block": 4,
        "dz": 0.02
    },
    "Vext_params": {
        "potential_type": "custom",
        "An": [
            0.10544530690555592,
            -1.5888607897479754,
            -1.966174263351395,
            -1.2372204824024482
        ],
        "phi_n": [
            5.879820417372179,
            0.5969761849141321,
            3.9705529619465962,
            1.9782808263626857
        ],
        "Vlin_par": [
            [
                0.5617283758214913,
                -3.273732292357935,
                4.332355944661406,
                -1.7653850739357224
            ],
            [
                4.033806794029372,
                -2.4413589643964007,
                0.6477487092077375,
                -1.4701359229133697
            ]
        ],
        "x_tar": [
            [
                2.3824003617011735,
                8.895265736062889,
                0.9011734728250853,
                8.167764743213556
            ],
            [
                7.654216274533267,
                18.8312255372647,
                18.195014378627743,
                9.491252873050271
            ]
        ],
        "C": 0.2
    },
    "output_params": {
        "output_dir": "output/OUT_config_0375_M8_Trivial_H20.0_mu-0.87",
        "output_prefix": "mc_sim_Trivial_H20.0_mub-0.87_M8"
    }
}