{
    "input_params": {
        "polymer_type": "Ring",
        "knot_type": "Trivial",
        "configuration": "input/init_config_Z/TrivialN64M8H20.00rho0.10.dat",
        "mu_b": 3.7406949031204633,
        "M": 8,
        "init_N": 64,
        "rho_b": 0.1,
        "box_xy": 16.0,
        "H": 20.0,
        "rcut": 1.0,
        "max_N": 640,
        "external_potential": "custom"
    },
    "simulation_params": {
        "EPS_TRANS": 0.05,
        "ROT_RATIO": 0.3,
        "K_MAX": 10,
        "sample_interval": 5,
        "sample_time": 40000,
        "sample_block": 4,
        "dz": 0.02
    },
    "Vext_params": {
        "potential_type": "custom",
        "An": [
            -1.3741881228823858,
            -0.49913533436113683,
            -1.750046549210253,
            2.3992544779975615
        ],
        "phi_n": [
            0.8740285668775772,
            0.31349330719345136,
            4.146160769791198,
            1.2575003975030055
        ],
        "Vlin_par": [
            [
                -1.2794114187469958,
                0.3722617959759883,
                3.114541547793228,
                1.7887043581112503
            ],
            [
                0.4280317483256863,
                1.9665445690130723,
                -0.07178929220479237,
                2.4932633338001553
            ]
        ],
        "x_tar": [
            [
                8.231548040951946,
                7.00621724209544,
                4.221045726700952,
                6.466158714851716
            ],
            [
                17.241423360732245,
                17.23745914007093,
                13.10769574994639,
                17.632777302491597
            ]
        ],
        "C": 0.2
    },
    "output_params": {
        "output_dir": "output/OUT_config_0439_M8_Trivial_H20.0_mu3.74",
        "output_prefix": "mc_sim_Trivial_H20.0_mub3.74_M8"
    }
}