{
    "input_params": {
        "polymer_type": "Ring",
        "knot_type": "Trivial",
        "configuration": "input/init_config_Z/TrivialN64M8H20.00rho0.10.dat",
        "mu_b": 4.463333725225693,
        "M": 8,
        "init_N": 64,
        "rho_b": 0.1,
        "box_xy": 16.0,
        "H": 20.0,
        "rcut": 1.0,
        "max_N": 640,
        "external_potential": "custom"
    },
    "simulation_params": {
        "EPS_TRANS": 0.05,
        "ROT_RATIO": 0.3,
        "K_MAX": 10,
        "sample_interval": 5,
        "sample_time": 40000,
        "sample_block": 4,
        "dz": 0.02
    },
    "Vext_params": {
        "potential_type": "custom",
        "An": [
            -0.8810144013835565,
            0.36005902959010727,
            -1.7600705874049094,
            1.0864146806107857
        ],
        "phi_n": [
            1.391778903923112,
            3.247033234780001,
            1.7458399724918845,
            4.702577367121925
        ],
        "Vlin_par": [
            [
                2.3992650273269867,
                -1.285037240785863,
                2.541205023097822,
                -2.4666172946695344
            ],
            [
                -1.0254941560493698,
                1.5685625470783902,
                -0.8157866766611285,
                -2.916708126007034
            ]
        ],
        "x_tar": [
            [
                9.732769096092175,
                5.826358047622319,
                3.2846013525647,
                3.694258495724383
            ],
            [
                11.946345674965716,
                5.9578668761470555,
                11.957394732530524,
                17.975430264523695
            ]
        ],
        "C": 0.2
    },
    "output_params": {
        "output_dir": "output/OUT_config_0293_M8_Trivial_H20.0_mu4.46",
        "output_prefix": "mc_sim_Trivial_H20.0_mub4.46_M8"
    }
}