{
    "input_params": {
        "polymer_type": "Ring",
        "knot_type": "Trivial",
        "configuration": "input/init_config_Z/TrivialN64M8H20.00rho0.10.dat",
        "mu_b": 5.878626368193854,
        "M": 8,
        "init_N": 64,
        "rho_b": 0.1,
        "box_xy": 16.0,
        "H": 20.0,
        "rcut": 1.0,
        "max_N": 640,
        "external_potential": "custom"
    },
    "simulation_params": {
        "EPS_TRANS": 0.05,
        "ROT_RATIO": 0.3,
        "K_MAX": 10,
        "sample_interval": 5,
        "sample_time": 40000,
        "sample_block": 4,
        "dz": 0.02
    },
    "Vext_params": {
        "potential_type": "custom",
        "An": [
            4.194296238773523,
            -1.7890356592343715,
            -0.8422198000882914,
            -1.0434118062418407
        ],
        "phi_n": [
            6.232477744505894,
            2.1299614382283374,
            2.905605419921056,
            4.596090450994097
        ],
        "Vlin_par": [
            [
                3.4005559398229903,
                -3.0055508984326424,
                -3.4156626989695087,
                0.8473832009363248
            ],
            [
                -1.856431840232756,
                1.9702958304431335,
                4.59669444765811,
                0.11020689417242575
            ]
        ],
        "x_tar": [
            [
                9.359022454467876,
                4.308625791965344,
                0.1865661409989272,
                13.540419609770806
            ],
            [
                18.139417655747216,
                16.077804532223702,
                19.80753150440559,
                16.585605368152315
            ]
        ],
        "C": 0.2
    },
    "output_params": {
        "output_dir": "output/OUT_config_0481_M8_Trivial_H20.0_mu5.88",
        "output_prefix": "mc_sim_Trivial_H20.0_mub5.88_M8"
    }
}