{
    "input_params": {
        "polymer_type": "Ring",
        "knot_type": "Trivial",
        "configuration": "input/init_config_Z/TrivialN64M8H20.00rho0.10.dat",
        "mu_b": 2.08007830473316,
        "M": 8,
        "init_N": 64,
        "rho_b": 0.1,
        "box_xy": 16.0,
        "H": 20.0,
        "rcut": 1.0,
        "max_N": 640,
        "external_potential": "custom"
    },
    "simulation_params": {
        "EPS_TRANS": 0.05,
        "ROT_RATIO": 0.3,
        "K_MAX": 10,
        "sample_interval": 5,
        "sample_time": 40000,
        "sample_block": 4,
        "dz": 0.02
    },
    "Vext_params": {
        "potential_type": "custom",
        "An": [
            0.512888409853039,
            0.4570710425530402,
            2.094190351733912,
            0.07244135471836628
        ],
        "phi_n": [
            3.093111077552834,
            4.411667337241064,
            0.24899042699319093,
            6.07483572449155
        ],
        "Vlin_par": [
            [
                2.436525263907071,
                0.24908499399630332,
                -3.5275298320173807,
                0.16007746333071268
            ],
            [
                -0.9320415568596312,
                0.34363434444728774,
                -0.8878730704124079,
                4.336716892251099
            ]
        ],
        "x_tar": [
            [
                8.57709858567922,
                9.99844023709671,
                14.435690477663554,
                13.347435421522677
            ],
            [
                13.598116022247043,
                10.241580792743644,
                16.188302346682242,
                19.287589825772354
            ]
        ],
        "C": 0.2
    },
    "output_params": {
        "output_dir": "output/OUT_config_0076_M8_Trivial_H20.0_mu2.08",
        "output_prefix": "mc_sim_Trivial_H20.0_mub2.08_M8"
    }
}