{
    "input_params": {
        "polymer_type": "Ring",
        "knot_type": "Trivial",
        "configuration": "input/init_config_Z/TrivialN64M8H20.00rho0.10.dat",
        "mu_b": 2.339797483330414,
        "M": 8,
        "init_N": 64,
        "rho_b": 0.1,
        "box_xy": 16.0,
        "H": 20.0,
        "rcut": 1.0,
        "max_N": 640,
        "external_potential": "custom"
    },
    "simulation_params": {
        "EPS_TRANS": 0.05,
        "ROT_RATIO": 0.3,
        "K_MAX": 10,
        "sample_interval": 5,
        "sample_time": 40000,
        "sample_block": 4,
        "dz": 0.02
    },
    "Vext_params": {
        "potential_type": "custom",
        "An": [
            -0.5641089342369467,
            0.11552779184328164,
            -0.7488756497501949,
            -1.4586154678186072
        ],
        "phi_n": [
            5.060563956593339,
            5.648451151446453,
            4.307558661137742,
            6.20274216619486
        ],
        "Vlin_par": [
            [
                0.8871457256614353,
                0.9649827702751614,
                1.1208140864196967,
                -0.3438556790101653
            ],
            [
                1.2562864915058598,
                -1.4020035960296506,
                0.5823514561678961,
                0.46181799957097996
            ]
        ],
        "x_tar": [
            [
                0.09442616935170678,
                2.5974013830240694,
                8.846616318424548,
                8.19236059402629
            ],
            [
                10.457576280344647,
                13.152909764039473,
                11.51303661166759,
                16.0217167998721
            ]
        ],
        "C": 0.2
    },
    "output_params": {
        "output_dir": "output/OUT_config_0080_M8_Trivial_H20.0_mu2.34",
        "output_prefix": "mc_sim_Trivial_H20.0_mub2.34_M8"
    }
}