{
    "input_params": {
        "polymer_type": "Ring",
        "knot_type": "Trivial",
        "configuration": "input/init_config_Z/TrivialN64M8H20.00rho0.10.dat",
        "mu_b": 1.026045981351722,
        "M": 8,
        "init_N": 64,
        "rho_b": 0.1,
        "box_xy": 16.0,
        "H": 20.0,
        "rcut": 1.0,
        "max_N": 640,
        "external_potential": "custom"
    },
    "simulation_params": {
        "EPS_TRANS": 0.05,
        "ROT_RATIO": 0.3,
        "K_MAX": 10,
        "sample_interval": 5,
        "sample_time": 40000,
        "sample_block": 4,
        "dz": 0.02
    },
    "Vext_params": {
        "potential_type": "custom",
        "An": [
            0.836529795525339,
            -3.4013830836789447,
            -1.523075073979666,
            0.3069171694902799
        ],
        "phi_n": [
            2.2327011762498734,
            3.566773982732618,
            3.7022970203902004,
            6.049325065193303
        ],
        "Vlin_par": [
            [
                1.3605054201755196,
                3.1881604436971474,
                -0.3456806356161274,
                -1.6394697881344658
            ],
            [
                2.10243822560552,
                -0.25293190388919556,
                2.1136359038344508,
                -2.286794156050442
            ]
        ],
        "x_tar": [
            [
                3.6113570715634924,
                3.024463356823184,
                0.8343194538732002,
                4.897639247844047
            ],
            [
                17.362273312749025,
                16.273503023030983,
                5.7121048586124346,
                13.595789161020075
            ]
        ],
        "C": 0.2
    },
    "output_params": {
        "output_dir": "output/OUT_config_0443_M8_Trivial_H20.0_mu1.03",
        "output_prefix": "mc_sim_Trivial_H20.0_mub1.03_M8"
    }
}