{
    "input_params": {
        "polymer_type": "Ring",
        "knot_type": "Trivial",
        "configuration": "input/init_config_Z/TrivialN64M8H20.00rho0.10.dat",
        "mu_b": 0.7049420293333597,
        "M": 8,
        "init_N": 64,
        "rho_b": 0.1,
        "box_xy": 16.0,
        "H": 20.0,
        "rcut": 1.0,
        "max_N": 640,
        "external_potential": "custom"
    },
    "simulation_params": {
        "EPS_TRANS": 0.05,
        "ROT_RATIO": 0.3,
        "K_MAX": 10,
        "sample_interval": 5,
        "sample_time": 40000,
        "sample_block": 4,
        "dz": 0.02
    },
    "Vext_params": {
        "potential_type": "custom",
        "An": [
            -1.0431239097954383,
            -1.248374342659962,
            0.1148456546906545,
            -1.296221626538805
        ],
        "phi_n": [
            3.5372252555464114,
            0.46861859655899457,
            3.3519184674316893,
            2.140362902961957
        ],
        "Vlin_par": [
            [
                1.6974754738306836,
                0.8662056836235824,
                2.0266028594553,
                -0.7840287171107522
            ],
            [
                0.11523522619588894,
                1.4890618477746305,
                0.4951320660125487,
                1.8502108971832918
            ]
        ],
        "x_tar": [
            [
                0.6772176726777279,
                3.303149679383448,
                8.141653051866582,
                2.051700211251186
            ],
            [
                5.131828989586246,
                7.526504397904477,
                14.031927666096554,
                9.787029725826265
            ]
        ],
        "C": 0.2
    },
    "output_params": {
        "output_dir": "output/OUT_config_0042_M8_Trivial_H20.0_mu0.70",
        "output_prefix": "mc_sim_Trivial_H20.0_mub0.70_M8"
    }
}