{
    "input_params": {
        "polymer_type": "Ring",
        "knot_type": "Trivial",
        "configuration": "input/init_config_Z/TrivialN64M8H20.00rho0.10.dat",
        "mu_b": 0.11625250650977614,
        "M": 8,
        "init_N": 64,
        "rho_b": 0.1,
        "box_xy": 16.0,
        "H": 20.0,
        "rcut": 1.0,
        "max_N": 640,
        "external_potential": "custom"
    },
    "simulation_params": {
        "EPS_TRANS": 0.05,
        "ROT_RATIO": 0.3,
        "K_MAX": 10,
        "sample_interval": 5,
        "sample_time": 40000,
        "sample_block": 4,
        "dz": 0.02
    },
    "Vext_params": {
        "potential_type": "custom",
        "An": [
            1.6400779098092237,
            0.9035963961592872,
            -2.9800424892360073,
            -1.2842146366750957
        ],
        "phi_n": [
            2.107613152530106,
            5.229089134656132,
            3.360494635720935,
            6.042694374493468
        ],
        "Vlin_par": [
            [
                2.056041609248081,
                0.33478500637377345,
                -1.103881591860015,
                1.927556378021184
            ],
            [
                1.620186126503994,
                3.089616702480578,
                -3.4509417096534962,
                0.9102030386325809
            ]
        ],
        "x_tar": [
            [
                11.969332629901663,
                12.311030790367713,
                2.96668514742213,
                16.185398138062418
            ],
            [
                12.061146426429314,
                19.30646330698976,
                12.056948544423127,
                17.21290065261674
            ]
        ],
        "C": 0.2
    },
    "output_params": {
        "output_dir": "output/OUT_config_0593_M8_Trivial_H20.0_mu0.12",
        "output_prefix": "mc_sim_Trivial_H20.0_mub0.12_M8"
    }
}