{
    "input_params": {
        "polymer_type": "Ring",
        "knot_type": "Trivial",
        "configuration": "input/init_config_Z/TrivialN64M8H20.00rho0.10.dat",
        "mu_b": 3.8186246988089714,
        "M": 8,
        "init_N": 64,
        "rho_b": 0.1,
        "box_xy": 16.0,
        "H": 20.0,
        "rcut": 1.0,
        "max_N": 640,
        "external_potential": "custom"
    },
    "simulation_params": {
        "EPS_TRANS": 0.05,
        "ROT_RATIO": 0.3,
        "K_MAX": 10,
        "sample_interval": 5,
        "sample_time": 40000,
        "sample_block": 4,
        "dz": 0.02
    },
    "Vext_params": {
        "potential_type": "custom",
        "An": [
            -0.7453457837476996,
            -2.179942597947732,
            -0.8644510727962551,
            1.2032568582340368
        ],
        "phi_n": [
            5.569669060913352,
            2.956753351164062,
            4.501993566313276,
            1.5022345367981307
        ],
        "Vlin_par": [
            [
                -3.1063412765451988,
                0.2595923334670139,
                -0.4296491053396219,
                -1.6085623079260225
            ],
            [
                0.5759326959615186,
                0.03148750907508222,
                2.5780817676237495,
                -1.8604374081868658
            ]
        ],
        "x_tar": [
            [
                10.607961065586618,
                0.7336809690948876,
                2.6933659329376924,
                7.933528029725279
            ],
            [
                12.159075873777187,
                1.6701661083242647,
                5.0743052152065875,
                11.16739036580542
            ]
        ],
        "C": 0.2
    },
    "output_params": {
        "output_dir": "output/OUT_config_0259_M8_Trivial_H20.0_mu3.82",
        "output_prefix": "mc_sim_Trivial_H20.0_mub3.82_M8"
    }
}