{
    "input_params": {
        "polymer_type": "Ring",
        "knot_type": "Trivial",
        "configuration": "input/init_config_Z/TrivialN64M8H20.00rho0.10.dat",
        "mu_b": 4.105213904949823,
        "M": 8,
        "init_N": 64,
        "rho_b": 0.1,
        "box_xy": 16.0,
        "H": 20.0,
        "rcut": 1.0,
        "max_N": 640,
        "external_potential": "custom"
    },
    "simulation_params": {
        "EPS_TRANS": 0.05,
        "ROT_RATIO": 0.3,
        "K_MAX": 10,
        "sample_interval": 5,
        "sample_time": 40000,
        "sample_block": 4,
        "dz": 0.02
    },
    "Vext_params": {
        "potential_type": "custom",
        "An": [
            2.4977289399010614,
            1.5241468946322416,
            2.3662281671595866,
            2.345792787043136
        ],
        "phi_n": [
            2.587811961780379,
            3.5756931946083785,
            4.731102948930256,
            3.936382159572894
        ],
        "Vlin_par": [
            [
                -2.729159535966453,
                2.931082548442771,
                -1.6638596717277707,
                -1.904899583022443
            ],
            [
                -1.7869697418049344,
                -1.4863538501720253,
                0.19198961301795836,
                0.7139571463264878
            ]
        ],
        "x_tar": [
            [
                6.939768699727216,
                7.175088916698531,
                8.762184787923562,
                1.2000689765466799
            ],
            [
                12.670409195815203,
                11.667929585429707,
                13.344487018549717,
                2.1435535526829974
            ]
        ],
        "C": 0.2
    },
    "output_params": {
        "output_dir": "output/OUT_config_0359_M8_Trivial_H20.0_mu4.11",
        "output_prefix": "mc_sim_Trivial_H20.0_mub4.11_M8"
    }
}