{
    "input_params": {
        "polymer_type": "Ring",
        "knot_type": "Trivial",
        "configuration": "input/init_config_Z/TrivialN64M8H20.00rho0.10.dat",
        "mu_b": 1.0124565467431017,
        "M": 8,
        "init_N": 64,
        "rho_b": 0.1,
        "box_xy": 16.0,
        "H": 20.0,
        "rcut": 1.0,
        "max_N": 640,
        "external_potential": "custom"
    },
    "simulation_params": {
        "EPS_TRANS": 0.05,
        "ROT_RATIO": 0.3,
        "K_MAX": 10,
        "sample_interval": 5,
        "sample_time": 40000,
        "sample_block": 4,
        "dz": 0.02
    },
    "Vext_params": {
        "potential_type": "custom",
        "An": [
            0.32131759965253576,
            0.2623497026860316,
            1.0161919498196428,
            -0.05937215027095261
        ],
        "phi_n": [
            4.2835498268339,
            0.11943976627932529,
            0.8231287393946721,
            6.077124022403193
        ],
        "Vlin_par": [
            [
                0.4657594688964758,
                -1.1658254724728634,
                -1.9800831724910215,
                0.08675503217840311
            ],
            [
                -1.7358082808639115,
                1.1990980355521013,
                -1.6678554067940052,
                -2.377020344202518
            ]
        ],
        "x_tar": [
            [
                2.5475203387325007,
                7.374325252223947,
                0.47861892419338137,
                9.906764980711522
            ],
            [
                18.58562445998238,
                15.016504690752313,
                4.980118672809475,
                18.107516843778125
            ]
        ],
        "C": 0.2
    },
    "output_params": {
        "output_dir": "output/OUT_config_0144_M8_Trivial_H20.0_mu1.01",
        "output_prefix": "mc_sim_Trivial_H20.0_mub1.01_M8"
    }
}