{
    "input_params": {
        "polymer_type": "Ring",
        "knot_type": "Trivial",
        "configuration": "input/init_config_Z/TrivialN64M8H20.00rho0.10.dat",
        "mu_b": 4.821779014721014,
        "M": 8,
        "init_N": 64,
        "rho_b": 0.1,
        "box_xy": 16.0,
        "H": 20.0,
        "rcut": 1.0,
        "max_N": 640,
        "external_potential": "custom"
    },
    "simulation_params": {
        "EPS_TRANS": 0.05,
        "ROT_RATIO": 0.3,
        "K_MAX": 10,
        "sample_interval": 5,
        "sample_time": 40000,
        "sample_block": 4,
        "dz": 0.02
    },
    "Vext_params": {
        "potential_type": "custom",
        "An": [
            -0.8237179018838844,
            -1.1582881884714065,
            -0.6548487693544927,
            -0.28280012445606645
        ],
        "phi_n": [
            0.3919815642612512,
            3.151663432423284,
            1.4502015862290234,
            4.322185355526435
        ],
        "Vlin_par": [
            [
                -0.8702889627217083,
                -3.4997588228632224,
                -2.0105176176766326,
                0.20738914428822344
            ],
            [
                -2.6046346267576532,
                0.5530072267274203,
                -1.638109628421166,
                -2.689417008540536
            ]
        ],
        "x_tar": [
            [
                10.615053761681686,
                2.218204558126653,
                3.839674624271441,
                11.961068468168513
            ],
            [
                17.653522477289957,
                5.326811869909349,
                18.697657350050097,
                15.589004419942876
            ]
        ],
        "C": 0.2
    },
    "output_params": {
        "output_dir": "output/OUT_config_0251_M8_Trivial_H20.0_mu4.82",
        "output_prefix": "mc_sim_Trivial_H20.0_mub4.82_M8"
    }
}