{
    "input_params": {
        "polymer_type": "Ring",
        "knot_type": "Trivial",
        "configuration": "input/init_config_Z/TrivialN64M8H20.00rho0.10.dat",
        "mu_b": 5.92780120134355,
        "M": 8,
        "init_N": 64,
        "rho_b": 0.1,
        "box_xy": 16.0,
        "H": 20.0,
        "rcut": 1.0,
        "max_N": 640,
        "external_potential": "custom"
    },
    "simulation_params": {
        "EPS_TRANS": 0.05,
        "ROT_RATIO": 0.3,
        "K_MAX": 10,
        "sample_interval": 5,
        "sample_time": 40000,
        "sample_block": 4,
        "dz": 0.02
    },
    "Vext_params": {
        "potential_type": "custom",
        "An": [
            -0.5669002430592536,
            0.3590923955344149,
            0.9307319179206237,
            0.7043732581265216
        ],
        "phi_n": [
            0.565787549478477,
            1.3860518103737105,
            2.325687974701966,
            4.851097604243532
        ],
        "Vlin_par": [
            [
                -0.2825543768815252,
                0.7714333793655286,
                -0.7856495432285673,
                -1.3380279182370072
            ],
            [
                3.598870712243417,
                -2.1175665800049566,
                0.4180977720601429,
                -0.039539303520173305
            ]
        ],
        "x_tar": [
            [
                5.5044441369139125,
                3.5505508312854017,
                14.602557922777788,
                4.079867972559164
            ],
            [
                17.34762231013827,
                14.396274869643007,
                16.365348334553403,
                6.412197602291439
            ]
        ],
        "C": 0.2
    },
    "output_params": {
        "output_dir": "output/OUT_config_0458_M8_Trivial_H20.0_mu5.93",
        "output_prefix": "mc_sim_Trivial_H20.0_mub5.93_M8"
    }
}