{
    "input_params": {
        "polymer_type": "Ring",
        "knot_type": "Trivial",
        "configuration": "input/init_config_Z/TrivialN64M8H20.00rho0.10.dat",
        "mu_b": -0.07841183078901315,
        "M": 8,
        "init_N": 64,
        "rho_b": 0.1,
        "box_xy": 16.0,
        "H": 20.0,
        "rcut": 1.0,
        "max_N": 640,
        "external_potential": "custom"
    },
    "simulation_params": {
        "EPS_TRANS": 0.05,
        "ROT_RATIO": 0.3,
        "K_MAX": 10,
        "sample_interval": 5,
        "sample_time": 40000,
        "sample_block": 4,
        "dz": 0.02
    },
    "Vext_params": {
        "potential_type": "custom",
        "An": [
            -1.1359352353974637,
            0.577331620008129,
            3.165891535741838,
            -0.8163140558008343
        ],
        "phi_n": [
            2.56381368294396,
            0.473039200621177,
            0.2758052271461103,
            4.36643153032068
        ],
        "Vlin_par": [
            [
                0.3004209328774773,
                1.1055574047722312,
                0.06942789980869585,
                -3.213184663183539
            ],
            [
                1.8210623549903584,
                1.1326578035964308,
                0.4165754054395431,
                -2.2558665955987154
            ]
        ],
        "x_tar": [
            [
                0.8101850183721226,
                4.808541503077482,
                2.222594691821347,
                8.924209655627365
            ],
            [
                14.731895124776598,
                15.23989604823085,
                13.771537027111115,
                16.434889342607043
            ]
        ],
        "C": 0.2
    },
    "output_params": {
        "output_dir": "output/OUT_config_0239_M8_Trivial_H20.0_mu-0.08",
        "output_prefix": "mc_sim_Trivial_H20.0_mub-0.08_M8"
    }
}