{
    "input_params": {
        "polymer_type": "Ring",
        "knot_type": "Trivial",
        "configuration": "input/init_config_Z/TrivialN64M8H20.00rho0.10.dat",
        "mu_b": 0.868834744568908,
        "M": 8,
        "init_N": 64,
        "rho_b": 0.1,
        "box_xy": 16.0,
        "H": 20.0,
        "rcut": 1.0,
        "max_N": 640,
        "external_potential": "custom"
    },
    "simulation_params": {
        "EPS_TRANS": 0.05,
        "ROT_RATIO": 0.3,
        "K_MAX": 10,
        "sample_interval": 5,
        "sample_time": 40000,
        "sample_block": 4,
        "dz": 0.02
    },
    "Vext_params": {
        "potential_type": "custom",
        "An": [
            -0.5609781139149689,
            3.0841772434574297,
            -2.1235352552981492,
            2.026844472350869
        ],
        "phi_n": [
            2.614703745977637,
            4.638590984166468,
            3.534853937018962,
            0.28051617861815736
        ],
        "Vlin_par": [
            [
                -2.262708803852767,
                -0.6727785208146096,
                2.0758026950439215,
                -2.2807937094513107
            ],
            [
                2.9917211981024274,
                -0.8334068052288326,
                -0.08012155894777845,
                1.4379328865750058
            ]
        ],
        "x_tar": [
            [
                10.260516161487763,
                17.023678376308958,
                8.666438850332774,
                0.7997061685197826
            ],
            [
                18.545756032094445,
                19.76140829096303,
                9.199355662765534,
                8.420153113966576
            ]
        ],
        "C": 0.2
    },
    "output_params": {
        "output_dir": "output/OUT_config_0244_M8_Trivial_H20.0_mu0.87",
        "output_prefix": "mc_sim_Trivial_H20.0_mub0.87_M8"
    }
}