{
    "input_params": {
        "polymer_type": "Ring",
        "knot_type": "Trivial",
        "configuration": "input/init_config_Z/TrivialN64M8H20.00rho0.10.dat",
        "mu_b": 5.986022268606572,
        "M": 8,
        "init_N": 64,
        "rho_b": 0.1,
        "box_xy": 16.0,
        "H": 20.0,
        "rcut": 1.0,
        "max_N": 640,
        "external_potential": "custom"
    },
    "simulation_params": {
        "EPS_TRANS": 0.05,
        "ROT_RATIO": 0.3,
        "K_MAX": 10,
        "sample_interval": 5,
        "sample_time": 40000,
        "sample_block": 4,
        "dz": 0.02
    },
    "Vext_params": {
        "potential_type": "custom",
        "An": [
            3.614568467829973,
            2.5550632518737038,
            2.4081241228274886,
            1.2585513033569427
        ],
        "phi_n": [
            4.7199647178645465,
            2.1585442836167226,
            4.531744651577644,
            4.531522221999784
        ],
        "Vlin_par": [
            [
                1.2435152072174307,
                -2.145014896916876,
                -0.0994929699300855,
                0.21740194834368937
            ],
            [
                -3.1867951419600336,
                0.840813342004372,
                0.30422781325224146,
                1.2626206348143418
            ]
        ],
        "x_tar": [
            [
                8.37554724372329,
                0.6141476663748735,
                9.356601024179685,
                6.179641902675379
            ],
            [
                15.877677230516012,
                2.16834591750257,
                15.38961247545706,
                12.43218426497651
            ]
        ],
        "C": 0.2
    },
    "output_params": {
        "output_dir": "output/OUT_config_0547_M8_Trivial_H20.0_mu5.99",
        "output_prefix": "mc_sim_Trivial_H20.0_mub5.99_M8"
    }
}