{
    "input_params": {
        "polymer_type": "Ring",
        "knot_type": "Trivial",
        "configuration": "input/init_config_Z/TrivialN64M8H20.00rho0.10.dat",
        "mu_b": 0.11009774768016678,
        "M": 8,
        "init_N": 64,
        "rho_b": 0.1,
        "box_xy": 16.0,
        "H": 20.0,
        "rcut": 1.0,
        "max_N": 640,
        "external_potential": "custom"
    },
    "simulation_params": {
        "EPS_TRANS": 0.05,
        "ROT_RATIO": 0.3,
        "K_MAX": 10,
        "sample_interval": 5,
        "sample_time": 40000,
        "sample_block": 4,
        "dz": 0.02
    },
    "Vext_params": {
        "potential_type": "custom",
        "An": [
            -0.46713581306278995,
            2.478837619845053,
            -0.38881377556478297,
            -0.7827722762886431
        ],
        "phi_n": [
            0.6091691642636496,
            2.250999717805255,
            5.374115610675386,
            2.337530593297446
        ],
        "Vlin_par": [
            [
                -3.552640164321072,
                -6.373557325242231,
                0.32341892862084554,
                -2.159593301736154
            ],
            [
                -0.7691028443458967,
                -2.0426323499385095,
                0.2500798989325421,
                -2.7414053797759563
            ]
        ],
        "x_tar": [
            [
                0.14040817415924556,
                4.19174025524419,
                6.3595095143023395,
                8.568442043894507
            ],
            [
                13.910032373310223,
                16.782106453650975,
                10.157483194446018,
                9.22266110548204
            ]
        ],
        "C": 0.2
    },
    "output_params": {
        "output_dir": "output/OUT_config_0260_M8_Trivial_H20.0_mu0.11",
        "output_prefix": "mc_sim_Trivial_H20.0_mub0.11_M8"
    }
}