{
    "input_params": {
        "polymer_type": "Ring",
        "knot_type": "Trivial",
        "configuration": "input/init_config_Z/TrivialN64M8H20.00rho0.10.dat",
        "mu_b": 3.7575484966615944,
        "M": 8,
        "init_N": 64,
        "rho_b": 0.1,
        "box_xy": 16.0,
        "H": 20.0,
        "rcut": 1.0,
        "max_N": 640,
        "external_potential": "custom"
    },
    "simulation_params": {
        "EPS_TRANS": 0.05,
        "ROT_RATIO": 0.3,
        "K_MAX": 10,
        "sample_interval": 5,
        "sample_time": 40000,
        "sample_block": 4,
        "dz": 0.02
    },
    "Vext_params": {
        "potential_type": "custom",
        "An": [
            1.91503860020616,
            0.5781440043064622,
            3.7650738776780712,
            0.9568071048648296
        ],
        "phi_n": [
            2.668221165997328,
            5.038454795332337,
            3.4763057174488514,
            3.353648752378103
        ],
        "Vlin_par": [
            [
                0.12070730219020676,
                -2.0549269174153997,
                2.522202724872104,
                -3.5429240875277928
            ],
            [
                1.5157872007607673,
                -4.21060595162522,
                -2.9274637091114104,
                2.1245946236924187
            ]
        ],
        "x_tar": [
            [
                7.095248893756225,
                7.096122035566785,
                10.542134419609063,
                3.830813301677385
            ],
            [
                14.269129826728456,
                16.165178696691587,
                13.189634177046084,
                4.153483095447871
            ]
        ],
        "C": 0.2
    },
    "output_params": {
        "output_dir": "output/OUT_config_0235_M8_Trivial_H20.0_mu3.76",
        "output_prefix": "mc_sim_Trivial_H20.0_mub3.76_M8"
    }
}