{
    "input_params": {
        "polymer_type": "Ring",
        "knot_type": "Trivial",
        "configuration": "input/init_config_Z/TrivialN64M8H20.00rho0.10.dat",
        "mu_b": 1.4873526442998428,
        "M": 8,
        "init_N": 64,
        "rho_b": 0.1,
        "box_xy": 16.0,
        "H": 20.0,
        "rcut": 1.0,
        "max_N": 640,
        "external_potential": "custom"
    },
    "simulation_params": {
        "EPS_TRANS": 0.05,
        "ROT_RATIO": 0.3,
        "K_MAX": 10,
        "sample_interval": 5,
        "sample_time": 40000,
        "sample_block": 4,
        "dz": 0.02
    },
    "Vext_params": {
        "potential_type": "custom",
        "An": [
            -0.7070555069956087,
            -0.6148222920761668,
            -0.8230321649939358,
            -0.29348585436008023
        ],
        "phi_n": [
            6.20963708103004,
            4.759193299718518,
            2.164762150856518,
            5.016089018345642
        ],
        "Vlin_par": [
            [
                -0.594709631139286,
                0.9931635584294998,
                2.0010069388393275,
                -1.1734497572103888
            ],
            [
                -2.4301773156188933,
                -0.5092966790639459,
                1.7125785582095034,
                2.448207710682639
            ]
        ],
        "x_tar": [
            [
                1.9740534769051576,
                1.3523964418376466,
                7.7548726456192485,
                2.373325296038473
            ],
            [
                17.756556723100683,
                10.01020097899514,
                16.53757325871966,
                10.67426165925947
            ]
        ],
        "C": 0.2
    },
    "output_params": {
        "output_dir": "output/OUT_config_0476_M8_Trivial_H20.0_mu1.49",
        "output_prefix": "mc_sim_Trivial_H20.0_mub1.49_M8"
    }
}