{
    "input_params": {
        "polymer_type": "Ring",
        "knot_type": "Trivial",
        "configuration": "input/init_config_Z/TrivialN64M8H20.00rho0.10.dat",
        "mu_b": 2.959997120459396,
        "M": 8,
        "init_N": 64,
        "rho_b": 0.1,
        "box_xy": 16.0,
        "H": 20.0,
        "rcut": 1.0,
        "max_N": 640,
        "external_potential": "custom"
    },
    "simulation_params": {
        "EPS_TRANS": 0.05,
        "ROT_RATIO": 0.3,
        "K_MAX": 10,
        "sample_interval": 5,
        "sample_time": 40000,
        "sample_block": 4,
        "dz": 0.02
    },
    "Vext_params": {
        "potential_type": "custom",
        "An": [
            -0.20135404669442158,
            1.29892057411111,
            -0.16242154640115167,
            -2.713509156497861
        ],
        "phi_n": [
            5.716024273573761,
            1.034680375374595,
            3.607917960316002,
            0.44792956304633846
        ],
        "Vlin_par": [
            [
                0.16530413537807045,
                4.445562844486591,
                0.1641965776875075,
                -0.6601644350315711
            ],
            [
                0.29801892010800296,
                -0.040370014199330256,
                -1.7889349394979477,
                -0.703850824452711
            ]
        ],
        "x_tar": [
            [
                9.345104081702065,
                1.4470816995595603,
                0.4040532556381726,
                3.9578899127651512
            ],
            [
                17.059069009296955,
                3.9163393223350407,
                18.140595101784815,
                14.007178009780006
            ]
        ],
        "C": 0.2
    },
    "output_params": {
        "output_dir": "output/OUT_config_0169_M8_Trivial_H20.0_mu2.96",
        "output_prefix": "mc_sim_Trivial_H20.0_mub2.96_M8"
    }
}