{
    "input_params": {
        "polymer_type": "Ring",
        "knot_type": "Trivial",
        "configuration": "input/init_config_Z/TrivialN64M8H20.00rho0.10.dat",
        "mu_b": 4.858182303864577,
        "M": 8,
        "init_N": 64,
        "rho_b": 0.1,
        "box_xy": 16.0,
        "H": 20.0,
        "rcut": 1.0,
        "max_N": 640,
        "external_potential": "custom"
    },
    "simulation_params": {
        "EPS_TRANS": 0.05,
        "ROT_RATIO": 0.3,
        "K_MAX": 10,
        "sample_interval": 5,
        "sample_time": 40000,
        "sample_block": 4,
        "dz": 0.02
    },
    "Vext_params": {
        "potential_type": "custom",
        "An": [
            1.5717397910102953,
            0.8773197357996535,
            -0.44901447937297173,
            -1.391554959179969
        ],
        "phi_n": [
            4.979138919208609,
            3.85343686134062,
            4.1243386269017055,
            4.124820758784301
        ],
        "Vlin_par": [
            [
                -0.7404248328010724,
                0.36297748416074627,
                -0.02949099677570461,
                0.2862192367433687
            ],
            [
                -0.8377518152514792,
                -0.06013145851645032,
                -0.6252505529201848,
                -1.2599231763190506
            ]
        ],
        "x_tar": [
            [
                2.1594607488583084,
                3.0692675556281834,
                4.87294369268268,
                6.101956655924701
            ],
            [
                2.216388871488457,
                9.048963217566367,
                14.742437624098368,
                11.27809069716699
            ]
        ],
        "C": 0.2
    },
    "output_params": {
        "output_dir": "output/OUT_config_0166_M8_Trivial_H20.0_mu4.86",
        "output_prefix": "mc_sim_Trivial_H20.0_mub4.86_M8"
    }
}