{
    "input_params": {
        "polymer_type": "Ring",
        "knot_type": "Trivial",
        "configuration": "input/init_config_Z/TrivialN64M8H20.00rho0.10.dat",
        "mu_b": 0.1356369787403393,
        "M": 8,
        "init_N": 64,
        "rho_b": 0.1,
        "box_xy": 16.0,
        "H": 20.0,
        "rcut": 1.0,
        "max_N": 640,
        "external_potential": "custom"
    },
    "simulation_params": {
        "EPS_TRANS": 0.05,
        "ROT_RATIO": 0.3,
        "K_MAX": 10,
        "sample_interval": 5,
        "sample_time": 40000,
        "sample_block": 4,
        "dz": 0.02
    },
    "Vext_params": {
        "potential_type": "custom",
        "An": [
            -1.6555352301681534,
            0.8444902215459257,
            0.3017248108651237,
            1.0969257971528754
        ],
        "phi_n": [
            0.1668602986765376,
            3.613860014454848,
            6.119677608074423,
            5.099888161483379
        ],
        "Vlin_par": [
            [
                -0.18440437022749648,
                -3.008980013090878,
                0.974442853786824,
                -2.5874317978587054
            ],
            [
                -5.871928954410301,
                -0.9502060666569486,
                0.019996920731306652,
                0.18271581978015275
            ]
        ],
        "x_tar": [
            [
                16.704120282736913,
                2.3317529908725843,
                4.268360690145152,
                4.193152388917105
            ],
            [
                17.95427496019939,
                18.203990293717407,
                7.261895735863115,
                12.38444255540986
            ]
        ],
        "C": 0.2
    },
    "output_params": {
        "output_dir": "output/OUT_config_0409_M8_Trivial_H20.0_mu0.14",
        "output_prefix": "mc_sim_Trivial_H20.0_mub0.14_M8"
    }
}