{
    "input_params": {
        "polymer_type": "Ring",
        "knot_type": "Trivial",
        "configuration": "input/init_config_Z/TrivialN64M8H20.00rho0.10.dat",
        "mu_b": 2.3005018214438016,
        "M": 8,
        "init_N": 64,
        "rho_b": 0.1,
        "box_xy": 16.0,
        "H": 20.0,
        "rcut": 1.0,
        "max_N": 640,
        "external_potential": "custom"
    },
    "simulation_params": {
        "EPS_TRANS": 0.05,
        "ROT_RATIO": 0.3,
        "K_MAX": 10,
        "sample_interval": 5,
        "sample_time": 40000,
        "sample_block": 4,
        "dz": 0.02
    },
    "Vext_params": {
        "potential_type": "custom",
        "An": [
            -1.7786440225283657,
            2.0218777874327705,
            0.26822440487701443,
            1.1392125587991722
        ],
        "phi_n": [
            5.7470016902243595,
            5.015434775290945,
            3.7951255661968823,
            0.6398030072727913
        ],
        "Vlin_par": [
            [
                -1.963691572457643,
                -3.2625597279392404,
                -0.5351058984255714,
                -1.4521526727170004
            ],
            [
                2.2271444545060866,
                -1.8865513135196623,
                -0.513436812144458,
                -3.981243465549849
            ]
        ],
        "x_tar": [
            [
                19.492986557598982,
                5.705280456276318,
                12.394814528211722,
                1.098678021901076
            ],
            [
                19.998517327818583,
                15.43106559686176,
                17.226574745891895,
                2.705790483143531
            ]
        ],
        "C": 0.2
    },
    "output_params": {
        "output_dir": "output/OUT_config_0246_M8_Trivial_H20.0_mu2.30",
        "output_prefix": "mc_sim_Trivial_H20.0_mub2.30_M8"
    }
}