{
    "input_params": {
        "polymer_type": "Ring",
        "knot_type": "Trivial",
        "configuration": "input/init_config_Z/TrivialN64M8H20.00rho0.10.dat",
        "mu_b": 2.4573617635138003,
        "M": 8,
        "init_N": 64,
        "rho_b": 0.1,
        "box_xy": 16.0,
        "H": 20.0,
        "rcut": 1.0,
        "max_N": 640,
        "external_potential": "custom"
    },
    "simulation_params": {
        "EPS_TRANS": 0.05,
        "ROT_RATIO": 0.3,
        "K_MAX": 10,
        "sample_interval": 5,
        "sample_time": 40000,
        "sample_block": 4,
        "dz": 0.02
    },
    "Vext_params": {
        "potential_type": "custom",
        "An": [
            -1.7109554681207813,
            -0.7810918383816867,
            -1.285671750835621,
            -1.130197893466555
        ],
        "phi_n": [
            0.7618732911124251,
            0.5038523100002658,
            0.1869272231113558,
            2.526864252620031
        ],
        "Vlin_par": [
            [
                0.3392992069812529,
                -0.12443599798948944,
                -0.3650107660864063,
                -1.2745466041520361
            ],
            [
                2.3607143943123123,
                -4.394269380217458,
                -0.6584376537680009,
                -1.488383629801073
            ]
        ],
        "x_tar": [
            [
                10.100446483587689,
                3.361171333169275,
                15.982109552441429,
                6.776084841925105
            ],
            [
                14.615998186943237,
                18.1861294341569,
                19.766244057267425,
                18.668457367176256
            ]
        ],
        "C": 0.2
    },
    "output_params": {
        "output_dir": "output/OUT_config_0392_M8_Trivial_H20.0_mu2.46",
        "output_prefix": "mc_sim_Trivial_H20.0_mub2.46_M8"
    }
}