{
    "input_params": {
        "polymer_type": "Ring",
        "knot_type": "Trivial",
        "configuration": "input/init_config_Z/TrivialN64M8H20.00rho0.10.dat",
        "mu_b": 5.113335785537263,
        "M": 8,
        "init_N": 64,
        "rho_b": 0.1,
        "box_xy": 16.0,
        "H": 20.0,
        "rcut": 1.0,
        "max_N": 640,
        "external_potential": "custom"
    },
    "simulation_params": {
        "EPS_TRANS": 0.05,
        "ROT_RATIO": 0.3,
        "K_MAX": 10,
        "sample_interval": 5,
        "sample_time": 40000,
        "sample_block": 4,
        "dz": 0.02
    },
    "Vext_params": {
        "potential_type": "custom",
        "An": [
            -3.6529539127022685,
            0.7754621757550784,
            1.6889373514391353,
            1.6000158463441005
        ],
        "phi_n": [
            4.4844334156182155,
            0.5928565335276796,
            0.3407192930754665,
            6.056100885646094
        ],
        "Vlin_par": [
            [
                0.03516243501512415,
                2.52775434491686,
                3.4051424459318915,
                1.5356517001047234
            ],
            [
                0.15603537686484567,
                0.5579080017018484,
                -2.4518638332745937,
                -6.01593797527522
            ]
        ],
        "x_tar": [
            [
                4.162424302708898,
                18.49585208970987,
                4.021100441959269,
                0.07445143713369129
            ],
            [
                17.066003926023715,
                18.55085733241847,
                7.012310755796185,
                3.25619412352512
            ]
        ],
        "C": 0.2
    },
    "output_params": {
        "output_dir": "output/OUT_config_0054_M8_Trivial_H20.0_mu5.11",
        "output_prefix": "mc_sim_Trivial_H20.0_mub5.11_M8"
    }
}