{
    "input_params": {
        "polymer_type": "Ring",
        "knot_type": "Trivial",
        "configuration": "input/init_config_Z/TrivialN64M8H20.00rho0.10.dat",
        "mu_b": 4.177295622405685,
        "M": 8,
        "init_N": 64,
        "rho_b": 0.1,
        "box_xy": 16.0,
        "H": 20.0,
        "rcut": 1.0,
        "max_N": 640,
        "external_potential": "custom"
    },
    "simulation_params": {
        "EPS_TRANS": 0.05,
        "ROT_RATIO": 0.3,
        "K_MAX": 10,
        "sample_interval": 5,
        "sample_time": 40000,
        "sample_block": 4,
        "dz": 0.02
    },
    "Vext_params": {
        "potential_type": "custom",
        "An": [
            -0.26573584323797855,
            2.1871664863677154,
            0.5675245529820888,
            -0.7908724630186037
        ],
        "phi_n": [
            1.405863014635632,
            2.431017852552545,
            4.566077491270329,
            1.0079263907661693
        ],
        "Vlin_par": [
            [
                -0.4787367426771943,
                -0.43742710016354913,
                2.701087406202776,
                2.365752769934103
            ],
            [
                -0.00918800194066392,
                -2.5380687963396897,
                -1.5371486981633093,
                -4.561537841110411
            ]
        ],
        "x_tar": [
            [
                4.402290638607258,
                3.056075790754318,
                4.381322450984748,
                2.2564111235103024
            ],
            [
                18.702487849621903,
                17.172117165736346,
                11.872651071983395,
                10.517057349207217
            ]
        ],
        "C": 0.2
    },
    "output_params": {
        "output_dir": "output/OUT_config_0159_M8_Trivial_H20.0_mu4.18",
        "output_prefix": "mc_sim_Trivial_H20.0_mub4.18_M8"
    }
}