{
    "input_params": {
        "polymer_type": "Ring",
        "knot_type": "Trivial",
        "configuration": "input/init_config_Z/TrivialN64M8H20.00rho0.10.dat",
        "mu_b": 5.0105500876672115,
        "M": 8,
        "init_N": 64,
        "rho_b": 0.1,
        "box_xy": 16.0,
        "H": 20.0,
        "rcut": 1.0,
        "max_N": 640,
        "external_potential": "custom"
    },
    "simulation_params": {
        "EPS_TRANS": 0.05,
        "ROT_RATIO": 0.3,
        "K_MAX": 10,
        "sample_interval": 5,
        "sample_time": 40000,
        "sample_block": 4,
        "dz": 0.02
    },
    "Vext_params": {
        "potential_type": "custom",
        "An": [
            -0.38981854870026583,
            3.625459273386514,
            2.085855662394694,
            -0.3174497145986467
        ],
        "phi_n": [
            2.5722401048764367,
            1.2376054882330219,
            5.714412736698401,
            5.462163093357305
        ],
        "Vlin_par": [
            [
                -2.2325812793549464,
                -3.6797777873844266,
                -1.044000609600904,
                0.1821647666983933
            ],
            [
                1.3704777381181446,
                -0.6994195751248065,
                1.5261150996802577,
                -0.5937026855414288
            ]
        ],
        "x_tar": [
            [
                3.982802911618184,
                1.2165531554888598,
                2.123743000866054,
                6.24935339285988
            ],
            [
                14.843942588950332,
                6.418247373277898,
                18.18524512925179,
                12.430713838993416
            ]
        ],
        "C": 0.2
    },
    "output_params": {
        "output_dir": "output/OUT_config_0154_M8_Trivial_H20.0_mu5.01",
        "output_prefix": "mc_sim_Trivial_H20.0_mub5.01_M8"
    }
}