{
    "input_params": {
        "polymer_type": "Ring",
        "knot_type": "Trivial",
        "configuration": "input/init_config_Z/TrivialN64M8H20.00rho0.10.dat",
        "mu_b": 0.310130825590476,
        "M": 8,
        "init_N": 64,
        "rho_b": 0.1,
        "box_xy": 16.0,
        "H": 20.0,
        "rcut": 1.0,
        "max_N": 640,
        "external_potential": "custom"
    },
    "simulation_params": {
        "EPS_TRANS": 0.05,
        "ROT_RATIO": 0.3,
        "K_MAX": 10,
        "sample_interval": 5,
        "sample_time": 40000,
        "sample_block": 4,
        "dz": 0.02
    },
    "Vext_params": {
        "potential_type": "custom",
        "An": [
            3.760980065855159,
            -1.132899443229975,
            -1.3438708276164166,
            -0.15291524782806
        ],
        "phi_n": [
            1.753055955936327,
            3.177005795666787,
            2.58597061598621,
            1.2465027560551494
        ],
        "Vlin_par": [
            [
                -1.6968844783883765,
                3.3019540917705528,
                -1.2931392618642834,
                -1.5809784662628663
            ],
            [
                3.2387291575196397,
                -0.7530920082105569,
                0.7757505914717232,
                -0.92395566345916
            ]
        ],
        "x_tar": [
            [
                1.7759789384897862,
                10.588316077262581,
                3.7051655976434805,
                12.236995711376624
            ],
            [
                8.341557933326635,
                18.489690600168164,
                14.050714928716893,
                14.877714349251285
            ]
        ],
        "C": 0.2
    },
    "output_params": {
        "output_dir": "output/OUT_config_0201_M8_Trivial_H20.0_mu0.31",
        "output_prefix": "mc_sim_Trivial_H20.0_mub0.31_M8"
    }
}