{
    "input_params": {
        "polymer_type": "Ring",
        "knot_type": "Trivial",
        "configuration": "input/init_config_Z/TrivialN64M8H20.00rho0.10.dat",
        "mu_b": 5.027835546808861,
        "M": 8,
        "init_N": 64,
        "rho_b": 0.1,
        "box_xy": 16.0,
        "H": 20.0,
        "rcut": 1.0,
        "max_N": 640,
        "external_potential": "custom"
    },
    "simulation_params": {
        "EPS_TRANS": 0.05,
        "ROT_RATIO": 0.3,
        "K_MAX": 10,
        "sample_interval": 5,
        "sample_time": 40000,
        "sample_block": 4,
        "dz": 0.02
    },
    "Vext_params": {
        "potential_type": "custom",
        "An": [
            -1.0099629033661552,
            0.6366533546056896,
            -0.053168323838910424,
            1.9749439059726626
        ],
        "phi_n": [
            5.610132636585094,
            3.627681677690082,
            1.8362219475862687,
            2.6571520286173453
        ],
        "Vlin_par": [
            [
                -0.6405270350530979,
                0.041845517365411644,
                1.5205874009083462,
                0.533013066734956
            ],
            [
                0.264509711374254,
                -0.6223592882540088,
                1.2718422379094423,
                0.24575742624394814
            ]
        ],
        "x_tar": [
            [
                5.232902298372553,
                5.392205653174833,
                6.402282304940989,
                15.38035929906652
            ],
            [
                8.075937843142064,
                12.859429245523216,
                19.955815634460894,
                15.86882791083828
            ]
        ],
        "C": 0.2
    },
    "output_params": {
        "output_dir": "output/OUT_config_0120_M8_Trivial_H20.0_mu5.03",
        "output_prefix": "mc_sim_Trivial_H20.0_mub5.03_M8"
    }
}