{
    "input_params": {
        "polymer_type": "Ring",
        "knot_type": "Trivial",
        "configuration": "input/init_config_Z/TrivialN64M8H20.00rho0.10.dat",
        "mu_b": 5.145089008152772,
        "M": 8,
        "init_N": 64,
        "rho_b": 0.1,
        "box_xy": 16.0,
        "H": 20.0,
        "rcut": 1.0,
        "max_N": 640,
        "external_potential": "custom"
    },
    "simulation_params": {
        "EPS_TRANS": 0.05,
        "ROT_RATIO": 0.3,
        "K_MAX": 10,
        "sample_interval": 5,
        "sample_time": 40000,
        "sample_block": 4,
        "dz": 0.02
    },
    "Vext_params": {
        "potential_type": "custom",
        "An": [
            -2.2527465712647667,
            1.1567597928887041,
            -1.3447594130124951,
            -0.14563053597622652
        ],
        "phi_n": [
            3.1382758627245058,
            3.5372181129354585,
            1.7075912085764664,
            4.4311881593994
        ],
        "Vlin_par": [
            [
                -1.3472420965912761,
                -1.7649599034596264,
                -2.8444366723155974,
                2.7871918726633633
            ],
            [
                -0.06812865108251526,
                -0.04657102987038851,
                1.5409741516494742,
                0.3177848348117973
            ]
        ],
        "x_tar": [
            [
                11.310810163699374,
                5.701790417355658,
                1.2371638651448436,
                10.824104825987009
            ],
            [
                19.590745011800138,
                7.343057759274181,
                12.33049103121207,
                14.737343006194806
            ]
        ],
        "C": 0.2
    },
    "output_params": {
        "output_dir": "output/OUT_config_0469_M8_Trivial_H20.0_mu5.15",
        "output_prefix": "mc_sim_Trivial_H20.0_mub5.15_M8"
    }
}