{
    "input_params": {
        "polymer_type": "Ring",
        "knot_type": "Trivial",
        "configuration": "input/init_config_Z/TrivialN64M8H20.00rho0.10.dat",
        "mu_b": 0.48913426478269595,
        "M": 8,
        "init_N": 64,
        "rho_b": 0.1,
        "box_xy": 16.0,
        "H": 20.0,
        "rcut": 1.0,
        "max_N": 640,
        "external_potential": "custom"
    },
    "simulation_params": {
        "EPS_TRANS": 0.05,
        "ROT_RATIO": 0.3,
        "K_MAX": 10,
        "sample_interval": 5,
        "sample_time": 40000,
        "sample_block": 4,
        "dz": 0.02
    },
    "Vext_params": {
        "potential_type": "custom",
        "An": [
            0.16497542009147032,
            0.451507153311066,
            0.9159418413269689,
            0.7942014866801492
        ],
        "phi_n": [
            3.2411478508465077,
            2.069886815172031,
            5.801698265413708,
            0.9960393054711627
        ],
        "Vlin_par": [
            [
                -4.502806902727498,
                3.517589252718,
                -3.7371299699123584,
                2.2490199698219318
            ],
            [
                -0.3658711180211603,
                -0.746582903270605,
                -1.2200028792514275,
                2.154796176661525
            ]
        ],
        "x_tar": [
            [
                7.706294465981078,
                14.300695743361961,
                2.375530012264182,
                2.50789766570487
            ],
            [
                8.091206304172822,
                18.203872185897637,
                17.636069397887457,
                15.806002864564046
            ]
        ],
        "C": 0.2
    },
    "output_params": {
        "output_dir": "output/OUT_config_0442_M8_Trivial_H20.0_mu0.49",
        "output_prefix": "mc_sim_Trivial_H20.0_mub0.49_M8"
    }
}