{
    "input_params": {
        "polymer_type": "Ring",
        "knot_type": "Trivial",
        "configuration": "input/init_config_Z/TrivialN64M8H20.00rho0.10.dat",
        "mu_b": 5.8939668673793175,
        "M": 8,
        "init_N": 64,
        "rho_b": 0.1,
        "box_xy": 16.0,
        "H": 20.0,
        "rcut": 1.0,
        "max_N": 640,
        "external_potential": "custom"
    },
    "simulation_params": {
        "EPS_TRANS": 0.05,
        "ROT_RATIO": 0.3,
        "K_MAX": 10,
        "sample_interval": 5,
        "sample_time": 40000,
        "sample_block": 4,
        "dz": 0.02
    },
    "Vext_params": {
        "potential_type": "custom",
        "An": [
            -0.673313383251995,
            0.42719820454994606,
            0.4020303936951614,
            -0.0033840150854350898
        ],
        "phi_n": [
            2.8326095845488046,
            0.1814279915358206,
            1.5837977907870262,
            4.375957713435178
        ],
        "Vlin_par": [
            [
                2.485195169173698,
                1.817689709106128,
                -0.8621532962239333,
                2.3516589142494
            ],
            [
                0.8165046636582428,
                -1.0796229215638236,
                -1.9492681149596702,
                -1.1101143225416337
            ]
        ],
        "x_tar": [
            [
                13.730617472844246,
                12.832092471818353,
                1.0330554094516886,
                11.149164492103774
            ],
            [
                14.629979278123852,
                14.7262912229814,
                19.27668130502737,
                15.085050893921952
            ]
        ],
        "C": 0.2
    },
    "output_params": {
        "output_dir": "output/OUT_config_0107_M8_Trivial_H20.0_mu5.89",
        "output_prefix": "mc_sim_Trivial_H20.0_mub5.89_M8"
    }
}