{
    "input_params": {
        "polymer_type": "Ring",
        "knot_type": "Trivial",
        "configuration": "input/init_config_Z/TrivialN64M8H20.00rho0.10.dat",
        "mu_b": 3.3107314021355023,
        "M": 8,
        "init_N": 64,
        "rho_b": 0.1,
        "box_xy": 16.0,
        "H": 20.0,
        "rcut": 1.0,
        "max_N": 640,
        "external_potential": "custom"
    },
    "simulation_params": {
        "EPS_TRANS": 0.05,
        "ROT_RATIO": 0.3,
        "K_MAX": 10,
        "sample_interval": 5,
        "sample_time": 40000,
        "sample_block": 4,
        "dz": 0.02
    },
    "Vext_params": {
        "potential_type": "custom",
        "An": [
            -1.4463755283536366,
            -0.3302978563632753,
            -0.36398310853583704,
            0.3518663373103188
        ],
        "phi_n": [
            1.2214455827169797,
            0.5619791456689048,
            3.4439913832618676,
            2.597517451433996
        ],
        "Vlin_par": [
            [
                -2.8928981954247015,
                -0.44367861863372443,
                1.8099948563296138,
                -2.7261562628576534
            ],
            [
                -3.3375905641739965,
                0.8419387612399045,
                0.3762977738452488,
                -0.5151928695305514
            ]
        ],
        "x_tar": [
            [
                8.240196176408938,
                7.067820014838415,
                4.814954799682624,
                1.1671056069436592
            ],
            [
                16.7369360349373,
                9.187214068784034,
                16.039241999438183,
                4.728986025537831
            ]
        ],
        "C": 0.2
    },
    "output_params": {
        "output_dir": "output/OUT_config_0530_M8_Trivial_H20.0_mu3.31",
        "output_prefix": "mc_sim_Trivial_H20.0_mub3.31_M8"
    }
}