{
    "input_params": {
        "polymer_type": "Ring",
        "knot_type": "Trivial",
        "configuration": "input/init_config_Z/TrivialN64M8H20.00rho0.10.dat",
        "mu_b": 3.8548275576937447,
        "M": 8,
        "init_N": 64,
        "rho_b": 0.1,
        "box_xy": 16.0,
        "H": 20.0,
        "rcut": 1.0,
        "max_N": 640,
        "external_potential": "custom"
    },
    "simulation_params": {
        "EPS_TRANS": 0.05,
        "ROT_RATIO": 0.3,
        "K_MAX": 10,
        "sample_interval": 5,
        "sample_time": 40000,
        "sample_block": 4,
        "dz": 0.02
    },
    "Vext_params": {
        "potential_type": "custom",
        "An": [
            -0.5186933291128902,
            -2.766895641229288,
            -1.2608076127062564,
            -3.4810522216590187
        ],
        "phi_n": [
            1.9442283542738976,
            1.8538757389503493,
            2.631188013909639,
            4.526844983073608
        ],
        "Vlin_par": [
            [
                -4.817368744374492,
                -1.5228153189118263,
                -1.4330745478621914,
                1.4841131153777043
            ],
            [
                0.16475261787144804,
                1.118081087489532,
                -3.6020122557362795,
                -1.6455015250811025
            ]
        ],
        "x_tar": [
            [
                2.577137111161074,
                5.874080855187174,
                2.731166003235539,
                14.212755410315692
            ],
            [
                6.2717621695264985,
                16.16950921438683,
                16.28551219515368,
                17.443754532586947
            ]
        ],
        "C": 0.2
    },
    "output_params": {
        "output_dir": "output/OUT_config_0167_M8_Trivial_H20.0_mu3.85",
        "output_prefix": "mc_sim_Trivial_H20.0_mub3.85_M8"
    }
}