{
    "input_params": {
        "polymer_type": "Ring",
        "knot_type": "Trivial",
        "configuration": "input/init_config_Z/TrivialN64M8H20.00rho0.10.dat",
        "mu_b": 4.204995774532474,
        "M": 8,
        "init_N": 64,
        "rho_b": 0.1,
        "box_xy": 16.0,
        "H": 20.0,
        "rcut": 1.0,
        "max_N": 640,
        "external_potential": "custom"
    },
    "simulation_params": {
        "EPS_TRANS": 0.05,
        "ROT_RATIO": 0.3,
        "K_MAX": 10,
        "sample_interval": 5,
        "sample_time": 40000,
        "sample_block": 4,
        "dz": 0.02
    },
    "Vext_params": {
        "potential_type": "custom",
        "An": [
            1.2392138597569469,
            1.5017281151573454,
            -1.0375523711193357,
            1.0745428208925576
        ],
        "phi_n": [
            4.4921390091306685,
            5.036943028334403,
            3.8862816766165946,
            6.176289388658506
        ],
        "Vlin_par": [
            [
                0.2063683632824981,
                4.039529140998386,
                1.8102100366884484,
                0.32419643188103686
            ],
            [
                0.03213450052775202,
                -2.5571218121901986,
                0.05197928435093397,
                2.1045176328621475
            ]
        ],
        "x_tar": [
            [
                14.70807144364459,
                2.0766081964383543,
                5.394629936361528,
                4.497053463671494
            ],
            [
                18.769441195795153,
                5.443495801483751,
                16.202463224493666,
                4.52840553453022
            ]
        ],
        "C": 0.2
    },
    "output_params": {
        "output_dir": "output/OUT_config_0053_M8_Trivial_H20.0_mu4.20",
        "output_prefix": "mc_sim_Trivial_H20.0_mub4.20_M8"
    }
}