{
    "input_params": {
        "polymer_type": "Ring",
        "knot_type": "Trivial",
        "configuration": "input/init_config_Z/TrivialN64M8H20.00rho0.10.dat",
        "mu_b": 5.89460070054572,
        "M": 8,
        "init_N": 64,
        "rho_b": 0.1,
        "box_xy": 16.0,
        "H": 20.0,
        "rcut": 1.0,
        "max_N": 640,
        "external_potential": "custom"
    },
    "simulation_params": {
        "EPS_TRANS": 0.05,
        "ROT_RATIO": 0.3,
        "K_MAX": 10,
        "sample_interval": 5,
        "sample_time": 40000,
        "sample_block": 4,
        "dz": 0.02
    },
    "Vext_params": {
        "potential_type": "custom",
        "An": [
            0.2595904943222873,
            0.6040300462346321,
            0.15489397399234614,
            -1.418991447119341
        ],
        "phi_n": [
            2.0599366611605836,
            4.873858410901157,
            3.540677443134812,
            4.271103139045169
        ],
        "Vlin_par": [
            [
                1.610851329676383,
                2.8384645508217874,
                -2.183800597116445,
                0.9363752180576279
            ],
            [
                -0.44006525973737043,
                -2.49038664283148,
                2.795093788358819,
                2.3278383120647397
            ]
        ],
        "x_tar": [
            [
                2.3731055624694775,
                11.700163535808151,
                8.139970074971929,
                4.205536320008331
            ],
            [
                8.381826899646725,
                18.671012119995172,
                9.465602806215719,
                17.866709371966365
            ]
        ],
        "C": 0.2
    },
    "output_params": {
        "output_dir": "output/OUT_config_0037_M8_Trivial_H20.0_mu5.89",
        "output_prefix": "mc_sim_Trivial_H20.0_mub5.89_M8"
    }
}