{
    "input_params": {
        "polymer_type": "Ring",
        "knot_type": "Trivial",
        "configuration": "input/init_config_Z/TrivialN64M8H20.00rho0.10.dat",
        "mu_b": 0.6243263967244048,
        "M": 8,
        "init_N": 64,
        "rho_b": 0.1,
        "box_xy": 16.0,
        "H": 20.0,
        "rcut": 1.0,
        "max_N": 640,
        "external_potential": "custom"
    },
    "simulation_params": {
        "EPS_TRANS": 0.05,
        "ROT_RATIO": 0.3,
        "K_MAX": 10,
        "sample_interval": 5,
        "sample_time": 40000,
        "sample_block": 4,
        "dz": 0.02
    },
    "Vext_params": {
        "potential_type": "custom",
        "An": [
            0.6625874296264632,
            1.7029950166786256,
            3.805882877034337,
            -0.15186617337330968
        ],
        "phi_n": [
            4.397287573641394,
            2.68560848592707,
            1.32131625452722,
            5.633328564531244
        ],
        "Vlin_par": [
            [
                -3.1572440264576263,
                -0.7026272424793657,
                -4.5413661492649,
                -1.516479447943494
            ],
            [
                -0.3930474334703498,
                -0.08591560367172853,
                1.1593117293936739,
                2.592808909519191
            ]
        ],
        "x_tar": [
            [
                13.038525597240127,
                13.325103834820315,
                14.890429980171946,
                2.938363778693256
            ],
            [
                15.739572979820508,
                16.11648057888769,
                19.105702399029777,
                8.448335945516813
            ]
        ],
        "C": 0.2
    },
    "output_params": {
        "output_dir": "output/OUT_config_0590_M8_Trivial_H20.0_mu0.62",
        "output_prefix": "mc_sim_Trivial_H20.0_mub0.62_M8"
    }
}