{
    "input_params": {
        "polymer_type": "Ring",
        "knot_type": "Trivial",
        "configuration": "input/init_config_Z/TrivialN64M8H20.00rho0.10.dat",
        "mu_b": 4.36704616916177,
        "M": 8,
        "init_N": 64,
        "rho_b": 0.1,
        "box_xy": 16.0,
        "H": 20.0,
        "rcut": 1.0,
        "max_N": 640,
        "external_potential": "custom"
    },
    "simulation_params": {
        "EPS_TRANS": 0.05,
        "ROT_RATIO": 0.3,
        "K_MAX": 10,
        "sample_interval": 5,
        "sample_time": 40000,
        "sample_block": 4,
        "dz": 0.02
    },
    "Vext_params": {
        "potential_type": "custom",
        "An": [
            -2.2749919010844395,
            -1.88638046326503,
            -0.8516733002135326,
            -1.8419651078064492
        ],
        "phi_n": [
            0.4574352302676829,
            1.70056475599616,
            2.7011313176446836,
            4.358621112610649
        ],
        "Vlin_par": [
            [
                0.914937930694287,
                0.4426460485261665,
                -1.0116804031436515,
                -3.3778724989420685
            ],
            [
                0.04362958778091475,
                -0.46934613928845176,
                1.4571373136886723,
                0.2731808967402301
            ]
        ],
        "x_tar": [
            [
                2.023068005954387,
                3.373736422503557,
                2.695085200520313,
                9.366383786357623
            ],
            [
                12.067732792352688,
                8.832164743645212,
                9.365016355604654,
                10.598313386034462
            ]
        ],
        "C": 0.2
    },
    "output_params": {
        "output_dir": "output/OUT_config_0288_M8_Trivial_H20.0_mu4.37",
        "output_prefix": "mc_sim_Trivial_H20.0_mub4.37_M8"
    }
}