{
    "input_params": {
        "polymer_type": "Ring",
        "knot_type": "Trivial",
        "configuration": "input/init_config_Z/TrivialN64M8H20.00rho0.10.dat",
        "mu_b": -0.13724682914236697,
        "M": 8,
        "init_N": 64,
        "rho_b": 0.1,
        "box_xy": 16.0,
        "H": 20.0,
        "rcut": 1.0,
        "max_N": 640,
        "external_potential": "custom"
    },
    "simulation_params": {
        "EPS_TRANS": 0.05,
        "ROT_RATIO": 0.3,
        "K_MAX": 10,
        "sample_interval": 5,
        "sample_time": 40000,
        "sample_block": 4,
        "dz": 0.02
    },
    "Vext_params": {
        "potential_type": "custom",
        "An": [
            -2.364583919604445,
            -2.4597858456279282,
            -0.335809544157433,
            1.9805726200643317
        ],
        "phi_n": [
            6.226573073099269,
            2.6549062515534274,
            2.737083185303068,
            0.01690531109081549
        ],
        "Vlin_par": [
            [
                1.058639931133978,
                0.6772516833718111,
                -3.915580941844593,
                -0.5134781863352345
            ],
            [
                -3.7121116010774466,
                0.7105852006292547,
                -0.8732419956066737,
                -2.4886726344776244
            ]
        ],
        "x_tar": [
            [
                10.153802018306596,
                4.234222725851393,
                0.11253838483318068,
                19.41002377651694
            ],
            [
                18.772227748128746,
                8.620799294412706,
                7.323575843899288,
                19.600520314141068
            ]
        ],
        "C": 0.2
    },
    "output_params": {
        "output_dir": "output/OUT_config_0224_M8_Trivial_H20.0_mu-0.14",
        "output_prefix": "mc_sim_Trivial_H20.0_mub-0.14_M8"
    }
}