{
    "input_params": {
        "polymer_type": "Ring",
        "knot_type": "Trivial",
        "configuration": "input/init_config_Z/TrivialN64M8H20.00rho0.10.dat",
        "mu_b": 1.2327265469897242,
        "M": 8,
        "init_N": 64,
        "rho_b": 0.1,
        "box_xy": 16.0,
        "H": 20.0,
        "rcut": 1.0,
        "max_N": 640,
        "external_potential": "custom"
    },
    "simulation_params": {
        "EPS_TRANS": 0.05,
        "ROT_RATIO": 0.3,
        "K_MAX": 10,
        "sample_interval": 5,
        "sample_time": 40000,
        "sample_block": 4,
        "dz": 0.02
    },
    "Vext_params": {
        "potential_type": "custom",
        "An": [
            -1.1566493187710138,
            -1.0931471959844832,
            1.095451000032686,
            1.5881928429713648
        ],
        "phi_n": [
            3.202766198390211,
            1.2299778410503386,
            2.066303996750721,
            1.8217776778145043
        ],
        "Vlin_par": [
            [
                1.1596071926713387,
                -2.155059855336921,
                -1.4303842204726807,
                0.7190932601845268
            ],
            [
                -0.9713953569116203,
                3.6645508637147457,
                0.3245107250561563,
                2.4576812872318645
            ]
        ],
        "x_tar": [
            [
                16.826227781171436,
                2.5358573376789484,
                8.071132755459193,
                6.048563479257116
            ],
            [
                17.775401684602073,
                15.365834338946634,
                12.225773941938131,
                8.690669034931602
            ]
        ],
        "C": 0.2
    },
    "output_params": {
        "output_dir": "output/OUT_config_0007_M8_Trivial_H20.0_mu1.23",
        "output_prefix": "mc_sim_Trivial_H20.0_mub1.23_M8"
    }
}