{
    "input_params": {
        "polymer_type": "Ring",
        "knot_type": "Trivial",
        "configuration": "input/init_config_Z/TrivialN64M8H20.00rho0.10.dat",
        "mu_b": 5.2397007190344524,
        "M": 8,
        "init_N": 64,
        "rho_b": 0.1,
        "box_xy": 16.0,
        "H": 20.0,
        "rcut": 1.0,
        "max_N": 640,
        "external_potential": "custom"
    },
    "simulation_params": {
        "EPS_TRANS": 0.05,
        "ROT_RATIO": 0.3,
        "K_MAX": 10,
        "sample_interval": 5,
        "sample_time": 40000,
        "sample_block": 4,
        "dz": 0.02
    },
    "Vext_params": {
        "potential_type": "custom",
        "An": [
            -2.4281660422154108,
            -1.2425624415976055,
            -1.5426193252355593,
            -0.5540852844971449
        ],
        "phi_n": [
            4.728862532427319,
            1.0703138308994062,
            3.5951881023192613,
            4.97692266543996
        ],
        "Vlin_par": [
            [
                -4.113596579498943,
                -4.760074779217125,
                1.830833319179583,
                0.04048356583337795
            ],
            [
                3.001890441321912,
                -1.526857911153303,
                1.3891285699768923,
                -3.7090481485780105
            ]
        ],
        "x_tar": [
            [
                7.730909436847613,
                11.749953774305897,
                7.587116266884042,
                5.222133462375846
            ],
            [
                17.76469155939569,
                16.200000029125597,
                13.191015744515603,
                11.584272985741798
            ]
        ],
        "C": 0.2
    },
    "output_params": {
        "output_dir": "output/OUT_config_0511_M8_Trivial_H20.0_mu5.24",
        "output_prefix": "mc_sim_Trivial_H20.0_mub5.24_M8"
    }
}