{
    "input_params": {
        "polymer_type": "Ring",
        "knot_type": "Trivial",
        "configuration": "input/init_config_Z/TrivialN64M8H20.00rho0.10.dat",
        "mu_b": 1.060415351678596,
        "M": 8,
        "init_N": 64,
        "rho_b": 0.1,
        "box_xy": 16.0,
        "H": 20.0,
        "rcut": 1.0,
        "max_N": 640,
        "external_potential": "custom"
    },
    "simulation_params": {
        "EPS_TRANS": 0.05,
        "ROT_RATIO": 0.3,
        "K_MAX": 10,
        "sample_interval": 5,
        "sample_time": 40000,
        "sample_block": 4,
        "dz": 0.02
    },
    "Vext_params": {
        "potential_type": "custom",
        "An": [
            1.1192021004700559,
            2.266068548550546,
            0.4417510684458615,
            -0.6645792332829978
        ],
        "phi_n": [
            0.1527355620616451,
            0.29236594768284524,
            5.06862635067665,
            6.0418261546739425
        ],
        "Vlin_par": [
            [
                1.3577728381715377,
                -0.21740314434524693,
                2.486759486868665,
                -2.428655518881908
            ],
            [
                -1.2198836647571702,
                0.8520805942535717,
                0.40760307663954604,
                1.0464167538144977
            ]
        ],
        "x_tar": [
            [
                1.5932248579306374,
                14.180818597739401,
                14.187001711858144,
                12.846761824617342
            ],
            [
                17.09982701371767,
                18.353739501357985,
                19.05355631077972,
                13.606424770919403
            ]
        ],
        "C": 0.2
    },
    "output_params": {
        "output_dir": "output/OUT_config_0220_M8_Trivial_H20.0_mu1.06",
        "output_prefix": "mc_sim_Trivial_H20.0_mub1.06_M8"
    }
}