{
    "input_params": {
        "polymer_type": "Ring",
        "knot_type": "Trivial",
        "configuration": "input/init_config_Z/TrivialN64M8H20.00rho0.10.dat",
        "mu_b": 0.3510770755971342,
        "M": 8,
        "init_N": 64,
        "rho_b": 0.1,
        "box_xy": 16.0,
        "H": 20.0,
        "rcut": 1.0,
        "max_N": 640,
        "external_potential": "custom"
    },
    "simulation_params": {
        "EPS_TRANS": 0.05,
        "ROT_RATIO": 0.3,
        "K_MAX": 10,
        "sample_interval": 5,
        "sample_time": 40000,
        "sample_block": 4,
        "dz": 0.02
    },
    "Vext_params": {
        "potential_type": "custom",
        "An": [
            0.3599009255360547,
            -0.848777776888022,
            1.2805031371350035,
            -2.625243721741456
        ],
        "phi_n": [
            0.7752516264383534,
            0.013280126827903407,
            3.611421926156908,
            1.594004977572855
        ],
        "Vlin_par": [
            [
                -3.8269132259485383,
                2.029556436234768,
                -1.865122978187667,
                2.1839194752149504
            ],
            [
                0.24007223579748868,
                1.5478820872899979,
                0.8833934592094668,
                -2.7190086207491215
            ]
        ],
        "x_tar": [
            [
                10.11893371566071,
                12.92716310326309,
                4.759688047627195,
                3.3031409390897837
            ],
            [
                17.67587658827456,
                14.489909846089585,
                17.875057037416234,
                6.669233135721628
            ]
        ],
        "C": 0.2
    },
    "output_params": {
        "output_dir": "output/OUT_config_0383_M8_Trivial_H20.0_mu0.35",
        "output_prefix": "mc_sim_Trivial_H20.0_mub0.35_M8"
    }
}