{
    "input_params": {
        "polymer_type": "Ring",
        "knot_type": "Trivial",
        "configuration": "input/init_config_Z/TrivialN64M8H20.00rho0.10.dat",
        "mu_b": 4.128492933372923,
        "M": 8,
        "init_N": 64,
        "rho_b": 0.1,
        "box_xy": 16.0,
        "H": 20.0,
        "rcut": 1.0,
        "max_N": 640,
        "external_potential": "custom"
    },
    "simulation_params": {
        "EPS_TRANS": 0.05,
        "ROT_RATIO": 0.3,
        "K_MAX": 10,
        "sample_interval": 5,
        "sample_time": 40000,
        "sample_block": 4,
        "dz": 0.02
    },
    "Vext_params": {
        "potential_type": "custom",
        "An": [
            -0.09656579350048088,
            1.1950403715253148,
            1.9735425039773058,
            2.317506869336496
        ],
        "phi_n": [
            3.576714791837157,
            4.430603047526267,
            4.487678116765174,
            0.19006784041284747
        ],
        "Vlin_par": [
            [
                -1.1606975866135498,
                -0.05153057573818626,
                -0.4157637844101639,
                -1.9231607231230545
            ],
            [
                0.8683991753509359,
                -0.09747279922238478,
                1.1101698273776976,
                0.18168548240497406
            ]
        ],
        "x_tar": [
            [
                1.7135123536911845,
                9.644262940654984,
                0.994689814227403,
                11.8750267165983
            ],
            [
                10.78794524654856,
                16.50959877304557,
                15.705431679508164,
                19.377993152280006
            ]
        ],
        "C": 0.2
    },
    "output_params": {
        "output_dir": "output/OUT_config_0129_M8_Trivial_H20.0_mu4.13",
        "output_prefix": "mc_sim_Trivial_H20.0_mub4.13_M8"
    }
}