{
    "input_params": {
        "polymer_type": "Ring",
        "knot_type": "Trivial",
        "configuration": "input/init_config_Z/TrivialN64M8H20.00rho0.10.dat",
        "mu_b": 4.301098898079521,
        "M": 8,
        "init_N": 64,
        "rho_b": 0.1,
        "box_xy": 16.0,
        "H": 20.0,
        "rcut": 1.0,
        "max_N": 640,
        "external_potential": "custom"
    },
    "simulation_params": {
        "EPS_TRANS": 0.05,
        "ROT_RATIO": 0.3,
        "K_MAX": 10,
        "sample_interval": 5,
        "sample_time": 40000,
        "sample_block": 4,
        "dz": 0.02
    },
    "Vext_params": {
        "potential_type": "custom",
        "An": [
            -2.2734246550003774,
            -0.7091627909299633,
            -0.3433700467783513,
            -1.7842829419603308
        ],
        "phi_n": [
            2.5355557103117996,
            3.430189074566995,
            1.408571686915319,
            2.4800652719872525
        ],
        "Vlin_par": [
            [
                -0.8787598510252627,
                4.176869284959499,
                0.4981905189081333,
                -0.4518174557004117
            ],
            [
                0.5141266491487471,
                0.3135893118600355,
                1.3614906206809778,
                -1.1699327394492198
            ]
        ],
        "x_tar": [
            [
                8.244454418282478,
                12.112773368999353,
                10.987740925693199,
                4.408496743012087
            ],
            [
                10.159308751715377,
                13.131112090980146,
                19.27505018154033,
                13.472829844893921
            ]
        ],
        "C": 0.2
    },
    "output_params": {
        "output_dir": "output/OUT_config_0044_M8_Trivial_H20.0_mu4.30",
        "output_prefix": "mc_sim_Trivial_H20.0_mub4.30_M8"
    }
}