{
    "input_params": {
        "polymer_type": "Ring",
        "knot_type": "Trivial",
        "configuration": "input/init_config_Z/TrivialN64M8H20.00rho0.10.dat",
        "mu_b": 4.437849801881417,
        "M": 8,
        "init_N": 64,
        "rho_b": 0.1,
        "box_xy": 16.0,
        "H": 20.0,
        "rcut": 1.0,
        "max_N": 640,
        "external_potential": "custom"
    },
    "simulation_params": {
        "EPS_TRANS": 0.05,
        "ROT_RATIO": 0.3,
        "K_MAX": 10,
        "sample_interval": 5,
        "sample_time": 40000,
        "sample_block": 4,
        "dz": 0.02
    },
    "Vext_params": {
        "potential_type": "custom",
        "An": [
            -1.0510600885837282,
            -0.5782990184926191,
            1.054322370259702,
            1.4994335314690586
        ],
        "phi_n": [
            2.6089135511667982,
            4.446126242985099,
            0.04854569914016483,
            1.1949921844109308
        ],
        "Vlin_par": [
            [
                -0.8834860589577661,
                -2.4714777605807536,
                2.4830182616078873,
                0.3816177707829644
            ],
            [
                1.0031233677949667,
                2.1926617240666824,
                -0.3595032179634935,
                -2.6120109800327103
            ]
        ],
        "x_tar": [
            [
                3.5640521451642515,
                15.167204644332859,
                1.7260832260813341,
                1.9780245989018952
            ],
            [
                16.572426728184787,
                15.49533095726823,
                12.104914350820843,
                3.1986556861839177
            ]
        ],
        "C": 0.2
    },
    "output_params": {
        "output_dir": "output/OUT_config_0496_M8_Trivial_H20.0_mu4.44",
        "output_prefix": "mc_sim_Trivial_H20.0_mub4.44_M8"
    }
}