{
    "input_params": {
        "polymer_type": "Ring",
        "knot_type": "Trivial",
        "configuration": "input/init_config_Z/TrivialN64M8H20.00rho0.10.dat",
        "mu_b": 1.3327833855779687,
        "M": 8,
        "init_N": 64,
        "rho_b": 0.1,
        "box_xy": 16.0,
        "H": 20.0,
        "rcut": 1.0,
        "max_N": 640,
        "external_potential": "custom"
    },
    "simulation_params": {
        "EPS_TRANS": 0.05,
        "ROT_RATIO": 0.3,
        "K_MAX": 10,
        "sample_interval": 5,
        "sample_time": 40000,
        "sample_block": 4,
        "dz": 0.02
    },
    "Vext_params": {
        "potential_type": "custom",
        "An": [
            -0.2251407414652455,
            -0.8866001549924054,
            2.6654666362815855,
            2.3738744736097965
        ],
        "phi_n": [
            2.1021087393237177,
            4.707019600431847,
            5.57490224700687,
            0.43038897004397175
        ],
        "Vlin_par": [
            [
                -2.529241174958771,
                -0.5123559452565634,
                3.093497763310773,
                2.2089104771673926
            ],
            [
                -1.9486952395675357,
                -1.7480023813055043,
                0.8510453185214513,
                -3.809647668505932
            ]
        ],
        "x_tar": [
            [
                6.567317189350588,
                14.766677705691942,
                15.445041071736124,
                8.92213929129094
            ],
            [
                9.504407050365343,
                18.22727602433144,
                16.86832393898562,
                15.022211509885832
            ]
        ],
        "C": 0.2
    },
    "output_params": {
        "output_dir": "output/OUT_config_0043_M8_Trivial_H20.0_mu1.33",
        "output_prefix": "mc_sim_Trivial_H20.0_mub1.33_M8"
    }
}