{
    "input_params": {
        "polymer_type": "Ring",
        "knot_type": "Trivial",
        "configuration": "input/init_config_Z/TrivialN64M8H20.00rho0.10.dat",
        "mu_b": 0.45367357558814714,
        "M": 8,
        "init_N": 64,
        "rho_b": 0.1,
        "box_xy": 16.0,
        "H": 20.0,
        "rcut": 1.0,
        "max_N": 640,
        "external_potential": "custom"
    },
    "simulation_params": {
        "EPS_TRANS": 0.05,
        "ROT_RATIO": 0.3,
        "K_MAX": 10,
        "sample_interval": 5,
        "sample_time": 40000,
        "sample_block": 4,
        "dz": 0.02
    },
    "Vext_params": {
        "potential_type": "custom",
        "An": [
            0.9065960283322727,
            0.326549859214699,
            -0.8005509106874256,
            1.6665811706095122
        ],
        "phi_n": [
            3.291454196924849,
            0.11554342103156534,
            1.6812073923125774,
            6.187086314341714
        ],
        "Vlin_par": [
            [
                -3.629819721115002,
                -2.6432122328493692,
                2.181000644572675,
                1.054552050068484
            ],
            [
                -0.72644896422889,
                -1.0629068486138735,
                0.8577974248453563,
                1.8742205280704436
            ]
        ],
        "x_tar": [
            [
                0.020171570556215546,
                1.9696691623887896,
                0.6187762007069075,
                3.357684399785452
            ],
            [
                12.011357237401976,
                18.90830184193526,
                5.073288489826179,
                10.00646135007019
            ]
        ],
        "C": 0.2
    },
    "output_params": {
        "output_dir": "output/OUT_config_0364_M8_Trivial_H20.0_mu0.45",
        "output_prefix": "mc_sim_Trivial_H20.0_mub0.45_M8"
    }
}