{
    "input_params": {
        "polymer_type": "Ring",
        "knot_type": "Trivial",
        "configuration": "input/init_config_Z/TrivialN64M8H20.00rho0.10.dat",
        "mu_b": 0.44496046683902013,
        "M": 8,
        "init_N": 64,
        "rho_b": 0.1,
        "box_xy": 16.0,
        "H": 20.0,
        "rcut": 1.0,
        "max_N": 640,
        "external_potential": "custom"
    },
    "simulation_params": {
        "EPS_TRANS": 0.05,
        "ROT_RATIO": 0.3,
        "K_MAX": 10,
        "sample_interval": 5,
        "sample_time": 40000,
        "sample_block": 4,
        "dz": 0.02
    },
    "Vext_params": {
        "potential_type": "custom",
        "An": [
            -1.7061989167136649,
            -2.04456274174874,
            1.6982344554752202,
            1.688204998397366
        ],
        "phi_n": [
            4.587316271761956,
            5.055635627562678,
            5.1250750957823215,
            5.630904769420551
        ],
        "Vlin_par": [
            [
                1.2304818741765964,
                1.1690872914825496,
                2.026568367472431,
                2.9635547860505915
            ],
            [
                2.3359394203973873,
                0.9178820927435742,
                -0.4610106435679236,
                0.31413574482878504
            ]
        ],
        "x_tar": [
            [
                4.3173934500454685,
                3.0168716903502557,
                3.805344656073184,
                12.575060835036837
            ],
            [
                7.331434017138159,
                15.475391569281609,
                15.538107541682288,
                19.505339541768308
            ]
        ],
        "C": 0.2
    },
    "output_params": {
        "output_dir": "output/OUT_config_0018_M8_Trivial_H20.0_mu0.44",
        "output_prefix": "mc_sim_Trivial_H20.0_mub0.44_M8"
    }
}