{
    "input_params": {
        "polymer_type": "Ring",
        "knot_type": "Trivial",
        "configuration": "input/init_config_Z/TrivialN64M8H20.00rho0.10.dat",
        "mu_b": 0.7331636823174306,
        "M": 8,
        "init_N": 64,
        "rho_b": 0.1,
        "box_xy": 16.0,
        "H": 20.0,
        "rcut": 1.0,
        "max_N": 640,
        "external_potential": "custom"
    },
    "simulation_params": {
        "EPS_TRANS": 0.05,
        "ROT_RATIO": 0.3,
        "K_MAX": 10,
        "sample_interval": 5,
        "sample_time": 40000,
        "sample_block": 4,
        "dz": 0.02
    },
    "Vext_params": {
        "potential_type": "custom",
        "An": [
            -0.9862545270085994,
            -1.593195036463583,
            -0.8308293667948663,
            -0.9643237472222945
        ],
        "phi_n": [
            2.105979462898988,
            2.8982505973573858,
            0.31557646988296717,
            1.9857194565791008
        ],
        "Vlin_par": [
            [
                -2.0474551902200626,
                1.0759576010773997,
                -0.26499340177351094,
                -0.7347043503472297
            ],
            [
                1.1555346069170604,
                0.6774057828216694,
                -0.7719482357076668,
                -1.375350595532872
            ]
        ],
        "x_tar": [
            [
                8.350260478190814,
                3.9557656169165245,
                5.2863961075847765,
                8.297780716662633
            ],
            [
                11.64970163882546,
                12.675265512556562,
                15.967227001341499,
                8.519904726858607
            ]
        ],
        "C": 0.2
    },
    "output_params": {
        "output_dir": "output/OUT_config_0019_M8_Trivial_H20.0_mu0.73",
        "output_prefix": "mc_sim_Trivial_H20.0_mub0.73_M8"
    }
}