{
    "input_params": {
        "polymer_type": "Ring",
        "knot_type": "Trivial",
        "configuration": "input/init_config_Z/TrivialN64M8H20.00rho0.10.dat",
        "mu_b": 3.8971275283766236,
        "M": 8,
        "init_N": 64,
        "rho_b": 0.1,
        "box_xy": 16.0,
        "H": 20.0,
        "rcut": 1.0,
        "max_N": 640,
        "external_potential": "custom"
    },
    "simulation_params": {
        "EPS_TRANS": 0.05,
        "ROT_RATIO": 0.3,
        "K_MAX": 10,
        "sample_interval": 5,
        "sample_time": 40000,
        "sample_block": 4,
        "dz": 0.02
    },
    "Vext_params": {
        "potential_type": "custom",
        "An": [
            0.06751735345840407,
            -2.9202913404754725,
            -0.9815272311211429,
            0.7538348842454081
        ],
        "phi_n": [
            2.639414456413857,
            3.298390352802825,
            4.973264540126799,
            4.506126592284849
        ],
        "Vlin_par": [
            [
                3.176934901627541,
                -1.2659736947306457,
                1.905185862663057,
                0.80550116425511
            ],
            [
                2.828305688866485,
                -1.1852757801787437,
                -2.2632804139176277,
                2.521849662000476
            ]
        ],
        "x_tar": [
            [
                13.118822149295067,
                10.92526524286692,
                11.392908555342881,
                5.625186398601169
            ],
            [
                19.360776657565175,
                17.07340310673713,
                19.814830010000342,
                7.2193438236045875
            ]
        ],
        "C": 0.2
    },
    "output_params": {
        "output_dir": "output/OUT_config_0508_M8_Trivial_H20.0_mu3.90",
        "output_prefix": "mc_sim_Trivial_H20.0_mub3.90_M8"
    }
}