{
    "input_params": {
        "polymer_type": "Ring",
        "knot_type": "Trivial",
        "configuration": "input/init_config_Z/TrivialN64M8H20.00rho0.10.dat",
        "mu_b": 5.789504085475432,
        "M": 8,
        "init_N": 64,
        "rho_b": 0.1,
        "box_xy": 16.0,
        "H": 20.0,
        "rcut": 1.0,
        "max_N": 640,
        "external_potential": "custom"
    },
    "simulation_params": {
        "EPS_TRANS": 0.05,
        "ROT_RATIO": 0.3,
        "K_MAX": 10,
        "sample_interval": 5,
        "sample_time": 40000,
        "sample_block": 4,
        "dz": 0.02
    },
    "Vext_params": {
        "potential_type": "custom",
        "An": [
            0.7906634430934554,
            0.2634199439797694,
            -0.6065190413688117,
            1.2864444022227084
        ],
        "phi_n": [
            6.154945382055707,
            1.4901619361217204,
            5.088726529389683,
            0.9439185889528369
        ],
        "Vlin_par": [
            [
                0.27540943598920276,
                -1.2224015597514872,
                1.4343696322495878,
                -1.3732043860534575
            ],
            [
                1.0724236043225914,
                -4.200806718438269,
                -1.2815512173317003,
                -1.7013964154652523
            ]
        ],
        "x_tar": [
            [
                10.620240499758058,
                5.0526515604990285,
                10.075889608206001,
                5.6618786396095615
            ],
            [
                17.3138933582317,
                13.540547733483377,
                12.06041445947543,
                5.877717627168533
            ]
        ],
        "C": 0.2
    },
    "output_params": {
        "output_dir": "output/OUT_config_0384_M8_Trivial_H20.0_mu5.79",
        "output_prefix": "mc_sim_Trivial_H20.0_mub5.79_M8"
    }
}