{
    "input_params": {
        "polymer_type": "Ring",
        "knot_type": "Trivial",
        "configuration": "input/init_config_Z/TrivialN64M8H20.00rho0.10.dat",
        "mu_b": 4.136700342966292,
        "M": 8,
        "init_N": 64,
        "rho_b": 0.1,
        "box_xy": 16.0,
        "H": 20.0,
        "rcut": 1.0,
        "max_N": 640,
        "external_potential": "custom"
    },
    "simulation_params": {
        "EPS_TRANS": 0.05,
        "ROT_RATIO": 0.3,
        "K_MAX": 10,
        "sample_interval": 5,
        "sample_time": 40000,
        "sample_block": 4,
        "dz": 0.02
    },
    "Vext_params": {
        "potential_type": "custom",
        "An": [
            0.07587204192845515,
            0.3691250603385155,
            1.910532157819177,
            -0.39025999709573933
        ],
        "phi_n": [
            5.287891409151951,
            1.1646952917399733,
            3.7999141224674053,
            2.8233868994127946
        ],
        "Vlin_par": [
            [
                -0.27937960132868456,
                -0.31167829112853607,
                0.19272677084907178,
                -2.702979594101097
            ],
            [
                -0.6971958970430366,
                1.79209313904229,
                -2.6314073780818448,
                -0.9488605013986545
            ]
        ],
        "x_tar": [
            [
                8.017964773080513,
                2.766195944583212,
                0.9510325409628995,
                11.882593157741066
            ],
            [
                18.841046184839463,
                7.904496172525562,
                16.62322623565199,
                18.474660626326155
            ]
        ],
        "C": 0.2
    },
    "output_params": {
        "output_dir": "output/OUT_config_0326_M8_Trivial_H20.0_mu4.14",
        "output_prefix": "mc_sim_Trivial_H20.0_mub4.14_M8"
    }
}