{
    "input_params": {
        "polymer_type": "Ring",
        "knot_type": "Trivial",
        "configuration": "input/init_config_Z/TrivialN64M8H20.00rho0.10.dat",
        "mu_b": -0.4331456813328147,
        "M": 8,
        "init_N": 64,
        "rho_b": 0.1,
        "box_xy": 16.0,
        "H": 20.0,
        "rcut": 1.0,
        "max_N": 640,
        "external_potential": "custom"
    },
    "simulation_params": {
        "EPS_TRANS": 0.05,
        "ROT_RATIO": 0.3,
        "K_MAX": 10,
        "sample_interval": 5,
        "sample_time": 40000,
        "sample_block": 4,
        "dz": 0.02
    },
    "Vext_params": {
        "potential_type": "custom",
        "An": [
            -2.655063951665765,
            2.206603836314852,
            -1.1618717902122135,
            1.1817291996662693
        ],
        "phi_n": [
            1.5226939180216983,
            1.813538651442565,
            2.6063189277331564,
            3.9436726014268975
        ],
        "Vlin_par": [
            [
                -2.3425366607309934,
                -1.2210487815214923,
                -3.5936578972387743,
                2.895764028578198
            ],
            [
                -0.9658189778407652,
                -4.77938650345913,
                1.660479766382408,
                0.7080474502669996
            ]
        ],
        "x_tar": [
            [
                7.331536934589069,
                5.421714596430826,
                2.0468347816461097,
                4.1782447512945105
            ],
            [
                8.642212826839074,
                16.169083657668995,
                6.208291176028366,
                9.67243780581547
            ]
        ],
        "C": 0.2
    },
    "output_params": {
        "output_dir": "output/OUT_config_0131_M8_Trivial_H20.0_mu-0.43",
        "output_prefix": "mc_sim_Trivial_H20.0_mub-0.43_M8"
    }
}