{
    "input_params": {
        "polymer_type": "Ring",
        "knot_type": "Trivial",
        "configuration": "input/init_config_Z/TrivialN64M8H20.00rho0.10.dat",
        "mu_b": 4.537139199925552,
        "M": 8,
        "init_N": 64,
        "rho_b": 0.1,
        "box_xy": 16.0,
        "H": 20.0,
        "rcut": 1.0,
        "max_N": 640,
        "external_potential": "custom"
    },
    "simulation_params": {
        "EPS_TRANS": 0.05,
        "ROT_RATIO": 0.3,
        "K_MAX": 10,
        "sample_interval": 5,
        "sample_time": 40000,
        "sample_block": 4,
        "dz": 0.02
    },
    "Vext_params": {
        "potential_type": "custom",
        "An": [
            1.2040299746706065,
            2.1654752018475505,
            3.411617407832448,
            0.036003883392640365
        ],
        "phi_n": [
            5.525936073609105,
            5.688826453155205,
            4.3687940896881585,
            3.038767949794504
        ],
        "Vlin_par": [
            [
                2.1631354418820457,
                0.5085550821557866,
                2.4355575910691147,
                0.2754137243096471
            ],
            [
                0.49381986579928766,
                -2.576141149773994,
                1.3131550983456612,
                -0.720665065734852
            ]
        ],
        "x_tar": [
            [
                5.602721501939136,
                7.212469309008864,
                3.3658652874416806,
                7.323068352116984
            ],
            [
                16.745228928671192,
                14.417181788083388,
                18.258520229153717,
                18.953095054763647
            ]
        ],
        "C": 0.2
    },
    "output_params": {
        "output_dir": "output/OUT_config_0340_M8_Trivial_H20.0_mu4.54",
        "output_prefix": "mc_sim_Trivial_H20.0_mub4.54_M8"
    }
}