{
    "input_params": {
        "polymer_type": "Ring",
        "knot_type": "Trivial",
        "configuration": "input/init_config_Z/TrivialN64M8H20.00rho0.10.dat",
        "mu_b": 2.281654099508583,
        "M": 8,
        "init_N": 64,
        "rho_b": 0.1,
        "box_xy": 16.0,
        "H": 20.0,
        "rcut": 1.0,
        "max_N": 640,
        "external_potential": "custom"
    },
    "simulation_params": {
        "EPS_TRANS": 0.05,
        "ROT_RATIO": 0.3,
        "K_MAX": 10,
        "sample_interval": 5,
        "sample_time": 40000,
        "sample_block": 4,
        "dz": 0.02
    },
    "Vext_params": {
        "potential_type": "custom",
        "An": [
            0.4551918684089457,
            0.5813840482961583,
            0.23759968216903427,
            0.16058145769110824
        ],
        "phi_n": [
            3.0464388607479354,
            2.943196525687093,
            2.376097961716546,
            4.021993152573959
        ],
        "Vlin_par": [
            [
                -1.323127258232112,
                0.2504783386229934,
                2.1954472362019373,
                -0.7680802015641267
            ],
            [
                -1.6362763113576095,
                -0.09288496392930025,
                1.9055919569488637,
                1.1378758060873977
            ]
        ],
        "x_tar": [
            [
                4.124977038831599,
                4.505814889568378,
                3.2431753915910777,
                12.000572769136092
            ],
            [
                14.31327134081932,
                7.530043496841927,
                14.310489402176774,
                16.399846369199725
            ]
        ],
        "C": 0.2
    },
    "output_params": {
        "output_dir": "output/OUT_config_0551_M8_Trivial_H20.0_mu2.28",
        "output_prefix": "mc_sim_Trivial_H20.0_mub2.28_M8"
    }
}