{
    "input_params": {
        "polymer_type": "Ring",
        "knot_type": "Trivial",
        "configuration": "input/init_config_Z/TrivialN64M8H20.00rho0.10.dat",
        "mu_b": 1.744358523175388,
        "M": 8,
        "init_N": 64,
        "rho_b": 0.1,
        "box_xy": 16.0,
        "H": 20.0,
        "rcut": 1.0,
        "max_N": 640,
        "external_potential": "custom"
    },
    "simulation_params": {
        "EPS_TRANS": 0.05,
        "ROT_RATIO": 0.3,
        "K_MAX": 10,
        "sample_interval": 5,
        "sample_time": 40000,
        "sample_block": 4,
        "dz": 0.02
    },
    "Vext_params": {
        "potential_type": "custom",
        "An": [
            2.9684399381703868,
            -0.4967748414640006,
            -0.39744921718164367,
            -1.1174459087191424
        ],
        "phi_n": [
            2.9028518062277398,
            2.330607613214429,
            5.82533628119794,
            2.8318442428290824
        ],
        "Vlin_par": [
            [
                1.3762990807239466,
                0.657974287341734,
                2.6142515444259713,
                -3.3643141533496146
            ],
            [
                -1.8765581688268647,
                1.856122396020393,
                -0.0889442465256634,
                0.7643446652997015
            ]
        ],
        "x_tar": [
            [
                1.395766135186518,
                1.7537409428261008,
                5.499429107360423,
                5.232750636276071
            ],
            [
                4.1523572993686875,
                15.298580949021412,
                6.734979113544782,
                7.542880628207264
            ]
        ],
        "C": 0.2
    },
    "output_params": {
        "output_dir": "output/OUT_config_0158_M8_Trivial_H20.0_mu1.74",
        "output_prefix": "mc_sim_Trivial_H20.0_mub1.74_M8"
    }
}