{
    "input_params": {
        "polymer_type": "Ring",
        "knot_type": "Trivial",
        "configuration": "input/init_config_Z/TrivialN64M8H20.00rho0.10.dat",
        "mu_b": 3.8122082287804684,
        "M": 8,
        "init_N": 64,
        "rho_b": 0.1,
        "box_xy": 16.0,
        "H": 20.0,
        "rcut": 1.0,
        "max_N": 640,
        "external_potential": "custom"
    },
    "simulation_params": {
        "EPS_TRANS": 0.05,
        "ROT_RATIO": 0.3,
        "K_MAX": 10,
        "sample_interval": 5,
        "sample_time": 40000,
        "sample_block": 4,
        "dz": 0.02
    },
    "Vext_params": {
        "potential_type": "custom",
        "An": [
            -1.1448001175168594,
            -1.1070154957113847,
            0.6905764344879496,
            0.24986152671242656
        ],
        "phi_n": [
            1.0213469970354923,
            1.2888238815617894,
            5.191812415007575,
            1.8999157595504097
        ],
        "Vlin_par": [
            [
                2.390018162119212,
                -1.1043399462712944,
                -1.3600085632517218,
                1.462728495840662
            ],
            [
                -0.6218763251215178,
                -1.6060765393023073,
                -0.7217698182108397,
                2.0970084481955786
            ]
        ],
        "x_tar": [
            [
                12.932979310089296,
                2.449908288394671,
                11.476702471426979,
                0.21633576424072487
            ],
            [
                17.912335572151218,
                5.399387474264767,
                19.55280523479211,
                4.83173978450213
            ]
        ],
        "C": 0.2
    },
    "output_params": {
        "output_dir": "output/OUT_config_0004_M8_Trivial_H20.0_mu3.81",
        "output_prefix": "mc_sim_Trivial_H20.0_mub3.81_M8"
    }
}