{
    "input_params": {
        "polymer_type": "Ring",
        "knot_type": "Trivial",
        "configuration": "input/init_config_Z/TrivialN64M8H20.00rho0.10.dat",
        "mu_b": 2.3302599483107973,
        "M": 8,
        "init_N": 64,
        "rho_b": 0.1,
        "box_xy": 16.0,
        "H": 20.0,
        "rcut": 1.0,
        "max_N": 640,
        "external_potential": "custom"
    },
    "simulation_params": {
        "EPS_TRANS": 0.05,
        "ROT_RATIO": 0.3,
        "K_MAX": 10,
        "sample_interval": 5,
        "sample_time": 40000,
        "sample_block": 4,
        "dz": 0.02
    },
    "Vext_params": {
        "potential_type": "custom",
        "An": [
            -2.037806056195571,
            3.903538570699657,
            0.7574186383842171,
            -0.8324848213440853
        ],
        "phi_n": [
            5.463693340380136,
            5.827231771370046,
            4.335454737472629,
            6.086757922820813
        ],
        "Vlin_par": [
            [
                3.3815101878939755,
                0.7576296735357384,
                2.2133991817373886,
                -1.6696320165328518
            ],
            [
                5.008536703295001,
                -0.9067786779925053,
                0.683974494085212,
                3.8163124286188492
            ]
        ],
        "x_tar": [
            [
                0.42135887223191393,
                7.874528200348429,
                6.704023520148848,
                10.836219145196754
            ],
            [
                3.6838864328857346,
                14.07339518519121,
                19.24406877592235,
                15.745215882417147
            ]
        ],
        "C": 0.2
    },
    "output_params": {
        "output_dir": "output/OUT_config_0509_M8_Trivial_H20.0_mu2.33",
        "output_prefix": "mc_sim_Trivial_H20.0_mub2.33_M8"
    }
}