{
    "input_params": {
        "polymer_type": "Ring",
        "knot_type": "Trivial",
        "configuration": "input/init_config_Z/TrivialN64M8H20.00rho0.10.dat",
        "mu_b": -0.7324828050171056,
        "M": 8,
        "init_N": 64,
        "rho_b": 0.1,
        "box_xy": 16.0,
        "H": 20.0,
        "rcut": 1.0,
        "max_N": 640,
        "external_potential": "custom"
    },
    "simulation_params": {
        "EPS_TRANS": 0.05,
        "ROT_RATIO": 0.3,
        "K_MAX": 10,
        "sample_interval": 5,
        "sample_time": 40000,
        "sample_block": 4,
        "dz": 0.02
    },
    "Vext_params": {
        "potential_type": "custom",
        "An": [
            1.5755457730416698,
            -0.5808316711573114,
            -3.371042312088604,
            1.620565386665899
        ],
        "phi_n": [
            5.026887273198363,
            2.798508511775464,
            1.3363224254631252,
            0.5635683445586367
        ],
        "Vlin_par": [
            [
                0.8908173266629968,
                1.5911038260701087,
                2.3849696231100435,
                -1.4798369227958386
            ],
            [
                2.1151507214884266,
                0.30732925088510776,
                -0.605248748230397,
                -0.34232310389973364
            ]
        ],
        "x_tar": [
            [
                4.165907054120364,
                13.407141618086914,
                7.7684150363086975,
                2.687666573092966
            ],
            [
                4.6376098348585675,
                15.560685210546723,
                16.723206146621497,
                5.145354157420849
            ]
        ],
        "C": 0.2
    },
    "output_params": {
        "output_dir": "output/OUT_config_0065_M8_Trivial_H20.0_mu-0.73",
        "output_prefix": "mc_sim_Trivial_H20.0_mub-0.73_M8"
    }
}