{
    "input_params": {
        "polymer_type": "Ring",
        "knot_type": "Trivial",
        "configuration": "input/init_config_Z/TrivialN64M8H20.00rho0.10.dat",
        "mu_b": 2.5552514830319293,
        "M": 8,
        "init_N": 64,
        "rho_b": 0.1,
        "box_xy": 16.0,
        "H": 20.0,
        "rcut": 1.0,
        "max_N": 640,
        "external_potential": "custom"
    },
    "simulation_params": {
        "EPS_TRANS": 0.05,
        "ROT_RATIO": 0.3,
        "K_MAX": 10,
        "sample_interval": 5,
        "sample_time": 40000,
        "sample_block": 4,
        "dz": 0.02
    },
    "Vext_params": {
        "potential_type": "custom",
        "An": [
            -0.9860266753876185,
            1.1704183895549773,
            1.7583688824296604,
            0.12901265862771233
        ],
        "phi_n": [
            2.63803196363414,
            0.41299053989723883,
            0.13088745080977202,
            0.5331804641561914
        ],
        "Vlin_par": [
            [
                0.06605857811196483,
                1.833702566425948,
                -0.5407018031478357,
                -2.4564048947380392
            ],
            [
                -0.5460696709018212,
                1.5270286871116197,
                -1.9006919462113483,
                0.0210958728369148
            ]
        ],
        "x_tar": [
            [
                1.9910100769659023,
                12.157768592676945,
                5.9531082418042764,
                6.237524070868117
            ],
            [
                4.247777882629197,
                17.0998862505003,
                19.74619577208535,
                15.161831096277641
            ]
        ],
        "C": 0.2
    },
    "output_params": {
        "output_dir": "output/OUT_config_0368_M8_Trivial_H20.0_mu2.56",
        "output_prefix": "mc_sim_Trivial_H20.0_mub2.56_M8"
    }
}