{
    "input_params": {
        "polymer_type": "Ring",
        "knot_type": "Trivial",
        "configuration": "input/init_config_Z/TrivialN64M8H20.00rho0.10.dat",
        "mu_b": 1.9140626481799212,
        "M": 8,
        "init_N": 64,
        "rho_b": 0.1,
        "box_xy": 16.0,
        "H": 20.0,
        "rcut": 1.0,
        "max_N": 640,
        "external_potential": "custom"
    },
    "simulation_params": {
        "EPS_TRANS": 0.05,
        "ROT_RATIO": 0.3,
        "K_MAX": 10,
        "sample_interval": 5,
        "sample_time": 40000,
        "sample_block": 4,
        "dz": 0.02
    },
    "Vext_params": {
        "potential_type": "custom",
        "An": [
            0.597492046015598,
            -2.753348669199948,
            -0.841187290911218,
            -1.7143346597381708
        ],
        "phi_n": [
            0.635952228434248,
            5.291766761073169,
            2.2430080359433635,
            4.0028338613031496
        ],
        "Vlin_par": [
            [
                2.8516783308661116,
                -2.5760347634327063,
                -2.309889215757272,
                -0.6174704332889038
            ],
            [
                -1.3476067054695304,
                -0.361835967690588,
                -0.26862883519752956,
                1.0261322592168824
            ]
        ],
        "x_tar": [
            [
                3.9483575983094688,
                4.7280086732736715,
                9.793781162316106,
                10.5790977641335
            ],
            [
                17.718709578903418,
                10.829583808354247,
                10.153282180988775,
                15.94529852379562
            ]
        ],
        "C": 0.2
    },
    "output_params": {
        "output_dir": "output/OUT_config_0264_M8_Trivial_H20.0_mu1.91",
        "output_prefix": "mc_sim_Trivial_H20.0_mub1.91_M8"
    }
}