{
    "input_params": {
        "polymer_type": "Ring",
        "knot_type": "Trivial",
        "configuration": "input/init_config_Z/TrivialN64M8H20.00rho0.10.dat",
        "mu_b": 5.941696125310774,
        "M": 8,
        "init_N": 64,
        "rho_b": 0.1,
        "box_xy": 16.0,
        "H": 20.0,
        "rcut": 1.0,
        "max_N": 640,
        "external_potential": "custom"
    },
    "simulation_params": {
        "EPS_TRANS": 0.05,
        "ROT_RATIO": 0.3,
        "K_MAX": 10,
        "sample_interval": 5,
        "sample_time": 40000,
        "sample_block": 4,
        "dz": 0.02
    },
    "Vext_params": {
        "potential_type": "custom",
        "An": [
            -1.8126067729635131,
            -0.11152905959923562,
            0.3304394339363625,
            1.9985674438919154
        ],
        "phi_n": [
            5.9706836694134795,
            4.863268565671153,
            4.579805329239092,
            4.605887807763714
        ],
        "Vlin_par": [
            [
                0.25595576763427524,
                -1.044094386505583,
                -0.3881178910085936,
                -0.547797806053447
            ],
            [
                -2.2169899909452773,
                1.4404983002645628,
                -0.08538565534398712,
                4.521974667992211
            ]
        ],
        "x_tar": [
            [
                4.572172725787535,
                12.409273846448212,
                8.076502410329027,
                15.386996021793193
            ],
            [
                17.575913664316314,
                19.484887616880943,
                19.26196395649682,
                19.57625664029891
            ]
        ],
        "C": 0.2
    },
    "output_params": {
        "output_dir": "output/OUT_config_0470_M8_Trivial_H20.0_mu5.94",
        "output_prefix": "mc_sim_Trivial_H20.0_mub5.94_M8"
    }
}