{
    "input_params": {
        "polymer_type": "Ring",
        "knot_type": "Trivial",
        "configuration": "input/init_config_Z/TrivialN64M8H20.00rho0.10.dat",
        "mu_b": 3.0445107561043736,
        "M": 8,
        "init_N": 64,
        "rho_b": 0.1,
        "box_xy": 16.0,
        "H": 20.0,
        "rcut": 1.0,
        "max_N": 640,
        "external_potential": "custom"
    },
    "simulation_params": {
        "EPS_TRANS": 0.05,
        "ROT_RATIO": 0.3,
        "K_MAX": 10,
        "sample_interval": 5,
        "sample_time": 40000,
        "sample_block": 4,
        "dz": 0.02
    },
    "Vext_params": {
        "potential_type": "custom",
        "An": [
            0.3624144842833573,
            -3.1020658225477975,
            -0.070559536238319,
            -0.4151760006988735
        ],
        "phi_n": [
            2.469830224164267,
            3.3478134729096443,
            4.890693879916065,
            3.7917733442952573
        ],
        "Vlin_par": [
            [
                -1.3558240138142,
                3.267122442512136,
                -0.14318719844694983,
                -4.408553828470086
            ],
            [
                -2.577506501709848,
                2.8081571690652636,
                -2.064206096756975,
                1.137985660061051
            ]
        ],
        "x_tar": [
            [
                3.4308364785650736,
                3.2814458398276702,
                11.749191543548065,
                4.440897469374077
            ],
            [
                19.67239858588911,
                6.170486923943928,
                13.759232388161175,
                18.58124658214321
            ]
        ],
        "C": 0.2
    },
    "output_params": {
        "output_dir": "output/OUT_config_0558_M8_Trivial_H20.0_mu3.04",
        "output_prefix": "mc_sim_Trivial_H20.0_mub3.04_M8"
    }
}