{
    "input_params": {
        "polymer_type": "Ring",
        "knot_type": "Trivial",
        "configuration": "input/init_config_Z/TrivialN64M8H20.00rho0.10.dat",
        "mu_b": 3.0843855298243135,
        "M": 8,
        "init_N": 64,
        "rho_b": 0.1,
        "box_xy": 16.0,
        "H": 20.0,
        "rcut": 1.0,
        "max_N": 640,
        "external_potential": "custom"
    },
    "simulation_params": {
        "EPS_TRANS": 0.05,
        "ROT_RATIO": 0.3,
        "K_MAX": 10,
        "sample_interval": 5,
        "sample_time": 40000,
        "sample_block": 4,
        "dz": 0.02
    },
    "Vext_params": {
        "potential_type": "custom",
        "An": [
            3.0751448614351626,
            -2.8494875317764237,
            0.6044139662654762,
            -0.4558298431361082
        ],
        "phi_n": [
            3.6453402006897253,
            5.832066992283495,
            5.390842112011421,
            0.6664104448647065
        ],
        "Vlin_par": [
            [
                2.8944939924528326,
                -0.173488326005161,
                -0.22530403212062267,
                -0.5445165827083126
            ],
            [
                3.0906819439238253,
                0.09414365591435109,
                -0.49689634060631543,
                -2.842980509307709
            ]
        ],
        "x_tar": [
            [
                0.7606747928321789,
                6.387096158664461,
                4.391981057287248,
                11.268682571972128
            ],
            [
                16.009958213260482,
                10.577264567509296,
                5.560716892630973,
                11.921512904958455
            ]
        ],
        "C": 0.2
    },
    "output_params": {
        "output_dir": "output/OUT_config_0334_M8_Trivial_H20.0_mu3.08",
        "output_prefix": "mc_sim_Trivial_H20.0_mub3.08_M8"
    }
}