{
    "input_params": {
        "polymer_type": "Ring",
        "knot_type": "Trivial",
        "configuration": "input/init_config_Z/TrivialN64M8H20.00rho0.10.dat",
        "mu_b": 0.7977835594295541,
        "M": 8,
        "init_N": 64,
        "rho_b": 0.1,
        "box_xy": 16.0,
        "H": 20.0,
        "rcut": 1.0,
        "max_N": 640,
        "external_potential": "custom"
    },
    "simulation_params": {
        "EPS_TRANS": 0.05,
        "ROT_RATIO": 0.3,
        "K_MAX": 10,
        "sample_interval": 5,
        "sample_time": 40000,
        "sample_block": 4,
        "dz": 0.02
    },
    "Vext_params": {
        "potential_type": "custom",
        "An": [
            -0.2245686194478919,
            -1.1644484294697706,
            2.0022448717846006,
            -0.5845532958246532
        ],
        "phi_n": [
            0.6337878983367038,
            3.523675171966554,
            6.029499815634103,
            2.5724433980176227
        ],
        "Vlin_par": [
            [
                0.6602914421146961,
                -1.1441246004143981,
                1.1410605885748275,
                -0.1882191471089243
            ],
            [
                -6.039734834671624,
                2.882208562878017,
                -1.6661583983279122,
                2.251318727949443
            ]
        ],
        "x_tar": [
            [
                4.0313169745876625,
                8.531033723321322,
                12.517898244447892,
                5.135342379722266
            ],
            [
                15.530599161895122,
                9.43610909167141,
                15.390043625830126,
                5.387786938993879
            ]
        ],
        "C": 0.2
    },
    "output_params": {
        "output_dir": "output/OUT_config_0533_M8_Trivial_H20.0_mu0.80",
        "output_prefix": "mc_sim_Trivial_H20.0_mub0.80_M8"
    }
}