{
    "input_params": {
        "polymer_type": "Ring",
        "knot_type": "Trivial",
        "configuration": "input/init_config_Z/TrivialN64M8H20.00rho0.10.dat",
        "mu_b": 1.6214624845368748,
        "M": 8,
        "init_N": 64,
        "rho_b": 0.1,
        "box_xy": 16.0,
        "H": 20.0,
        "rcut": 1.0,
        "max_N": 640,
        "external_potential": "custom"
    },
    "simulation_params": {
        "EPS_TRANS": 0.05,
        "ROT_RATIO": 0.3,
        "K_MAX": 10,
        "sample_interval": 5,
        "sample_time": 40000,
        "sample_block": 4,
        "dz": 0.02
    },
    "Vext_params": {
        "potential_type": "custom",
        "An": [
            -1.0405902305991004,
            0.9409147653732017,
            -0.5165511366864012,
            -1.6800620577047367
        ],
        "phi_n": [
            1.1328758438203665,
            1.9190264163009145,
            0.5946663519049272,
            5.886419247885551
        ],
        "Vlin_par": [
            [
                1.4930668245187682,
                -1.5552684889245678,
                -0.5799606474196253,
                0.4587604746281426
            ],
            [
                0.05104877715968304,
                0.4139824373772713,
                -0.8218290657965696,
                0.36254891739964573
            ]
        ],
        "x_tar": [
            [
                11.959850585633689,
                6.116564895568293,
                9.536535007240381,
                15.348901446308702
            ],
            [
                17.737280180341415,
                9.20313374417235,
                11.829382069990157,
                16.913645188175476
            ]
        ],
        "C": 0.2
    },
    "output_params": {
        "output_dir": "output/OUT_config_0306_M8_Trivial_H20.0_mu1.62",
        "output_prefix": "mc_sim_Trivial_H20.0_mub1.62_M8"
    }
}