{
    "input_params": {
        "polymer_type": "Ring",
        "knot_type": "Trivial",
        "configuration": "input/init_config_Z/TrivialN64M8H20.00rho0.10.dat",
        "mu_b": 1.1281545960263788,
        "M": 8,
        "init_N": 64,
        "rho_b": 0.1,
        "box_xy": 16.0,
        "H": 20.0,
        "rcut": 1.0,
        "max_N": 640,
        "external_potential": "custom"
    },
    "simulation_params": {
        "EPS_TRANS": 0.05,
        "ROT_RATIO": 0.3,
        "K_MAX": 10,
        "sample_interval": 5,
        "sample_time": 40000,
        "sample_block": 4,
        "dz": 0.02
    },
    "Vext_params": {
        "potential_type": "custom",
        "An": [
            0.11149290310190292,
            -1.6434760014140293,
            0.5236230927351782,
            -2.0192757112757804
        ],
        "phi_n": [
            3.0335777226643716,
            0.3198974149056783,
            3.2507575419746817,
            4.941803783581273
        ],
        "Vlin_par": [
            [
                1.5999833702787911,
                -3.6720343391007786,
                -2.177923856227788,
                0.8469490422322314
            ],
            [
                2.0268386688606426,
                -1.8615742338291394,
                -0.16363501705015593,
                -0.7568332505837597
            ]
        ],
        "x_tar": [
            [
                14.27376082098177,
                5.7754449968423245,
                4.005066122186635,
                2.6083410269347507
            ],
            [
                15.756580260810932,
                15.152199728107048,
                18.022276983530972,
                15.735747779416734
            ]
        ],
        "C": 0.2
    },
    "output_params": {
        "output_dir": "output/OUT_config_0226_M8_Trivial_H20.0_mu1.13",
        "output_prefix": "mc_sim_Trivial_H20.0_mub1.13_M8"
    }
}