{
    "input_params": {
        "polymer_type": "Ring",
        "knot_type": "Trivial",
        "configuration": "input/init_config_Z/TrivialN64M8H20.00rho0.10.dat",
        "mu_b": 5.799338660830964,
        "M": 8,
        "init_N": 64,
        "rho_b": 0.1,
        "box_xy": 16.0,
        "H": 20.0,
        "rcut": 1.0,
        "max_N": 640,
        "external_potential": "custom"
    },
    "simulation_params": {
        "EPS_TRANS": 0.05,
        "ROT_RATIO": 0.3,
        "K_MAX": 10,
        "sample_interval": 5,
        "sample_time": 40000,
        "sample_block": 4,
        "dz": 0.02
    },
    "Vext_params": {
        "potential_type": "custom",
        "An": [
            -0.09691670039934755,
            -0.5288821789223497,
            0.6007478357390339,
            -1.7583129174403718
        ],
        "phi_n": [
            5.768636336492163,
            4.310056527305311,
            0.9632695573966136,
            5.080385269292769
        ],
        "Vlin_par": [
            [
                1.7207795852528793,
                2.3229761904546913,
                -2.604441099077709,
                -0.13061750598318636
            ],
            [
                0.2984770137101176,
                -1.7293510378032126,
                0.19011648707572062,
                -3.591154932342834
            ]
        ],
        "x_tar": [
            [
                7.206899440407484,
                7.412720852090507,
                10.279095811113148,
                7.892246265811891
            ],
            [
                19.876350330642424,
                12.171831571353655,
                19.70924562260427,
                17.874685999447944
            ]
        ],
        "C": 0.2
    },
    "output_params": {
        "output_dir": "output/OUT_config_0096_M8_Trivial_H20.0_mu5.80",
        "output_prefix": "mc_sim_Trivial_H20.0_mub5.80_M8"
    }
}