{
    "input_params": {
        "polymer_type": "Ring",
        "knot_type": "Trivial",
        "configuration": "input/init_config_Z/TrivialN64M8H20.00rho0.10.dat",
        "mu_b": 5.018126819987935,
        "M": 8,
        "init_N": 64,
        "rho_b": 0.1,
        "box_xy": 16.0,
        "H": 20.0,
        "rcut": 1.0,
        "max_N": 640,
        "external_potential": "custom"
    },
    "simulation_params": {
        "EPS_TRANS": 0.05,
        "ROT_RATIO": 0.3,
        "K_MAX": 10,
        "sample_interval": 5,
        "sample_time": 40000,
        "sample_block": 4,
        "dz": 0.02
    },
    "Vext_params": {
        "potential_type": "custom",
        "An": [
            -0.4674022311444064,
            -1.0890388677480762,
            -1.6398020519334464,
            1.1418851230497482
        ],
        "phi_n": [
            1.93050195032474,
            5.199681317460647,
            6.04072830025986,
            2.6177155560015013
        ],
        "Vlin_par": [
            [
                -1.4453851973698695,
                -0.4895675230407521,
                1.2120410468338094,
                0.4480724181450126
            ],
            [
                -0.30578794344314275,
                -3.1712293218988274,
                0.05771974730892243,
                0.31700782832262037
            ]
        ],
        "x_tar": [
            [
                2.805054500268014,
                8.277301434444102,
                5.281207134033683,
                5.87763196101063
            ],
            [
                13.428290865788473,
                9.493709141353271,
                15.671667262517579,
                10.433597528936083
            ]
        ],
        "C": 0.2
    },
    "output_params": {
        "output_dir": "output/OUT_config_0542_M8_Trivial_H20.0_mu5.02",
        "output_prefix": "mc_sim_Trivial_H20.0_mub5.02_M8"
    }
}