{
    "input_params": {
        "polymer_type": "Ring",
        "knot_type": "Trivial",
        "configuration": "input/init_config_Z/TrivialN64M8H20.00rho0.10.dat",
        "mu_b": 3.307723316618353,
        "M": 8,
        "init_N": 64,
        "rho_b": 0.1,
        "box_xy": 16.0,
        "H": 20.0,
        "rcut": 1.0,
        "max_N": 640,
        "external_potential": "custom"
    },
    "simulation_params": {
        "EPS_TRANS": 0.05,
        "ROT_RATIO": 0.3,
        "K_MAX": 10,
        "sample_interval": 5,
        "sample_time": 40000,
        "sample_block": 4,
        "dz": 0.02
    },
    "Vext_params": {
        "potential_type": "custom",
        "An": [
            2.836612288902266,
            -0.5574180037657384,
            1.4512654948162758,
            -2.391408665487096
        ],
        "phi_n": [
            1.952967673892465,
            3.228594723179643,
            0.9742393176601655,
            5.247051273003041
        ],
        "Vlin_par": [
            [
                2.588087438629716,
                -0.5124583984717134,
                3.5611819801485245,
                0.2884910498218112
            ],
            [
                -1.2213961598568286,
                2.01611768423457,
                -2.386911974552373,
                2.0886275123119513
            ]
        ],
        "x_tar": [
            [
                5.854906138809445,
                0.028755295178828355,
                12.084388709724605,
                1.0365897593435736
            ],
            [
                19.04497433106354,
                7.6619854506757745,
                18.18026364062809,
                9.713407628947348
            ]
        ],
        "C": 0.2
    },
    "output_params": {
        "output_dir": "output/OUT_config_0482_M8_Trivial_H20.0_mu3.31",
        "output_prefix": "mc_sim_Trivial_H20.0_mub3.31_M8"
    }
}