{
    "input_params": {
        "polymer_type": "Ring",
        "knot_type": "Trivial",
        "configuration": "input/init_config_Z/TrivialN64M8H20.00rho0.10.dat",
        "mu_b": 5.663111428698595,
        "M": 8,
        "init_N": 64,
        "rho_b": 0.1,
        "box_xy": 16.0,
        "H": 20.0,
        "rcut": 1.0,
        "max_N": 640,
        "external_potential": "custom"
    },
    "simulation_params": {
        "EPS_TRANS": 0.05,
        "ROT_RATIO": 0.3,
        "K_MAX": 10,
        "sample_interval": 5,
        "sample_time": 40000,
        "sample_block": 4,
        "dz": 0.02
    },
    "Vext_params": {
        "potential_type": "custom",
        "An": [
            0.42932558748245403,
            -1.0228116050639198,
            0.8214973333522447,
            -1.2058918477445713
        ],
        "phi_n": [
            6.094831369349871,
            2.6329075612226047,
            3.9536187923112265,
            0.38836293103268016
        ],
        "Vlin_par": [
            [
                -1.0499415266760757,
                -1.2074401516266637,
                -0.7575798026262581,
                -1.8727154637973118
            ],
            [
                0.12517283783149477,
                -1.3533521836432691,
                0.37017965862012703,
                -1.2329401375053466
            ]
        ],
        "x_tar": [
            [
                12.248625036341519,
                6.86568341769076,
                14.753847243216299,
                3.7219684740870917
            ],
            [
                16.703787972819764,
                13.911108051119843,
                15.861505082749082,
                4.048088559843526
            ]
        ],
        "C": 0.2
    },
    "output_params": {
        "output_dir": "output/OUT_config_0548_M8_Trivial_H20.0_mu5.66",
        "output_prefix": "mc_sim_Trivial_H20.0_mub5.66_M8"
    }
}