{
    "input_params": {
        "polymer_type": "Ring",
        "knot_type": "Trivial",
        "configuration": "input/init_config_Z/TrivialN64M8H20.00rho0.10.dat",
        "mu_b": 2.566295656609954,
        "M": 8,
        "init_N": 64,
        "rho_b": 0.1,
        "box_xy": 16.0,
        "H": 20.0,
        "rcut": 1.0,
        "max_N": 640,
        "external_potential": "custom"
    },
    "simulation_params": {
        "EPS_TRANS": 0.05,
        "ROT_RATIO": 0.3,
        "K_MAX": 10,
        "sample_interval": 5,
        "sample_time": 40000,
        "sample_block": 4,
        "dz": 0.02
    },
    "Vext_params": {
        "potential_type": "custom",
        "An": [
            -1.0027220260859604,
            1.0998901548266384,
            0.9135012143095007,
            0.4041312614114187
        ],
        "phi_n": [
            1.3019072657313642,
            4.0614404551927885,
            3.886463947847615,
            3.2641404167449064
        ],
        "Vlin_par": [
            [
                1.3973432112024649,
                -0.24718954510028082,
                -3.4561891193640237,
                0.9684566150210754
            ],
            [
                0.9228432134498684,
                1.6120469388512082,
                2.181911727238314,
                1.4459697230446955
            ]
        ],
        "x_tar": [
            [
                9.58024668749921,
                2.312892063312606,
                12.3820619052382,
                8.989563109800327
            ],
            [
                11.089878012043123,
                11.039700000029157,
                13.706431840377395,
                10.10019519720828
            ]
        ],
        "C": 0.2
    },
    "output_params": {
        "output_dir": "output/OUT_config_0032_M8_Trivial_H20.0_mu2.57",
        "output_prefix": "mc_sim_Trivial_H20.0_mub2.57_M8"
    }
}