{
    "input_params": {
        "polymer_type": "Ring",
        "knot_type": "Trivial",
        "configuration": "input/init_config_Z/TrivialN64M8H20.00rho0.10.dat",
        "mu_b": 5.063214953396972,
        "M": 8,
        "init_N": 64,
        "rho_b": 0.1,
        "box_xy": 16.0,
        "H": 20.0,
        "rcut": 1.0,
        "max_N": 640,
        "external_potential": "custom"
    },
    "simulation_params": {
        "EPS_TRANS": 0.05,
        "ROT_RATIO": 0.3,
        "K_MAX": 10,
        "sample_interval": 5,
        "sample_time": 40000,
        "sample_block": 4,
        "dz": 0.02
    },
    "Vext_params": {
        "potential_type": "custom",
        "An": [
            0.7568536727276776,
            -0.744597602277701,
            -0.29005680278554635,
            -1.6204067102963222
        ],
        "phi_n": [
            1.697216064548995,
            0.05018424857699243,
            2.1490916540240907,
            6.2519900385005505
        ],
        "Vlin_par": [
            [
                -0.35459193335880507,
                0.7824276393213618,
                0.04407674798853618,
                0.37826895394440596
            ],
            [
                -3.6122553407080527,
                1.693139741016733,
                -2.5204472112384306,
                0.4201950026278781
            ]
        ],
        "x_tar": [
            [
                6.136706518283363,
                10.446408967713962,
                0.30805383381911966,
                2.3339368660152493
            ],
            [
                15.625678973798909,
                16.046325555440944,
                8.111080228240535,
                12.768413278569943
            ]
        ],
        "C": 0.2
    },
    "output_params": {
        "output_dir": "output/OUT_config_0113_M8_Trivial_H20.0_mu5.06",
        "output_prefix": "mc_sim_Trivial_H20.0_mub5.06_M8"
    }
}