{
    "input_params": {
        "polymer_type": "Ring",
        "knot_type": "Trivial",
        "configuration": "input/init_config_Z/TrivialN64M8H20.00rho0.10.dat",
        "mu_b": 3.236168626005533,
        "M": 8,
        "init_N": 64,
        "rho_b": 0.1,
        "box_xy": 16.0,
        "H": 20.0,
        "rcut": 1.0,
        "max_N": 640,
        "external_potential": "custom"
    },
    "simulation_params": {
        "EPS_TRANS": 0.05,
        "ROT_RATIO": 0.3,
        "K_MAX": 10,
        "sample_interval": 5,
        "sample_time": 40000,
        "sample_block": 4,
        "dz": 0.02
    },
    "Vext_params": {
        "potential_type": "custom",
        "An": [
            1.3013439714493622,
            0.4176731532296758,
            -0.7463408140951631,
            1.1054291601195618
        ],
        "phi_n": [
            0.3054483595537292,
            2.9772890355812827,
            0.6864060294608525,
            4.416411579931729
        ],
        "Vlin_par": [
            [
                1.6335439082098273,
                -3.090879277957532,
                0.9366046717541969,
                -1.3013576594344387
            ],
            [
                -2.6000083947884454,
                -2.102060280390999,
                2.3612583399869465,
                2.8759327902185823
            ]
        ],
        "x_tar": [
            [
                7.210693149936038,
                2.2782510003608136,
                9.374928511941125,
                17.576969809960453
            ],
            [
                11.158785457480544,
                10.805359345660444,
                16.508924637108006,
                18.237375163975326
            ]
        ],
        "C": 0.2
    },
    "output_params": {
        "output_dir": "output/OUT_config_0311_M8_Trivial_H20.0_mu3.24",
        "output_prefix": "mc_sim_Trivial_H20.0_mub3.24_M8"
    }
}