{
    "input_params": {
        "polymer_type": "Ring",
        "knot_type": "Trivial",
        "configuration": "input/init_config_Z/TrivialN64M8H20.00rho0.10.dat",
        "mu_b": 2.239487108990941,
        "M": 8,
        "init_N": 64,
        "rho_b": 0.1,
        "box_xy": 16.0,
        "H": 20.0,
        "rcut": 1.0,
        "max_N": 640,
        "external_potential": "custom"
    },
    "simulation_params": {
        "EPS_TRANS": 0.05,
        "ROT_RATIO": 0.3,
        "K_MAX": 10,
        "sample_interval": 5,
        "sample_time": 40000,
        "sample_block": 4,
        "dz": 0.02
    },
    "Vext_params": {
        "potential_type": "custom",
        "An": [
            1.2875925549693317,
            1.3040319638427713,
            -1.4264708225935083,
            0.1316180726805014
        ],
        "phi_n": [
            3.3865202547788584,
            0.1471876856938581,
            0.7291397551670497,
            1.2034424581876821
        ],
        "Vlin_par": [
            [
                -0.0336889549458802,
                -4.8819752748216985,
                0.5185701701855165,
                0.8668323033377509
            ],
            [
                -2.4231446635880505,
                -3.467799517390191,
                2.107094687482013,
                -0.23284246965800928
            ]
        ],
        "x_tar": [
            [
                4.342630591616377,
                9.730467762301158,
                13.32733013687023,
                10.804749048318703
            ],
            [
                8.632968848603253,
                10.104559294918804,
                18.070976234344876,
                14.743587861925091
            ]
        ],
        "C": 0.2
    },
    "output_params": {
        "output_dir": "output/OUT_config_0150_M8_Trivial_H20.0_mu2.24",
        "output_prefix": "mc_sim_Trivial_H20.0_mub2.24_M8"
    }
}