{
    "input_params": {
        "polymer_type": "Ring",
        "knot_type": "Trivial",
        "configuration": "input/init_config_Z/TrivialN64M8H20.00rho0.10.dat",
        "mu_b": 3.140761014024717,
        "M": 8,
        "init_N": 64,
        "rho_b": 0.1,
        "box_xy": 16.0,
        "H": 20.0,
        "rcut": 1.0,
        "max_N": 640,
        "external_potential": "custom"
    },
    "simulation_params": {
        "EPS_TRANS": 0.05,
        "ROT_RATIO": 0.3,
        "K_MAX": 10,
        "sample_interval": 5,
        "sample_time": 40000,
        "sample_block": 4,
        "dz": 0.02
    },
    "Vext_params": {
        "potential_type": "custom",
        "An": [
            1.4634668217218927,
            1.4641020776874354,
            -1.175742869909842,
            -0.27107323598283034
        ],
        "phi_n": [
            3.343087928667354,
            3.5159597938954614,
            5.576616678922609,
            3.266831580420495
        ],
        "Vlin_par": [
            [
                2.1532342177314567,
                4.333999405036273,
                -1.4320420374233247,
                1.4186775334777062
            ],
            [
                -0.9524464300919413,
                1.302654016149244,
                2.2432725503374464,
                -3.399038424262049
            ]
        ],
        "x_tar": [
            [
                12.001167831102272,
                4.360956047249087,
                10.98520073754164,
                5.448573015051547
            ],
            [
                19.787495482270938,
                14.94922001511031,
                16.146958971631708,
                19.169058776845368
            ]
        ],
        "C": 0.2
    },
    "output_params": {
        "output_dir": "output/OUT_config_0134_M8_Trivial_H20.0_mu3.14",
        "output_prefix": "mc_sim_Trivial_H20.0_mub3.14_M8"
    }
}