{
    "input_params": {
        "polymer_type": "Ring",
        "knot_type": "Trivial",
        "configuration": "input/init_config_Z/TrivialN64M8H20.00rho0.10.dat",
        "mu_b": 2.8934485762451665,
        "M": 8,
        "init_N": 64,
        "rho_b": 0.1,
        "box_xy": 16.0,
        "H": 20.0,
        "rcut": 1.0,
        "max_N": 640,
        "external_potential": "custom"
    },
    "simulation_params": {
        "EPS_TRANS": 0.05,
        "ROT_RATIO": 0.3,
        "K_MAX": 10,
        "sample_interval": 5,
        "sample_time": 40000,
        "sample_block": 4,
        "dz": 0.02
    },
    "Vext_params": {
        "potential_type": "custom",
        "An": [
            0.05523331224139625,
            3.0572028445568806,
            0.7709454031777047,
            2.7559498855935476
        ],
        "phi_n": [
            1.6944166541062242,
            5.438479854943971,
            3.907239695779104,
            0.35881286848168487
        ],
        "Vlin_par": [
            [
                2.2777697999714124,
                3.956680929529954,
                -0.12921469667415567,
                2.4691916334809294
            ],
            [
                1.4685420075081257,
                -2.802669006388419,
                1.911467890765269,
                -0.6849926802845455
            ]
        ],
        "x_tar": [
            [
                4.489521772124299,
                11.239054455272452,
                8.5915007677573,
                6.335744699066376
            ],
            [
                12.77237347540048,
                11.88578313744854,
                10.02283132036613,
                11.241360459414139
            ]
        ],
        "C": 0.2
    },
    "output_params": {
        "output_dir": "output/OUT_config_0404_M8_Trivial_H20.0_mu2.89",
        "output_prefix": "mc_sim_Trivial_H20.0_mub2.89_M8"
    }
}