{
    "input_params": {
        "polymer_type": "Ring",
        "knot_type": "Trivial",
        "configuration": "input/init_config_Z/TrivialN64M8H20.00rho0.10.dat",
        "mu_b": 2.65536617804492,
        "M": 8,
        "init_N": 64,
        "rho_b": 0.1,
        "box_xy": 16.0,
        "H": 20.0,
        "rcut": 1.0,
        "max_N": 640,
        "external_potential": "custom"
    },
    "simulation_params": {
        "EPS_TRANS": 0.05,
        "ROT_RATIO": 0.3,
        "K_MAX": 10,
        "sample_interval": 5,
        "sample_time": 40000,
        "sample_block": 4,
        "dz": 0.02
    },
    "Vext_params": {
        "potential_type": "custom",
        "An": [
            -1.1582354052971322,
            -0.18981339521866433,
            1.2358985586005102,
            0.9616171546506732
        ],
        "phi_n": [
            6.122339703403146,
            5.900607411975286,
            4.766731250750759,
            4.074776290879903
        ],
        "Vlin_par": [
            [
                0.5393433997060209,
                1.134879686972217,
                0.7161221851435466,
                -0.8727382192178629
            ],
            [
                -0.4852890926443249,
                -0.7511219275023071,
                -0.4385209528542611,
                -0.7318601552982289
            ]
        ],
        "x_tar": [
            [
                9.018859778864085,
                4.450242183308277,
                2.0232803864964533,
                7.090796094188501
            ],
            [
                14.475039231032278,
                5.173805387836761,
                17.170473338327227,
                7.122739549868255
            ]
        ],
        "C": 0.2
    },
    "output_params": {
        "output_dir": "output/OUT_config_0507_M8_Trivial_H20.0_mu2.66",
        "output_prefix": "mc_sim_Trivial_H20.0_mub2.66_M8"
    }
}