{
    "input_params": {
        "polymer_type": "Ring",
        "knot_type": "Trivial",
        "configuration": "input/init_config_Z/TrivialN64M8H20.00rho0.10.dat",
        "mu_b": 3.9337747544686517,
        "M": 8,
        "init_N": 64,
        "rho_b": 0.1,
        "box_xy": 16.0,
        "H": 20.0,
        "rcut": 1.0,
        "max_N": 640,
        "external_potential": "custom"
    },
    "simulation_params": {
        "EPS_TRANS": 0.05,
        "ROT_RATIO": 0.3,
        "K_MAX": 10,
        "sample_interval": 5,
        "sample_time": 40000,
        "sample_block": 4,
        "dz": 0.02
    },
    "Vext_params": {
        "potential_type": "custom",
        "An": [
            -0.6760549722808835,
            -1.0222923502243084,
            -1.2003492679789927,
            2.172081195794822
        ],
        "phi_n": [
            3.1480129318176338,
            0.05891015935983712,
            0.3729682939781221,
            3.199612832774024
        ],
        "Vlin_par": [
            [
                2.219287363486591,
                1.7994932942363104,
                0.2289615764816385,
                0.6782718498549398
            ],
            [
                2.591703395178656,
                -1.8613483912370563,
                2.4875364230157766,
                -2.6838337536539916
            ]
        ],
        "x_tar": [
            [
                6.718009554493889,
                9.191612799128364,
                17.607320637905076,
                2.272987323379201
            ],
            [
                17.444463119866334,
                12.049573655138769,
                18.830093022110926,
                8.796048434844959
            ]
        ],
        "C": 0.2
    },
    "output_params": {
        "output_dir": "output/OUT_config_0233_M8_Trivial_H20.0_mu3.93",
        "output_prefix": "mc_sim_Trivial_H20.0_mub3.93_M8"
    }
}