{
    "input_params": {
        "polymer_type": "Ring",
        "knot_type": "Trivial",
        "configuration": "input/init_config_Z/TrivialN64M8H20.00rho0.10.dat",
        "mu_b": 4.292967427130064,
        "M": 8,
        "init_N": 64,
        "rho_b": 0.1,
        "box_xy": 16.0,
        "H": 20.0,
        "rcut": 1.0,
        "max_N": 640,
        "external_potential": "custom"
    },
    "simulation_params": {
        "EPS_TRANS": 0.05,
        "ROT_RATIO": 0.3,
        "K_MAX": 10,
        "sample_interval": 5,
        "sample_time": 40000,
        "sample_block": 4,
        "dz": 0.02
    },
    "Vext_params": {
        "potential_type": "custom",
        "An": [
            -0.7084427086026857,
            -0.04467523814271258,
            -0.3065432778089975,
            1.6367519161742405
        ],
        "phi_n": [
            1.353505303649479,
            3.6623899375338826,
            3.424955366778563,
            6.202765887202563
        ],
        "Vlin_par": [
            [
                1.102737095774528,
                0.5022681720008954,
                3.005536559413525,
                3.269296963384199
            ],
            [
                0.6788273669167528,
                0.0398336349437309,
                -2.144517230227134,
                1.1733014468243759
            ]
        ],
        "x_tar": [
            [
                4.540348609489295,
                5.580418331063052,
                13.150271806239612,
                3.647393734811819
            ],
            [
                7.914474870506982,
                18.769152765772116,
                14.27965813126457,
                10.15551889662059
            ]
        ],
        "C": 0.2
    },
    "output_params": {
        "output_dir": "output/OUT_config_0085_M8_Trivial_H20.0_mu4.29",
        "output_prefix": "mc_sim_Trivial_H20.0_mub4.29_M8"
    }
}