{
    "input_params": {
        "polymer_type": "Ring",
        "knot_type": "Trivial",
        "configuration": "input/init_config_Z/TrivialN64M8H20.00rho0.10.dat",
        "mu_b": 2.9994251941810233,
        "M": 8,
        "init_N": 64,
        "rho_b": 0.1,
        "box_xy": 16.0,
        "H": 20.0,
        "rcut": 1.0,
        "max_N": 640,
        "external_potential": "custom"
    },
    "simulation_params": {
        "EPS_TRANS": 0.05,
        "ROT_RATIO": 0.3,
        "K_MAX": 10,
        "sample_interval": 5,
        "sample_time": 40000,
        "sample_block": 4,
        "dz": 0.02
    },
    "Vext_params": {
        "potential_type": "custom",
        "An": [
            1.5424613361520603,
            0.7965314006590442,
            0.4980376282579363,
            -0.76477300749888
        ],
        "phi_n": [
            5.4963141778217715,
            0.06205497260563101,
            4.013151384530161,
            2.1641605556748282
        ],
        "Vlin_par": [
            [
                -0.8324905534037829,
                -1.8824899218014572,
                -0.5316391997595099,
                -0.16495417350445568
            ],
            [
                1.058505801591261,
                1.9046846153101331,
                1.4360163576374099,
                2.4905617089808487
            ]
        ],
        "x_tar": [
            [
                9.788297269157706,
                4.519579983283524,
                9.476940265359392,
                12.506347140865358
            ],
            [
                10.298368598396177,
                14.999012748826537,
                10.789970372490343,
                16.711972296555583
            ]
        ],
        "C": 0.2
    },
    "output_params": {
        "output_dir": "output/OUT_config_0039_M8_Trivial_H20.0_mu3.00",
        "output_prefix": "mc_sim_Trivial_H20.0_mub3.00_M8"
    }
}