{
    "input_params": {
        "polymer_type": "Ring",
        "knot_type": "Trivial",
        "configuration": "input/init_config_Z/TrivialN64M8H20.00rho0.10.dat",
        "mu_b": 4.717367043247011,
        "M": 8,
        "init_N": 64,
        "rho_b": 0.1,
        "box_xy": 16.0,
        "H": 20.0,
        "rcut": 1.0,
        "max_N": 640,
        "external_potential": "custom"
    },
    "simulation_params": {
        "EPS_TRANS": 0.05,
        "ROT_RATIO": 0.3,
        "K_MAX": 10,
        "sample_interval": 5,
        "sample_time": 40000,
        "sample_block": 4,
        "dz": 0.02
    },
    "Vext_params": {
        "potential_type": "custom",
        "An": [
            0.7655360937476475,
            3.394463391402283,
            -2.9593973291583926,
            2.4114565360272042
        ],
        "phi_n": [
            1.7155995163471947,
            4.706125341708904,
            1.931769953153544,
            3.948623636124716
        ],
        "Vlin_par": [
            [
                -1.427312675821492,
                2.4601663457584935,
                3.9977395443835206,
                -3.5309511209169226
            ],
            [
                1.9963282449605444,
                0.06323538455476131,
                3.8067848882604793,
                -0.3435229814397486
            ]
        ],
        "x_tar": [
            [
                1.2414128082129072,
                0.7074386328389015,
                2.1268100412357693,
                3.730763214132513
            ],
            [
                14.51769299909895,
                13.881875899419448,
                5.281950122778804,
                9.786294358472434
            ]
        ],
        "C": 0.2
    },
    "output_params": {
        "output_dir": "output/OUT_config_0353_M8_Trivial_H20.0_mu4.72",
        "output_prefix": "mc_sim_Trivial_H20.0_mub4.72_M8"
    }
}