{
    "input_params": {
        "polymer_type": "Ring",
        "knot_type": "Trivial",
        "configuration": "input/init_config_Z/TrivialN64M8H20.00rho0.10.dat",
        "mu_b": 1.847631602644622,
        "M": 8,
        "init_N": 64,
        "rho_b": 0.1,
        "box_xy": 16.0,
        "H": 20.0,
        "rcut": 1.0,
        "max_N": 640,
        "external_potential": "custom"
    },
    "simulation_params": {
        "EPS_TRANS": 0.05,
        "ROT_RATIO": 0.3,
        "K_MAX": 10,
        "sample_interval": 5,
        "sample_time": 40000,
        "sample_block": 4,
        "dz": 0.02
    },
    "Vext_params": {
        "potential_type": "custom",
        "An": [
            0.9614401107065442,
            -2.36432776742821,
            0.5329489225358699,
            -2.8062829835931065
        ],
        "phi_n": [
            4.050580024997159,
            4.423032624403741,
            1.5600460780283618,
            5.390335578328208
        ],
        "Vlin_par": [
            [
                0.25503045512123096,
                2.4258524462202047,
                0.47563171820553113,
                -0.13950547288535547
            ],
            [
                -0.09777179881788652,
                3.5774047682633237,
                -1.3265353821111765,
                -0.3735260979437041
            ]
        ],
        "x_tar": [
            [
                11.572515210077105,
                1.4381529811819127,
                3.6561714636155918,
                7.669845853244109
            ],
            [
                18.56692758841907,
                2.3779253530387945,
                13.256194775312743,
                15.063405431234337
            ]
        ],
        "C": 0.2
    },
    "output_params": {
        "output_dir": "output/OUT_config_0140_M8_Trivial_H20.0_mu1.85",
        "output_prefix": "mc_sim_Trivial_H20.0_mub1.85_M8"
    }
}