{
    "input_params": {
        "polymer_type": "Ring",
        "knot_type": "Trivial",
        "configuration": "input/init_config_Z/TrivialN64M8H20.00rho0.10.dat",
        "mu_b": 0.8859998280935963,
        "M": 8,
        "init_N": 64,
        "rho_b": 0.1,
        "box_xy": 16.0,
        "H": 20.0,
        "rcut": 1.0,
        "max_N": 640,
        "external_potential": "custom"
    },
    "simulation_params": {
        "EPS_TRANS": 0.05,
        "ROT_RATIO": 0.3,
        "K_MAX": 10,
        "sample_interval": 5,
        "sample_time": 40000,
        "sample_block": 4,
        "dz": 0.02
    },
    "Vext_params": {
        "potential_type": "custom",
        "An": [
            -1.9346750381012485,
            1.1720172842049077,
            0.5870786809466831,
            -0.65888623679228
        ],
        "phi_n": [
            0.6415047267497411,
            5.7160962150291255,
            2.992203151122541,
            5.825490616236044
        ],
        "Vlin_par": [
            [
                0.4955692420313217,
                -2.1103814935598297,
                0.47930356039516386,
                -1.0814140526621017
            ],
            [
                0.3761934931371023,
                -1.1611207207251144,
                0.6605212465436502,
                1.6211434787688608
            ]
        ],
        "x_tar": [
            [
                3.423019951815107,
                12.210054199199254,
                3.0952908023200765,
                16.640161874083322
            ],
            [
                9.103607544415555,
                15.115017842808477,
                12.86575741493153,
                18.9121888369366
            ]
        ],
        "C": 0.2
    },
    "output_params": {
        "output_dir": "output/OUT_config_0563_M8_Trivial_H20.0_mu0.89",
        "output_prefix": "mc_sim_Trivial_H20.0_mub0.89_M8"
    }
}