{
    "input_params": {
        "polymer_type": "Ring",
        "knot_type": "Trivial",
        "configuration": "input/init_config_Z/TrivialN64M8H20.00rho0.10.dat",
        "mu_b": -0.1395287001838883,
        "M": 8,
        "init_N": 64,
        "rho_b": 0.1,
        "box_xy": 16.0,
        "H": 20.0,
        "rcut": 1.0,
        "max_N": 640,
        "external_potential": "custom"
    },
    "simulation_params": {
        "EPS_TRANS": 0.05,
        "ROT_RATIO": 0.3,
        "K_MAX": 10,
        "sample_interval": 5,
        "sample_time": 40000,
        "sample_block": 4,
        "dz": 0.02
    },
    "Vext_params": {
        "potential_type": "custom",
        "An": [
            -2.209864065159839,
            3.3435753126415872,
            -0.7967067467679696,
            -0.8041395756099392
        ],
        "phi_n": [
            4.481831351028048,
            2.532104076956643,
            2.1711413979434853,
            1.7559430090646386
        ],
        "Vlin_par": [
            [
                -3.464292513150212,
                -4.201309962129276,
                -4.078193176931615,
                3.9312525612521965
            ],
            [
                -0.18063042452608594,
                2.0625347873031386,
                2.3766938327827387,
                -1.756886875045961
            ]
        ],
        "x_tar": [
            [
                0.04023922002557079,
                1.5345821488362876,
                9.775638500380307,
                1.014570966255015
            ],
            [
                19.448340322236124,
                9.97790844237743,
                11.503347675109321,
                7.615053542049635
            ]
        ],
        "C": 0.2
    },
    "output_params": {
        "output_dir": "output/OUT_config_0092_M8_Trivial_H20.0_mu-0.14",
        "output_prefix": "mc_sim_Trivial_H20.0_mub-0.14_M8"
    }
}