{
    "input_params": {
        "polymer_type": "Ring",
        "knot_type": "Trivial",
        "configuration": "input/init_config_Z/TrivialN64M8H20.00rho0.10.dat",
        "mu_b": 2.172398803266769,
        "M": 8,
        "init_N": 64,
        "rho_b": 0.1,
        "box_xy": 16.0,
        "H": 20.0,
        "rcut": 1.0,
        "max_N": 640,
        "external_potential": "custom"
    },
    "simulation_params": {
        "EPS_TRANS": 0.05,
        "ROT_RATIO": 0.3,
        "K_MAX": 10,
        "sample_interval": 5,
        "sample_time": 40000,
        "sample_block": 4,
        "dz": 0.02
    },
    "Vext_params": {
        "potential_type": "custom",
        "An": [
            0.7055001433448091,
            0.31495832043348543,
            0.37560897571757057,
            -2.680758508701676
        ],
        "phi_n": [
            4.932663825103333,
            5.8082813719875,
            3.868183018338816,
            4.612885890416918
        ],
        "Vlin_par": [
            [
                -2.1827589014233104,
                0.8112389826325835,
                0.7198234377736819,
                2.168743250854552
            ],
            [
                3.558858735386468,
                1.676387104794724,
                -1.2240170139181004,
                2.220566938423084
            ]
        ],
        "x_tar": [
            [
                7.849514569817162,
                3.008065728520033,
                16.268885914656263,
                5.121145526225632
            ],
            [
                17.173507703537172,
                18.467971497418148,
                18.177307191872856,
                17.266607547632326
            ]
        ],
        "C": 0.2
    },
    "output_params": {
        "output_dir": "output/OUT_config_0517_M8_Trivial_H20.0_mu2.17",
        "output_prefix": "mc_sim_Trivial_H20.0_mub2.17_M8"
    }
}