{
    "input_params": {
        "polymer_type": "Ring",
        "knot_type": "Trivial",
        "configuration": "input/init_config_Z/TrivialN64M8H20.00rho0.10.dat",
        "mu_b": 4.193722780347795,
        "M": 8,
        "init_N": 64,
        "rho_b": 0.1,
        "box_xy": 16.0,
        "H": 20.0,
        "rcut": 1.0,
        "max_N": 640,
        "external_potential": "custom"
    },
    "simulation_params": {
        "EPS_TRANS": 0.05,
        "ROT_RATIO": 0.3,
        "K_MAX": 10,
        "sample_interval": 5,
        "sample_time": 40000,
        "sample_block": 4,
        "dz": 0.02
    },
    "Vext_params": {
        "potential_type": "custom",
        "An": [
            -0.9479473181343347,
            1.0076642127009208,
            0.4427718103452585,
            -2.1663264181576416
        ],
        "phi_n": [
            1.0058238832135526,
            6.108779031218274,
            3.951839149140458,
            0.9188037439512305
        ],
        "Vlin_par": [
            [
                -3.377338599971938,
                2.0330747547939176,
                -1.047957640215864,
                -1.0339291342737527
            ],
            [
                -3.8830964908589363,
                -2.2893989833778288,
                0.6754466172794754,
                1.201848355117163
            ]
        ],
        "x_tar": [
            [
                3.141912954895225,
                4.580889832171479,
                6.368675823327841,
                14.24010904795465
            ],
            [
                18.63467806092366,
                9.332144212451727,
                8.819578230120012,
                17.660788055573768
            ]
        ],
        "C": 0.2
    },
    "output_params": {
        "output_dir": "output/OUT_config_0051_M8_Trivial_H20.0_mu4.19",
        "output_prefix": "mc_sim_Trivial_H20.0_mub4.19_M8"
    }
}