{
    "input_params": {
        "polymer_type": "Ring",
        "knot_type": "Trivial",
        "configuration": "input/init_config_Z/TrivialN64M8H20.00rho0.10.dat",
        "mu_b": 2.1748147090747123,
        "M": 8,
        "init_N": 64,
        "rho_b": 0.1,
        "box_xy": 16.0,
        "H": 20.0,
        "rcut": 1.0,
        "max_N": 640,
        "external_potential": "custom"
    },
    "simulation_params": {
        "EPS_TRANS": 0.05,
        "ROT_RATIO": 0.3,
        "K_MAX": 10,
        "sample_interval": 5,
        "sample_time": 40000,
        "sample_block": 4,
        "dz": 0.02
    },
    "Vext_params": {
        "potential_type": "custom",
        "An": [
            1.528514138623018,
            2.266658745538726,
            -0.20871953451022285,
            1.4111582089222434
        ],
        "phi_n": [
            4.93665756499718,
            5.319960747978457,
            6.076780632842332,
            3.350759551262089
        ],
        "Vlin_par": [
            [
                0.23181863065005942,
                -0.35420889667523103,
                1.2212425757071756,
                2.646679351835664
            ],
            [
                -1.6538734720369894,
                -2.9253529550189454,
                0.6957979214926472,
                -1.1320397183775348
            ]
        ],
        "x_tar": [
            [
                1.7025749160791581,
                9.124176091767431,
                2.547836479920209,
                12.04545324791943
            ],
            [
                1.7064654255255562,
                12.287451326947796,
                12.868762870779252,
                17.864368018690474
            ]
        ],
        "C": 0.2
    },
    "output_params": {
        "output_dir": "output/OUT_config_0148_M8_Trivial_H20.0_mu2.17",
        "output_prefix": "mc_sim_Trivial_H20.0_mub2.17_M8"
    }
}