{
    "input_params": {
        "polymer_type": "Ring",
        "knot_type": "Trivial",
        "configuration": "input/init_config_Z/TrivialN64M8H20.00rho0.10.dat",
        "mu_b": 4.285015059386066,
        "M": 8,
        "init_N": 64,
        "rho_b": 0.1,
        "box_xy": 16.0,
        "H": 20.0,
        "rcut": 1.0,
        "max_N": 640,
        "external_potential": "custom"
    },
    "simulation_params": {
        "EPS_TRANS": 0.05,
        "ROT_RATIO": 0.3,
        "K_MAX": 10,
        "sample_interval": 5,
        "sample_time": 40000,
        "sample_block": 4,
        "dz": 0.02
    },
    "Vext_params": {
        "potential_type": "custom",
        "An": [
            -4.397726147222228,
            0.1912823000680638,
            -0.1657055748316637,
            0.5848978283307534
        ],
        "phi_n": [
            2.4207471408507453,
            0.4839634509647081,
            0.20117331699265295,
            0.14048429767018655
        ],
        "Vlin_par": [
            [
                2.033120581551353,
                1.8137565095296801,
                -0.12867711996011738,
                4.663047730260445
            ],
            [
                -1.2705489945651667,
                -0.6627021601659288,
                -0.029090733223630892,
                1.4185403190218127
            ]
        ],
        "x_tar": [
            [
                1.0281086174163279,
                3.3274284156440403,
                13.127269893977374,
                1.1350209924961763
            ],
            [
                12.578123664878007,
                7.354814715898534,
                19.54984878791766,
                11.876533514466423
            ]
        ],
        "C": 0.2
    },
    "output_params": {
        "output_dir": "output/OUT_config_0128_M8_Trivial_H20.0_mu4.29",
        "output_prefix": "mc_sim_Trivial_H20.0_mub4.29_M8"
    }
}