{
    "input_params": {
        "polymer_type": "Ring",
        "knot_type": "Trivial",
        "configuration": "input/init_config_Z/TrivialN64M8H20.00rho0.10.dat",
        "mu_b": -0.7485450747675225,
        "M": 8,
        "init_N": 64,
        "rho_b": 0.1,
        "box_xy": 16.0,
        "H": 20.0,
        "rcut": 1.0,
        "max_N": 640,
        "external_potential": "custom"
    },
    "simulation_params": {
        "EPS_TRANS": 0.05,
        "ROT_RATIO": 0.3,
        "K_MAX": 10,
        "sample_interval": 5,
        "sample_time": 40000,
        "sample_block": 4,
        "dz": 0.02
    },
    "Vext_params": {
        "potential_type": "custom",
        "An": [
            1.8638456363897662,
            0.12822208081888328,
            2.2021738417869794,
            0.7142427334598722
        ],
        "phi_n": [
            1.6286855054230087,
            0.8287824387286714,
            2.2123984242435393,
            3.30847898487975
        ],
        "Vlin_par": [
            [
                1.2305985191326967,
                0.34067836783465955,
                -1.2555056764880443,
                1.9903455508827994
            ],
            [
                -1.5537964783332932,
                -0.9701498846451992,
                -0.7113497527306296,
                1.1047333851687313
            ]
        ],
        "x_tar": [
            [
                7.520181613097556,
                3.923298492074092,
                5.562522245649522,
                6.320726403597277
            ],
            [
                13.362269729875578,
                19.76820396500086,
                12.47367862187806,
                16.048629228027412
            ]
        ],
        "C": 0.2
    },
    "output_params": {
        "output_dir": "output/OUT_config_0188_M8_Trivial_H20.0_mu-0.75",
        "output_prefix": "mc_sim_Trivial_H20.0_mub-0.75_M8"
    }
}