{
    "input_params": {
        "polymer_type": "Ring",
        "knot_type": "Trivial",
        "configuration": "input/init_config_Z/TrivialN64M8H20.00rho0.10.dat",
        "mu_b": 5.451731366965885,
        "M": 8,
        "init_N": 64,
        "rho_b": 0.1,
        "box_xy": 16.0,
        "H": 20.0,
        "rcut": 1.0,
        "max_N": 640,
        "external_potential": "custom"
    },
    "simulation_params": {
        "EPS_TRANS": 0.05,
        "ROT_RATIO": 0.3,
        "K_MAX": 10,
        "sample_interval": 5,
        "sample_time": 40000,
        "sample_block": 4,
        "dz": 0.02
    },
    "Vext_params": {
        "potential_type": "custom",
        "An": [
            1.6071717922783002,
            -2.034802585121963,
            -2.639877699486349,
            1.1864170007427959
        ],
        "phi_n": [
            5.027198916604063,
            2.281724861509753,
            2.938523861786597,
            5.488539743983615
        ],
        "Vlin_par": [
            [
                1.9410160642348797,
                -1.7740372991223818,
                1.2245545331439085,
                -3.4291194461746963
            ],
            [
                -3.285612993421876,
                2.326109697890699,
                1.2454544527271203,
                -0.02903825219688367
            ]
        ],
        "x_tar": [
            [
                12.461319012374258,
                10.583303651211061,
                0.8663079284931063,
                7.460252872494038
            ],
            [
                18.605375411813096,
                10.7355330805932,
                12.958817371624336,
                8.019187827305004
            ]
        ],
        "C": 0.2
    },
    "output_params": {
        "output_dir": "output/OUT_config_0586_M8_Trivial_H20.0_mu5.45",
        "output_prefix": "mc_sim_Trivial_H20.0_mub5.45_M8"
    }
}