{
    "input_params": {
        "polymer_type": "Ring",
        "knot_type": "Trivial",
        "configuration": "input/init_config_Z/TrivialN64M8H20.00rho0.10.dat",
        "mu_b": 5.635912656080846,
        "M": 8,
        "init_N": 64,
        "rho_b": 0.1,
        "box_xy": 16.0,
        "H": 20.0,
        "rcut": 1.0,
        "max_N": 640,
        "external_potential": "custom"
    },
    "simulation_params": {
        "EPS_TRANS": 0.05,
        "ROT_RATIO": 0.3,
        "K_MAX": 10,
        "sample_interval": 5,
        "sample_time": 40000,
        "sample_block": 4,
        "dz": 0.02
    },
    "Vext_params": {
        "potential_type": "custom",
        "An": [
            -0.8563108311371463,
            0.08451276511177423,
            -0.8498305897592145,
            -1.335266186389122
        ],
        "phi_n": [
            2.192738727963277,
            2.835528874204547,
            3.5923518145201587,
            1.6942639991386543
        ],
        "Vlin_par": [
            [
                2.2397840090558536,
                -0.20435407123215224,
                -0.26043149038822944,
                0.33880574132642755
            ],
            [
                1.0223365514114957,
                1.1040667788583365,
                -1.089010867617627,
                0.8700919819224257
            ]
        ],
        "x_tar": [
            [
                3.308255261839421,
                10.384167485173855,
                7.944219669482737,
                7.632395881959251
            ],
            [
                18.870961635103637,
                13.838063566031394,
                14.46684338143633,
                18.454521129956095
            ]
        ],
        "C": 0.2
    },
    "output_params": {
        "output_dir": "output/OUT_config_0055_M8_Trivial_H20.0_mu5.64",
        "output_prefix": "mc_sim_Trivial_H20.0_mub5.64_M8"
    }
}