{
    "input_params": {
        "polymer_type": "Ring",
        "knot_type": "Trivial",
        "configuration": "input/init_config_Z/TrivialN64M8H20.00rho0.10.dat",
        "mu_b": 3.189045862187583,
        "M": 8,
        "init_N": 64,
        "rho_b": 0.1,
        "box_xy": 16.0,
        "H": 20.0,
        "rcut": 1.0,
        "max_N": 640,
        "external_potential": "custom"
    },
    "simulation_params": {
        "EPS_TRANS": 0.05,
        "ROT_RATIO": 0.3,
        "K_MAX": 10,
        "sample_interval": 5,
        "sample_time": 40000,
        "sample_block": 4,
        "dz": 0.02
    },
    "Vext_params": {
        "potential_type": "custom",
        "An": [
            1.7923265338349785,
            0.9383099474937902,
            0.7730680595851993,
            3.298583828672313
        ],
        "phi_n": [
            5.330390836103622,
            0.9864842132105466,
            1.2893471184416325,
            2.5272173375208897
        ],
        "Vlin_par": [
            [
                0.8372379548229821,
                -2.735774264077817,
                0.3076623482513658,
                5.0627629783311665
            ],
            [
                -2.8496561896605157,
                2.777402613349539,
                -0.2825992446544671,
                2.549731136274583
            ]
        ],
        "x_tar": [
            [
                1.6452324193385737,
                12.928550781434334,
                1.5670931798887588,
                8.026938202681698
            ],
            [
                7.492200082789246,
                19.214105276428572,
                14.897569019008603,
                10.78032442488661
            ]
        ],
        "C": 0.2
    },
    "output_params": {
        "output_dir": "output/OUT_config_0576_M8_Trivial_H20.0_mu3.19",
        "output_prefix": "mc_sim_Trivial_H20.0_mub3.19_M8"
    }
}