{
    "input_params": {
        "polymer_type": "Ring",
        "knot_type": "Trivial",
        "configuration": "input/init_config_Z/TrivialN64M8H20.00rho0.10.dat",
        "mu_b": 5.6969830524656135,
        "M": 8,
        "init_N": 64,
        "rho_b": 0.1,
        "box_xy": 16.0,
        "H": 20.0,
        "rcut": 1.0,
        "max_N": 640,
        "external_potential": "custom"
    },
    "simulation_params": {
        "EPS_TRANS": 0.05,
        "ROT_RATIO": 0.3,
        "K_MAX": 10,
        "sample_interval": 5,
        "sample_time": 40000,
        "sample_block": 4,
        "dz": 0.02
    },
    "Vext_params": {
        "potential_type": "custom",
        "An": [
            0.5773389063907858,
            0.8907338718733857,
            0.0408017313660541,
            1.9412019666793205
        ],
        "phi_n": [
            1.6272648690760574,
            5.954078629293941,
            0.1664784826697972,
            1.1938749110420857
        ],
        "Vlin_par": [
            [
                -4.007295633379638,
                -0.3179003024189311,
                1.432387675128537,
                -3.207503897716303
            ],
            [
                -1.0832002435594077,
                2.14646899134955,
                -0.43191449071335164,
                0.8943469566791121
            ]
        ],
        "x_tar": [
            [
                9.063625076832025,
                12.673322638645137,
                2.7260585111749935,
                1.0549309048508193
            ],
            [
                17.762960728681854,
                19.5527844997008,
                11.57791404099858,
                10.537842014225445
            ]
        ],
        "C": 0.2
    },
    "output_params": {
        "output_dir": "output/OUT_config_0399_M8_Trivial_H20.0_mu5.70",
        "output_prefix": "mc_sim_Trivial_H20.0_mub5.70_M8"
    }
}