{
    "input_params": {
        "polymer_type": "Ring",
        "knot_type": "Trivial",
        "configuration": "input/init_config_Z/TrivialN64M8H20.00rho0.10.dat",
        "mu_b": 5.422465135816333,
        "M": 8,
        "init_N": 64,
        "rho_b": 0.1,
        "box_xy": 16.0,
        "H": 20.0,
        "rcut": 1.0,
        "max_N": 640,
        "external_potential": "custom"
    },
    "simulation_params": {
        "EPS_TRANS": 0.05,
        "ROT_RATIO": 0.3,
        "K_MAX": 10,
        "sample_interval": 5,
        "sample_time": 40000,
        "sample_block": 4,
        "dz": 0.02
    },
    "Vext_params": {
        "potential_type": "custom",
        "An": [
            0.36190226257881664,
            -2.836772187928174,
            -2.192676115862575,
            -1.7081866371170307
        ],
        "phi_n": [
            3.382313936110962,
            3.83092889062641,
            5.907855305848374,
            1.3063301131282097
        ],
        "Vlin_par": [
            [
                2.3609954426731092,
                -1.787637554440271,
                -0.0021583988970036794,
                -3.989716262256343
            ],
            [
                3.2793675054507245,
                1.1829589745807358,
                -1.4405669417326579,
                -1.9549284468429515
            ]
        ],
        "x_tar": [
            [
                8.125029435810012,
                2.0645944028095076,
                4.01533424617587,
                8.89311320068879
            ],
            [
                17.677794530291887,
                7.3463321819650655,
                19.473444754506637,
                14.467167802079675
            ]
        ],
        "C": 0.2
    },
    "output_params": {
        "output_dir": "output/OUT_config_0296_M8_Trivial_H20.0_mu5.42",
        "output_prefix": "mc_sim_Trivial_H20.0_mub5.42_M8"
    }
}