{
    "input_params": {
        "polymer_type": "Ring",
        "knot_type": "Trivial",
        "configuration": "input/init_config_Z/TrivialN64M8H20.00rho0.10.dat",
        "mu_b": 4.092378154662642,
        "M": 8,
        "init_N": 64,
        "rho_b": 0.1,
        "box_xy": 16.0,
        "H": 20.0,
        "rcut": 1.0,
        "max_N": 640,
        "external_potential": "custom"
    },
    "simulation_params": {
        "EPS_TRANS": 0.05,
        "ROT_RATIO": 0.3,
        "K_MAX": 10,
        "sample_interval": 5,
        "sample_time": 40000,
        "sample_block": 4,
        "dz": 0.02
    },
    "Vext_params": {
        "potential_type": "custom",
        "An": [
            1.5838428166383938,
            -3.7797067291025015,
            -1.1280265136644294,
            1.9225347086931477
        ],
        "phi_n": [
            1.7781821297870422,
            3.6561516986704343,
            0.09127422015960004,
            4.343391341483461
        ],
        "Vlin_par": [
            [
                0.26417093767532945,
                -1.211364847533645,
                0.8262029338466859,
                0.6648177478537228
            ],
            [
                0.4443832011366921,
                2.934978893624725,
                -3.3621286080875077,
                0.4621846174340866
            ]
        ],
        "x_tar": [
            [
                7.218595538594405,
                14.60554145265722,
                2.67180730558656,
                5.21372301024309
            ],
            [
                17.75379856995734,
                16.86087844153707,
                7.121008910935414,
                19.649583686169237
            ]
        ],
        "C": 0.2
    },
    "output_params": {
        "output_dir": "output/OUT_config_0041_M8_Trivial_H20.0_mu4.09",
        "output_prefix": "mc_sim_Trivial_H20.0_mub4.09_M8"
    }
}