{
    "input_params": {
        "polymer_type": "Ring",
        "knot_type": "Trivial",
        "configuration": "input/init_config_Z/TrivialN64M8H20.00rho0.10.dat",
        "mu_b": 5.1855376820508345,
        "M": 8,
        "init_N": 64,
        "rho_b": 0.1,
        "box_xy": 16.0,
        "H": 20.0,
        "rcut": 1.0,
        "max_N": 640,
        "external_potential": "custom"
    },
    "simulation_params": {
        "EPS_TRANS": 0.05,
        "ROT_RATIO": 0.3,
        "K_MAX": 10,
        "sample_interval": 5,
        "sample_time": 40000,
        "sample_block": 4,
        "dz": 0.02
    },
    "Vext_params": {
        "potential_type": "custom",
        "An": [
            3.531605471256191,
            0.8239336844848825,
            0.45963478227004484,
            -1.797915373686095
        ],
        "phi_n": [
            3.1637577114081052,
            6.134533832790608,
            5.727703618516056,
            4.481110413628867
        ],
        "Vlin_par": [
            [
                0.1762961419787711,
                -0.20921330475297964,
                1.0368797901405287,
                2.9545329828699023
            ],
            [
                -0.3378023904742847,
                -4.687339595786317,
                2.835108771821421,
                -1.7563461666265296
            ]
        ],
        "x_tar": [
            [
                6.481583462689995,
                5.54694203831684,
                14.448514198763355,
                7.088752994831484
            ],
            [
                11.665629491151412,
                14.378129859228515,
                18.339381601113246,
                16.072314682201355
            ]
        ],
        "C": 0.2
    },
    "output_params": {
        "output_dir": "output/OUT_config_0585_M8_Trivial_H20.0_mu5.19",
        "output_prefix": "mc_sim_Trivial_H20.0_mub5.19_M8"
    }
}