{
    "input_params": {
        "polymer_type": "Ring",
        "knot_type": "Trivial",
        "configuration": "input/init_config_Z/TrivialN64M8H20.00rho0.10.dat",
        "mu_b": 5.089950030987349,
        "M": 8,
        "init_N": 64,
        "rho_b": 0.1,
        "box_xy": 16.0,
        "H": 20.0,
        "rcut": 1.0,
        "max_N": 640,
        "external_potential": "custom"
    },
    "simulation_params": {
        "EPS_TRANS": 0.05,
        "ROT_RATIO": 0.3,
        "K_MAX": 10,
        "sample_interval": 5,
        "sample_time": 40000,
        "sample_block": 4,
        "dz": 0.02
    },
    "Vext_params": {
        "potential_type": "custom",
        "An": [
            1.35202886386295,
            -0.04070799450653941,
            3.4593952508064456,
            -0.680963225028101
        ],
        "phi_n": [
            1.9989505024980394,
            2.2937988761577035,
            4.479975224876838,
            2.2757582551804383
        ],
        "Vlin_par": [
            [
                -0.22695977526131367,
                0.28576683429271627,
                -0.8980172305529678,
                0.24670872055817628
            ],
            [
                1.2384189990085992,
                -0.5294941213979514,
                -1.6790302595739501,
                -0.17376934652838066
            ]
        ],
        "x_tar": [
            [
                6.501981425152163,
                15.545401799127285,
                1.8280210838349165,
                7.102050991270541
            ],
            [
                8.55462870240756,
                19.29666474773406,
                6.548390045025072,
                13.265068613759837
            ]
        ],
        "C": 0.2
    },
    "output_params": {
        "output_dir": "output/OUT_config_0369_M8_Trivial_H20.0_mu5.09",
        "output_prefix": "mc_sim_Trivial_H20.0_mub5.09_M8"
    }
}