{
    "input_params": {
        "polymer_type": "Ring",
        "knot_type": "Trivial",
        "configuration": "input/init_config_Z/TrivialN64M8H20.00rho0.10.dat",
        "mu_b": -0.8384234021254982,
        "M": 8,
        "init_N": 64,
        "rho_b": 0.1,
        "box_xy": 16.0,
        "H": 20.0,
        "rcut": 1.0,
        "max_N": 640,
        "external_potential": "custom"
    },
    "simulation_params": {
        "EPS_TRANS": 0.05,
        "ROT_RATIO": 0.3,
        "K_MAX": 10,
        "sample_interval": 5,
        "sample_time": 40000,
        "sample_block": 4,
        "dz": 0.02
    },
    "Vext_params": {
        "potential_type": "custom",
        "An": [
            -0.6750056075220525,
            0.3912191594784795,
            0.6904043440912887,
            -1.8566569067402272
        ],
        "phi_n": [
            6.214365974551706,
            1.9391192407392677,
            0.9739555113066138,
            2.565918492409803
        ],
        "Vlin_par": [
            [
                1.6382577514192282,
                -1.5635514216944704,
                -4.3707494647566865,
                2.2069677211411562
            ],
            [
                -3.602965271118571,
                2.9784819236236246,
                -2.343166701446663,
                2.8250198115487337
            ]
        ],
        "x_tar": [
            [
                4.866672079809334,
                7.05700841067994,
                7.321239638321206,
                3.6967375240891043
            ],
            [
                19.751222326338265,
                11.096494747359507,
                12.707354887932677,
                4.613330433721671
            ]
        ],
        "C": 0.2
    },
    "output_params": {
        "output_dir": "output/OUT_config_0483_M8_Trivial_H20.0_mu-0.84",
        "output_prefix": "mc_sim_Trivial_H20.0_mub-0.84_M8"
    }
}