{
    "input_params": {
        "polymer_type": "Ring",
        "knot_type": "Trivial",
        "configuration": "input/init_config_Z/TrivialN64M8H20.00rho0.10.dat",
        "mu_b": 1.9606167751143109,
        "M": 8,
        "init_N": 64,
        "rho_b": 0.1,
        "box_xy": 16.0,
        "H": 20.0,
        "rcut": 1.0,
        "max_N": 640,
        "external_potential": "custom"
    },
    "simulation_params": {
        "EPS_TRANS": 0.05,
        "ROT_RATIO": 0.3,
        "K_MAX": 10,
        "sample_interval": 5,
        "sample_time": 40000,
        "sample_block": 4,
        "dz": 0.02
    },
    "Vext_params": {
        "potential_type": "custom",
        "An": [
            -0.6487477245055484,
            0.9356381387146275,
            -2.2820839343811468,
            3.615985838283964
        ],
        "phi_n": [
            0.6602374092834981,
            0.02975063321108245,
            4.571120823992679,
            0.16632216939830488
        ],
        "Vlin_par": [
            [
                -1.0605593825659032,
                3.2002782979483206,
                4.633328935997649,
                0.5643765117408139
            ],
            [
                2.035991493651111,
                1.102415295063785,
                -1.4807848566681974,
                -0.2671457918158604
            ]
        ],
        "x_tar": [
            [
                3.581401964436839,
                0.9580712363588995,
                7.885959854301669,
                0.17253144759756145
            ],
            [
                6.262212076881664,
                11.144521566274708,
                18.041413516908275,
                17.693259650955557
            ]
        ],
        "C": 0.2
    },
    "output_params": {
        "output_dir": "output/OUT_config_0012_M8_Trivial_H20.0_mu1.96",
        "output_prefix": "mc_sim_Trivial_H20.0_mub1.96_M8"
    }
}