{
    "input_params": {
        "polymer_type": "Ring",
        "knot_type": "Trivial",
        "configuration": "input/init_config_Z/TrivialN64M8H20.00rho0.10.dat",
        "mu_b": 3.593913628662846,
        "M": 8,
        "init_N": 64,
        "rho_b": 0.1,
        "box_xy": 16.0,
        "H": 20.0,
        "rcut": 1.0,
        "max_N": 640,
        "external_potential": "custom"
    },
    "simulation_params": {
        "EPS_TRANS": 0.05,
        "ROT_RATIO": 0.3,
        "K_MAX": 10,
        "sample_interval": 5,
        "sample_time": 40000,
        "sample_block": 4,
        "dz": 0.02
    },
    "Vext_params": {
        "potential_type": "custom",
        "An": [
            -1.0477600264824731,
            -1.8685887509283077,
            1.0624226682362943,
            -1.7367736860056773
        ],
        "phi_n": [
            0.11779086439462001,
            4.149138342672168,
            4.227547010803692,
            0.7189767064224767
        ],
        "Vlin_par": [
            [
                -2.6242280491962497,
                -1.6364961890101788,
                -0.9891599007840889,
                0.7685451311300735
            ],
            [
                2.695148267104459,
                2.1842510558015618,
                -1.0038447453730799,
                -1.3341207701997866
            ]
        ],
        "x_tar": [
            [
                2.952322222637893,
                7.709483355905897,
                13.125571106556402,
                8.04109363752515
            ],
            [
                4.542238578732185,
                19.74857510188825,
                17.209968434992014,
                19.706870685247182
            ]
        ],
        "C": 0.2
    },
    "output_params": {
        "output_dir": "output/OUT_config_0202_M8_Trivial_H20.0_mu3.59",
        "output_prefix": "mc_sim_Trivial_H20.0_mub3.59_M8"
    }
}