{
    "input_params": {
        "polymer_type": "Ring",
        "knot_type": "Trivial",
        "configuration": "input/init_config_Z/TrivialN64M8H20.00rho0.10.dat",
        "mu_b": 0.021457736639200364,
        "M": 8,
        "init_N": 64,
        "rho_b": 0.1,
        "box_xy": 16.0,
        "H": 20.0,
        "rcut": 1.0,
        "max_N": 640,
        "external_potential": "custom"
    },
    "simulation_params": {
        "EPS_TRANS": 0.05,
        "ROT_RATIO": 0.3,
        "K_MAX": 10,
        "sample_interval": 5,
        "sample_time": 40000,
        "sample_block": 4,
        "dz": 0.02
    },
    "Vext_params": {
        "potential_type": "custom",
        "An": [
            1.4857789113582691,
            -0.033612019427609205,
            0.14921233159513703,
            -0.7019323497941112
        ],
        "phi_n": [
            2.542487128863125,
            0.1481464275254923,
            2.123044692960986,
            4.75368972930842
        ],
        "Vlin_par": [
            [
                -1.0091917836020945,
                -1.8264704483786587,
                0.9027754430237263,
                -3.363076657664163
            ],
            [
                -1.9327512122326953,
                1.9321155312294145,
                -2.496702140477623,
                -1.9663336868756058
            ]
        ],
        "x_tar": [
            [
                12.932240942331351,
                1.8973728433189962,
                17.957590076862115,
                0.18597867460694584
            ],
            [
                14.969552209443151,
                5.030395997097903,
                17.999959324931485,
                14.919401242089322
            ]
        ],
        "C": 0.2
    },
    "output_params": {
        "output_dir": "output/OUT_config_0304_M8_Trivial_H20.0_mu0.02",
        "output_prefix": "mc_sim_Trivial_H20.0_mub0.02_M8"
    }
}