{
    "input_params": {
        "polymer_type": "Ring",
        "knot_type": "Trivial",
        "configuration": "input/init_config_Z/TrivialN64M8H20.00rho0.10.dat",
        "mu_b": 4.895113617843983,
        "M": 8,
        "init_N": 64,
        "rho_b": 0.1,
        "box_xy": 16.0,
        "H": 20.0,
        "rcut": 1.0,
        "max_N": 640,
        "external_potential": "custom"
    },
    "simulation_params": {
        "EPS_TRANS": 0.05,
        "ROT_RATIO": 0.3,
        "K_MAX": 10,
        "sample_interval": 5,
        "sample_time": 40000,
        "sample_block": 4,
        "dz": 0.02
    },
    "Vext_params": {
        "potential_type": "custom",
        "An": [
            1.1484781333424203,
            0.2863411263784583,
            -2.437698538091004,
            0.8324834031951751
        ],
        "phi_n": [
            6.058345147420252,
            2.2592813744675126,
            4.65000918401316,
            0.16039259535761002
        ],
        "Vlin_par": [
            [
                -0.38822268287567113,
                3.12749840297258,
                -0.8741390193571678,
                -1.390855306765479
            ],
            [
                0.8257386703373154,
                -1.3883858224576209,
                -2.5894971678664627,
                1.533514496582278
            ]
        ],
        "x_tar": [
            [
                19.09322655480262,
                11.962718964827035,
                9.59764330354983,
                12.601983607864838
            ],
            [
                19.75571636527286,
                13.66117136403899,
                10.082360248952124,
                18.323162317523625
            ]
        ],
        "C": 0.2
    },
    "output_params": {
        "output_dir": "output/OUT_config_0061_M8_Trivial_H20.0_mu4.90",
        "output_prefix": "mc_sim_Trivial_H20.0_mub4.90_M8"
    }
}