{
    "input_params": {
        "polymer_type": "Ring",
        "knot_type": "Trivial",
        "configuration": "input/init_config_Z/TrivialN64M8H20.00rho0.10.dat",
        "mu_b": 4.365133506642863,
        "M": 8,
        "init_N": 64,
        "rho_b": 0.1,
        "box_xy": 16.0,
        "H": 20.0,
        "rcut": 1.0,
        "max_N": 640,
        "external_potential": "custom"
    },
    "simulation_params": {
        "EPS_TRANS": 0.05,
        "ROT_RATIO": 0.3,
        "K_MAX": 10,
        "sample_interval": 5,
        "sample_time": 40000,
        "sample_block": 4,
        "dz": 0.02
    },
    "Vext_params": {
        "potential_type": "custom",
        "An": [
            0.6026609050648355,
            -0.42385582348141193,
            1.5289623514665673,
            3.036263666711952
        ],
        "phi_n": [
            4.961718986012019,
            5.641334856471386,
            4.302216493983423,
            1.5525022506501043
        ],
        "Vlin_par": [
            [
                3.315759191667473,
                -3.3796477033557046,
                1.4435788048526441,
                -1.687838043714497
            ],
            [
                -0.6013228831255054,
                -0.017325426299479425,
                2.06387892631316,
                -0.4018505162063779
            ]
        ],
        "x_tar": [
            [
                13.148895016846256,
                4.713345046531363,
                6.234174149803929,
                6.075280277223857
            ],
            [
                15.767936155998532,
                16.345391105047554,
                11.699127171343298,
                10.21370200455545
            ]
        ],
        "C": 0.2
    },
    "output_params": {
        "output_dir": "output/OUT_config_0488_M8_Trivial_H20.0_mu4.37",
        "output_prefix": "mc_sim_Trivial_H20.0_mub4.37_M8"
    }
}