{
    "input_params": {
        "polymer_type": "Ring",
        "knot_type": "Trivial",
        "configuration": "input/init_config_Z/TrivialN64M8H20.00rho0.10.dat",
        "mu_b": 0.6474823108609795,
        "M": 8,
        "init_N": 64,
        "rho_b": 0.1,
        "box_xy": 16.0,
        "H": 20.0,
        "rcut": 1.0,
        "max_N": 640,
        "external_potential": "custom"
    },
    "simulation_params": {
        "EPS_TRANS": 0.05,
        "ROT_RATIO": 0.3,
        "K_MAX": 10,
        "sample_interval": 5,
        "sample_time": 40000,
        "sample_block": 4,
        "dz": 0.02
    },
    "Vext_params": {
        "potential_type": "custom",
        "An": [
            1.6485689282113392,
            -2.4691298740312093,
            -0.2794908735779952,
            0.3962430170709089
        ],
        "phi_n": [
            0.2581410476191591,
            3.319407719107681,
            0.5384265444001473,
            0.357255865174062
        ],
        "Vlin_par": [
            [
                -0.6197656837435231,
                3.0521817190397535,
                2.4105895806126845,
                -0.905635076915282
            ],
            [
                -1.153942102136261,
                -2.780545895774141,
                -0.6313556492182054,
                2.0069713721112947
            ]
        ],
        "x_tar": [
            [
                2.483623226503453,
                0.060578193670037805,
                14.3645562506964,
                15.759574899636345
            ],
            [
                17.325912249402048,
                12.64789837190875,
                14.406282243000168,
                19.52425794367596
            ]
        ],
        "C": 0.2
    },
    "output_params": {
        "output_dir": "output/OUT_config_0033_M8_Trivial_H20.0_mu0.65",
        "output_prefix": "mc_sim_Trivial_H20.0_mub0.65_M8"
    }
}