{
    "input_params": {
        "polymer_type": "Ring",
        "knot_type": "Trivial",
        "configuration": "input/init_config_Z/TrivialN64M8H20.00rho0.10.dat",
        "mu_b": 0.9192597897184625,
        "M": 8,
        "init_N": 64,
        "rho_b": 0.1,
        "box_xy": 16.0,
        "H": 20.0,
        "rcut": 1.0,
        "max_N": 640,
        "external_potential": "custom"
    },
    "simulation_params": {
        "EPS_TRANS": 0.05,
        "ROT_RATIO": 0.3,
        "K_MAX": 10,
        "sample_interval": 5,
        "sample_time": 40000,
        "sample_block": 4,
        "dz": 0.02
    },
    "Vext_params": {
        "potential_type": "custom",
        "An": [
            -0.5659325017936881,
            -2.2317261423538213,
            -1.9131696153160733,
            -4.142893623650484
        ],
        "phi_n": [
            5.4926138276635,
            4.562149129714794,
            5.118249375821941,
            3.890485257093757
        ],
        "Vlin_par": [
            [
                5.351874909624523,
                -0.9850992723156874,
                -1.2098910075389864,
                2.190375851900148
            ],
            [
                -2.476374814485252,
                1.8974415688685449,
                1.0113691222469956,
                -1.3492522115246268
            ]
        ],
        "x_tar": [
            [
                8.510198460796994,
                10.712084925405419,
                8.94493926578946,
                0.6831480747822516
            ],
            [
                14.743719188985288,
                12.864620569384812,
                16.68755266260854,
                5.361021382888607
            ]
        ],
        "C": 0.2
    },
    "output_params": {
        "output_dir": "output/OUT_config_0391_M8_Trivial_H20.0_mu0.92",
        "output_prefix": "mc_sim_Trivial_H20.0_mub0.92_M8"
    }
}