{
    "input_params": {
        "polymer_type": "Ring",
        "knot_type": "Trivial",
        "configuration": "input/init_config_Z/TrivialN64M8H20.00rho0.10.dat",
        "mu_b": 0.5928199240200309,
        "M": 8,
        "init_N": 64,
        "rho_b": 0.1,
        "box_xy": 16.0,
        "H": 20.0,
        "rcut": 1.0,
        "max_N": 640,
        "external_potential": "custom"
    },
    "simulation_params": {
        "EPS_TRANS": 0.05,
        "ROT_RATIO": 0.3,
        "K_MAX": 10,
        "sample_interval": 5,
        "sample_time": 40000,
        "sample_block": 4,
        "dz": 0.02
    },
    "Vext_params": {
        "potential_type": "custom",
        "An": [
            1.086356698298258,
            -3.790937957783165,
            -0.402195723010602,
            -1.529308363656404
        ],
        "phi_n": [
            1.9942073736833519,
            5.75330668504803,
            5.5598048865989265,
            5.970403386536533
        ],
        "Vlin_par": [
            [
                -3.1024978429253864,
                -3.231739057870506,
                0.9010626872043499,
                0.3507162726442387
            ],
            [
                2.001126466184607,
                0.3942405617532722,
                -1.7033813671002969,
                1.7208836214656278
            ]
        ],
        "x_tar": [
            [
                4.224697411411951,
                9.391054727127674,
                0.642176963859431,
                4.766496898011909
            ],
            [
                14.991743021742698,
                11.999764055614719,
                5.673930219479669,
                8.478788735173106
            ]
        ],
        "C": 0.2
    },
    "output_params": {
        "output_dir": "output/OUT_config_0073_M8_Trivial_H20.0_mu0.59",
        "output_prefix": "mc_sim_Trivial_H20.0_mub0.59_M8"
    }
}