{
    "input_params": {
        "polymer_type": "Ring",
        "knot_type": "Trivial",
        "configuration": "input/init_config_Z/TrivialN64M8H20.00rho0.10.dat",
        "mu_b": -0.5071618079839336,
        "M": 8,
        "init_N": 64,
        "rho_b": 0.1,
        "box_xy": 16.0,
        "H": 20.0,
        "rcut": 1.0,
        "max_N": 640,
        "external_potential": "custom"
    },
    "simulation_params": {
        "EPS_TRANS": 0.05,
        "ROT_RATIO": 0.3,
        "K_MAX": 10,
        "sample_interval": 5,
        "sample_time": 40000,
        "sample_block": 4,
        "dz": 0.02
    },
    "Vext_params": {
        "potential_type": "custom",
        "An": [
            1.2187734108898889,
            0.6938740130875578,
            -0.213572575721007,
            3.3402848029904426
        ],
        "phi_n": [
            2.8369021876568286,
            4.966073583226211,
            2.4148817225753594,
            2.78540042047903
        ],
        "Vlin_par": [
            [
                0.7221935248577366,
                -1.4939442078033704,
                2.0333469807454465,
                0.7151604786535617
            ],
            [
                -0.12348175962858629,
                -0.7251254212133148,
                -0.14244921044035413,
                -1.807390358878854
            ]
        ],
        "x_tar": [
            [
                3.517630922574939,
                6.20081849634153,
                6.051448664505998,
                1.981946867659936
            ],
            [
                16.42280973478972,
                9.76904247541924,
                18.721363433828667,
                17.991057465134507
            ]
        ],
        "C": 0.2
    },
    "output_params": {
        "output_dir": "output/OUT_config_0024_M8_Trivial_H20.0_mu-0.51",
        "output_prefix": "mc_sim_Trivial_H20.0_mub-0.51_M8"
    }
}