{
    "input_params": {
        "polymer_type": "Ring",
        "knot_type": "Trivial",
        "configuration": "input/init_config_Z/TrivialN64M8H20.00rho0.10.dat",
        "mu_b": 3.4442228434064157,
        "M": 8,
        "init_N": 64,
        "rho_b": 0.1,
        "box_xy": 16.0,
        "H": 20.0,
        "rcut": 1.0,
        "max_N": 640,
        "external_potential": "custom"
    },
    "simulation_params": {
        "EPS_TRANS": 0.05,
        "ROT_RATIO": 0.3,
        "K_MAX": 10,
        "sample_interval": 5,
        "sample_time": 40000,
        "sample_block": 4,
        "dz": 0.02
    },
    "Vext_params": {
        "potential_type": "custom",
        "An": [
            -3.212989059200134,
            3.128072365085293,
            1.741722934213438,
            -2.415698041962765
        ],
        "phi_n": [
            3.3057321818273078,
            1.05667096575623,
            2.4343105012108692,
            0.8897764377336483
        ],
        "Vlin_par": [
            [
                1.9988607226747086,
                1.8408887528988158,
                -0.8085653637809121,
                -0.9502334811377493
            ],
            [
                1.0157803234324392,
                -0.31548676981111573,
                -3.492019038798736,
                1.2481557584748393
            ]
        ],
        "x_tar": [
            [
                0.65600760757758,
                8.200448956917668,
                8.6575733691822,
                5.155020365904064
            ],
            [
                17.00308783608381,
                9.119513303441241,
                10.231132244380204,
                5.452014674742667
            ]
        ],
        "C": 0.2
    },
    "output_params": {
        "output_dir": "output/OUT_config_0463_M8_Trivial_H20.0_mu3.44",
        "output_prefix": "mc_sim_Trivial_H20.0_mub3.44_M8"
    }
}