{
    "input_params": {
        "polymer_type": "Ring",
        "knot_type": "Trivial",
        "configuration": "input/init_config_Z/TrivialN64M8H20.00rho0.10.dat",
        "mu_b": 1.9287841532417809,
        "M": 8,
        "init_N": 64,
        "rho_b": 0.1,
        "box_xy": 16.0,
        "H": 20.0,
        "rcut": 1.0,
        "max_N": 640,
        "external_potential": "custom"
    },
    "simulation_params": {
        "EPS_TRANS": 0.05,
        "ROT_RATIO": 0.3,
        "K_MAX": 10,
        "sample_interval": 5,
        "sample_time": 40000,
        "sample_block": 4,
        "dz": 0.02
    },
    "Vext_params": {
        "potential_type": "custom",
        "An": [
            -1.2092016570724604,
            1.396025154525849,
            -0.2407654609990891,
            1.5315392274279087
        ],
        "phi_n": [
            4.968400671265231,
            0.3290332349800074,
            1.541018060832186,
            5.142237403796035
        ],
        "Vlin_par": [
            [
                -1.7208825995123507,
                2.3461631095166227,
                -1.7364828882670589,
                1.3367630459821167
            ],
            [
                2.0697719171797453,
                -4.183245869198651,
                3.446461612844638,
                2.518128429841129
            ]
        ],
        "x_tar": [
            [
                5.369297747218753,
                12.703239387932825,
                0.38532216450983814,
                1.2580087003043117
            ],
            [
                18.41474742373417,
                18.29890002906256,
                17.940718794606155,
                9.61056578231277
            ]
        ],
        "C": 0.2
    },
    "output_params": {
        "output_dir": "output/OUT_config_0332_M8_Trivial_H20.0_mu1.93",
        "output_prefix": "mc_sim_Trivial_H20.0_mub1.93_M8"
    }
}