{
    "input_params": {
        "polymer_type": "Ring",
        "knot_type": "Trivial",
        "configuration": "input/init_config_Z/TrivialN64M8H20.00rho0.10.dat",
        "mu_b": 0.037388446412581544,
        "M": 8,
        "init_N": 64,
        "rho_b": 0.1,
        "box_xy": 16.0,
        "H": 20.0,
        "rcut": 1.0,
        "max_N": 640,
        "external_potential": "custom"
    },
    "simulation_params": {
        "EPS_TRANS": 0.05,
        "ROT_RATIO": 0.3,
        "K_MAX": 10,
        "sample_interval": 5,
        "sample_time": 40000,
        "sample_block": 4,
        "dz": 0.02
    },
    "Vext_params": {
        "potential_type": "custom",
        "An": [
            -1.2632230284583286,
            -0.11230534498184201,
            3.8663060929607713,
            -1.5098154250253664
        ],
        "phi_n": [
            4.900903884149494,
            0.016056746865451634,
            1.9659600115435418,
            2.7965937781863675
        ],
        "Vlin_par": [
            [
                0.7496402240392321,
                -1.5487426624025904,
                0.21053032309896255,
                -2.5814798266364876
            ],
            [
                0.1052560464827718,
                2.493704163304492,
                -0.835436251248185,
                -0.9969358861291172
            ]
        ],
        "x_tar": [
            [
                9.200695281277918,
                13.525565465381648,
                1.7648158057470509,
                11.534959776202525
            ],
            [
                10.275121514771842,
                13.588004469184424,
                7.042839975185748,
                13.761741219210233
            ]
        ],
        "C": 0.2
    },
    "output_params": {
        "output_dir": "output/OUT_config_0211_M8_Trivial_H20.0_mu0.04",
        "output_prefix": "mc_sim_Trivial_H20.0_mub0.04_M8"
    }
}