{
    "input_params": {
        "polymer_type": "Ring",
        "knot_type": "Trivial",
        "configuration": "input/init_config_Z/TrivialN64M8H20.00rho0.10.dat",
        "mu_b": -0.8478888203970075,
        "M": 8,
        "init_N": 64,
        "rho_b": 0.1,
        "box_xy": 16.0,
        "H": 20.0,
        "rcut": 1.0,
        "max_N": 640,
        "external_potential": "custom"
    },
    "simulation_params": {
        "EPS_TRANS": 0.05,
        "ROT_RATIO": 0.3,
        "K_MAX": 10,
        "sample_interval": 5,
        "sample_time": 40000,
        "sample_block": 4,
        "dz": 0.02
    },
    "Vext_params": {
        "potential_type": "custom",
        "An": [
            1.7082040313481288,
            0.928310032551732,
            -2.852260186272203,
            0.8255083069229197
        ],
        "phi_n": [
            2.9065405507653077,
            5.0916610634506565,
            4.294289730298186,
            4.398755834926631
        ],
        "Vlin_par": [
            [
                -0.8370738613989093,
                0.7413750201708829,
                -1.8490331741368136,
                -1.3747899023687338
            ],
            [
                0.906720554786595,
                -0.2221041235434091,
                0.10266546948534158,
                -3.291586192351478
            ]
        ],
        "x_tar": [
            [
                4.178242725003434,
                0.6919516819604743,
                5.498577464938124,
                9.56281513958087
            ],
            [
                4.786949311243691,
                2.9973402049535225,
                9.046871004385743,
                16.57136745090661
            ]
        ],
        "C": 0.2
    },
    "output_params": {
        "output_dir": "output/OUT_config_0063_M8_Trivial_H20.0_mu-0.85",
        "output_prefix": "mc_sim_Trivial_H20.0_mub-0.85_M8"
    }
}