{
    "input_params": {
        "polymer_type": "Ring",
        "knot_type": "Trivial",
        "configuration": "input/init_config_Z/TrivialN64M8H20.00rho0.10.dat",
        "mu_b": 4.4808887754564735,
        "M": 8,
        "init_N": 64,
        "rho_b": 0.1,
        "box_xy": 16.0,
        "H": 20.0,
        "rcut": 1.0,
        "max_N": 640,
        "external_potential": "custom"
    },
    "simulation_params": {
        "EPS_TRANS": 0.05,
        "ROT_RATIO": 0.3,
        "K_MAX": 10,
        "sample_interval": 5,
        "sample_time": 40000,
        "sample_block": 4,
        "dz": 0.02
    },
    "Vext_params": {
        "potential_type": "custom",
        "An": [
            -0.18354785925160033,
            -0.3765838060492353,
            -2.7806404537137923,
            -0.6116471768088217
        ],
        "phi_n": [
            6.08398253077977,
            2.1264394219910927,
            4.1779700647292275,
            0.4310867977728825
        ],
        "Vlin_par": [
            [
                1.5865386359967064,
                -1.2641272352870956,
                0.356947655495301,
                1.2289282448039303
            ],
            [
                1.0472291938742617,
                -0.13380392013307418,
                0.10649781808726314,
                4.006126832310383
            ]
        ],
        "x_tar": [
            [
                12.20396587630587,
                0.3613987990873113,
                0.8662604091853199,
                9.315202078904308
            ],
            [
                15.34972152421922,
                8.568941940047912,
                5.066053308442933,
                11.940562482065918
            ]
        ],
        "C": 0.2
    },
    "output_params": {
        "output_dir": "output/OUT_config_0200_M8_Trivial_H20.0_mu4.48",
        "output_prefix": "mc_sim_Trivial_H20.0_mub4.48_M8"
    }
}