{
    "input_params": {
        "polymer_type": "Ring",
        "knot_type": "Trivial",
        "configuration": "input/init_config_Z/TrivialN64M8H20.00rho0.10.dat",
        "mu_b": 5.778694334259148,
        "M": 8,
        "init_N": 64,
        "rho_b": 0.1,
        "box_xy": 16.0,
        "H": 20.0,
        "rcut": 1.0,
        "max_N": 640,
        "external_potential": "custom"
    },
    "simulation_params": {
        "EPS_TRANS": 0.05,
        "ROT_RATIO": 0.3,
        "K_MAX": 10,
        "sample_interval": 5,
        "sample_time": 40000,
        "sample_block": 4,
        "dz": 0.02
    },
    "Vext_params": {
        "potential_type": "custom",
        "An": [
            0.9548188965067942,
            0.07742006210057362,
            2.324747981763574,
            -0.6472821346369808
        ],
        "phi_n": [
            3.8382389958792125,
            5.730253394913065,
            3.5279760221230694,
            5.927199678185869
        ],
        "Vlin_par": [
            [
                1.0196581397829596,
                0.4327761371658156,
                -0.8097138881829663,
                2.7009872408474123
            ],
            [
                -0.7558515416498903,
                -1.5826349432621243,
                0.14751832426929037,
                0.9284736859249222
            ]
        ],
        "x_tar": [
            [
                8.718046044859399,
                14.822656298569576,
                2.766823573740018,
                14.938117522109728
            ],
            [
                11.607568873345869,
                14.871223932404714,
                7.428350367090064,
                19.525636389642425
            ]
        ],
        "C": 0.2
    },
    "output_params": {
        "output_dir": "output/OUT_config_0170_M8_Trivial_H20.0_mu5.78",
        "output_prefix": "mc_sim_Trivial_H20.0_mub5.78_M8"
    }
}