{
    "input_params": {
        "polymer_type": "Ring",
        "knot_type": "Trivial",
        "configuration": "input/init_config_Z/TrivialN64M8H20.00rho0.10.dat",
        "mu_b": 1.8636229692017823,
        "M": 8,
        "init_N": 64,
        "rho_b": 0.1,
        "box_xy": 16.0,
        "H": 20.0,
        "rcut": 1.0,
        "max_N": 640,
        "external_potential": "custom"
    },
    "simulation_params": {
        "EPS_TRANS": 0.05,
        "ROT_RATIO": 0.3,
        "K_MAX": 10,
        "sample_interval": 5,
        "sample_time": 40000,
        "sample_block": 4,
        "dz": 0.02
    },
    "Vext_params": {
        "potential_type": "custom",
        "An": [
            3.172205898730923,
            -1.0447000735534198,
            0.5813967002704038,
            -1.1217208041046594
        ],
        "phi_n": [
            4.391408983298066,
            4.5947476796874955,
            4.502640048659112,
            6.185208472154145
        ],
        "Vlin_par": [
            [
                -0.8510065947356098,
                -0.45981570087622986,
                0.8067963530750282,
                -2.319911635194618
            ],
            [
                -0.9292567194207739,
                1.4901068591291933,
                1.912653620435914,
                1.0315941875071435
            ]
        ],
        "x_tar": [
            [
                5.60368719165631,
                1.67084166943263,
                12.60874709639513,
                2.022850716704101
            ],
            [
                16.720920169519296,
                15.524377823539062,
                19.028082582371326,
                12.00899994696562
            ]
        ],
        "C": 0.2
    },
    "output_params": {
        "output_dir": "output/OUT_config_0324_M8_Trivial_H20.0_mu1.86",
        "output_prefix": "mc_sim_Trivial_H20.0_mub1.86_M8"
    }
}