{
    "input_params": {
        "polymer_type": "Ring",
        "knot_type": "Trivial",
        "configuration": "input/init_config_Z/TrivialN64M8H20.00rho0.10.dat",
        "mu_b": 3.8095374860804023,
        "M": 8,
        "init_N": 64,
        "rho_b": 0.1,
        "box_xy": 16.0,
        "H": 20.0,
        "rcut": 1.0,
        "max_N": 640,
        "external_potential": "custom"
    },
    "simulation_params": {
        "EPS_TRANS": 0.05,
        "ROT_RATIO": 0.3,
        "K_MAX": 10,
        "sample_interval": 5,
        "sample_time": 40000,
        "sample_block": 4,
        "dz": 0.02
    },
    "Vext_params": {
        "potential_type": "custom",
        "An": [
            -0.8773876723014064,
            1.845513462181527,
            0.6685810043024225,
            -0.1463472651180646
        ],
        "phi_n": [
            2.1929514719507677,
            4.3359991688160076,
            4.850241971758367,
            1.883901625974983
        ],
        "Vlin_par": [
            [
                0.28135022598408743,
                -0.1708061810370159,
                2.7214116978252876,
                -1.3021071280497274
            ],
            [
                -5.4808879634463,
                -1.781777818638609,
                -2.888832933648832,
                -1.8704295291199988
            ]
        ],
        "x_tar": [
            [
                1.9680571588586493,
                2.5973306948821007,
                9.719752997127662,
                7.779843655029708
            ],
            [
                7.958419248495434,
                5.215047444103121,
                19.54458002719595,
                9.6681015458393
            ]
        ],
        "C": 0.2
    },
    "output_params": {
        "output_dir": "output/OUT_config_0271_M8_Trivial_H20.0_mu3.81",
        "output_prefix": "mc_sim_Trivial_H20.0_mub3.81_M8"
    }
}