{
    "input_params": {
        "polymer_type": "Ring",
        "knot_type": "Trivial",
        "configuration": "input/init_config_Z/TrivialN64M8H20.00rho0.10.dat",
        "mu_b": 5.6873388338789646,
        "M": 8,
        "init_N": 64,
        "rho_b": 0.1,
        "box_xy": 16.0,
        "H": 20.0,
        "rcut": 1.0,
        "max_N": 640,
        "external_potential": "custom"
    },
    "simulation_params": {
        "EPS_TRANS": 0.05,
        "ROT_RATIO": 0.3,
        "K_MAX": 10,
        "sample_interval": 5,
        "sample_time": 40000,
        "sample_block": 4,
        "dz": 0.02
    },
    "Vext_params": {
        "potential_type": "custom",
        "An": [
            2.42155302724817,
            -1.7104228623078,
            1.308201769963977,
            -0.5238982072544455
        ],
        "phi_n": [
            4.454179704727347,
            2.9051403542183736,
            0.2816669815186253,
            0.290056542623337
        ],
        "Vlin_par": [
            [
                -4.098437297000982,
                -0.9369323921769848,
                -0.28514948291556086,
                -1.439456636824849
            ],
            [
                1.1271600396715713,
                -0.3431231880650009,
                -1.3196842344560316,
                -2.3541931604414637
            ]
        ],
        "x_tar": [
            [
                3.915123478873568,
                9.745941612615475,
                8.973368123419217,
                8.08459618942888
            ],
            [
                11.920133509183671,
                16.35314658456439,
                10.12240704157087,
                14.520231048323634
            ]
        ],
        "C": 0.2
    },
    "output_params": {
        "output_dir": "output/OUT_config_0498_M8_Trivial_H20.0_mu5.69",
        "output_prefix": "mc_sim_Trivial_H20.0_mub5.69_M8"
    }
}