{
    "input_params": {
        "polymer_type": "Ring",
        "knot_type": "Trivial",
        "configuration": "input/init_config_Z/TrivialN64M8H20.00rho0.10.dat",
        "mu_b": -0.666254171380221,
        "M": 8,
        "init_N": 64,
        "rho_b": 0.1,
        "box_xy": 16.0,
        "H": 20.0,
        "rcut": 1.0,
        "max_N": 640,
        "external_potential": "custom"
    },
    "simulation_params": {
        "EPS_TRANS": 0.05,
        "ROT_RATIO": 0.3,
        "K_MAX": 10,
        "sample_interval": 5,
        "sample_time": 40000,
        "sample_block": 4,
        "dz": 0.02
    },
    "Vext_params": {
        "potential_type": "custom",
        "An": [
            0.8536097902410575,
            3.198531553544345,
            -1.7002384701755282,
            -0.2162454383571291
        ],
        "phi_n": [
            6.270328639479683,
            2.478543386564006,
            5.2645626266477725,
            2.6498024951974384
        ],
        "Vlin_par": [
            [
                0.9863005809874312,
                0.38862100737708666,
                -4.403478883019163,
                0.5248443774761002
            ],
            [
                -0.302531068151369,
                -0.567577542933151,
                -1.8915165086694539,
                -0.6669608437408486
            ]
        ],
        "x_tar": [
            [
                2.7146360696224336,
                4.499617995461868,
                5.03398272471723,
                6.9792962424639615
            ],
            [
                7.3171609013713645,
                19.863637335649646,
                11.071247893885989,
                11.431286573034722
            ]
        ],
        "C": 0.2
    },
    "output_params": {
        "output_dir": "output/OUT_config_0434_M8_Trivial_H20.0_mu-0.67",
        "output_prefix": "mc_sim_Trivial_H20.0_mub-0.67_M8"
    }
}