{
    "input_params": {
        "polymer_type": "Ring",
        "knot_type": "Trivial",
        "configuration": "input/init_config_Z/TrivialN64M8H20.00rho0.10.dat",
        "mu_b": 2.4589980406463905,
        "M": 8,
        "init_N": 64,
        "rho_b": 0.1,
        "box_xy": 16.0,
        "H": 20.0,
        "rcut": 1.0,
        "max_N": 640,
        "external_potential": "custom"
    },
    "simulation_params": {
        "EPS_TRANS": 0.05,
        "ROT_RATIO": 0.3,
        "K_MAX": 10,
        "sample_interval": 5,
        "sample_time": 40000,
        "sample_block": 4,
        "dz": 0.02
    },
    "Vext_params": {
        "potential_type": "custom",
        "An": [
            -0.4849581745993778,
            -0.33402021653911895,
            -0.3564967967447883,
            0.023720515664494395
        ],
        "phi_n": [
            1.0262485360543887,
            4.6831417712727195,
            6.028171239773831,
            5.248653776505089
        ],
        "Vlin_par": [
            [
                2.699713422575245,
                -1.3853527735891689,
                -1.0175128788625876,
                -0.2111214783900487
            ],
            [
                -2.063110496949048,
                2.0699788441174487,
                0.17606502864240214,
                -0.6827242480960063
            ]
        ],
        "x_tar": [
            [
                11.793165542767607,
                6.969935928509927,
                12.016356770464945,
                1.7203532867295812
            ],
            [
                15.204586372356419,
                8.845023265923333,
                17.596675159361176,
                11.671042520345773
            ]
        ],
        "C": 0.2
    },
    "output_params": {
        "output_dir": "output/OUT_config_0212_M8_Trivial_H20.0_mu2.46",
        "output_prefix": "mc_sim_Trivial_H20.0_mub2.46_M8"
    }
}