{
    "input_params": {
        "polymer_type": "Ring",
        "knot_type": "Trivial",
        "configuration": "input/init_config_Z/TrivialN64M8H20.00rho0.10.dat",
        "mu_b": 3.778419401260363,
        "M": 8,
        "init_N": 64,
        "rho_b": 0.1,
        "box_xy": 16.0,
        "H": 20.0,
        "rcut": 1.0,
        "max_N": 640,
        "external_potential": "custom"
    },
    "simulation_params": {
        "EPS_TRANS": 0.05,
        "ROT_RATIO": 0.3,
        "K_MAX": 10,
        "sample_interval": 5,
        "sample_time": 40000,
        "sample_block": 4,
        "dz": 0.02
    },
    "Vext_params": {
        "potential_type": "custom",
        "An": [
            2.5130739514088685,
            1.3425686065236508,
            0.07880451528600084,
            1.983491854682102
        ],
        "phi_n": [
            3.476416736137217,
            1.2692265791694863,
            0.6542173630284875,
            5.42217669728125
        ],
        "Vlin_par": [
            [
                2.6978296059671645,
                4.013337011413558,
                -0.23392663292489319,
                0.3392232848937453
            ],
            [
                4.33027713571422,
                0.3125118354504417,
                -0.35035590219166535,
                0.23480505113005146
            ]
        ],
        "x_tar": [
            [
                4.702283260587105,
                9.353833902691207,
                8.727300328060974,
                4.584448001627721
            ],
            [
                18.01291582491458,
                12.032914377710703,
                15.31561696759525,
                18.962151866767613
            ]
        ],
        "C": 0.2
    },
    "output_params": {
        "output_dir": "output/OUT_config_0225_M8_Trivial_H20.0_mu3.78",
        "output_prefix": "mc_sim_Trivial_H20.0_mub3.78_M8"
    }
}