{
    "input_params": {
        "polymer_type": "Ring",
        "knot_type": "Trivial",
        "configuration": "input/init_config_Z/TrivialN64M8H20.00rho0.10.dat",
        "mu_b": 0.4799615456687616,
        "M": 8,
        "init_N": 64,
        "rho_b": 0.1,
        "box_xy": 16.0,
        "H": 20.0,
        "rcut": 1.0,
        "max_N": 640,
        "external_potential": "custom"
    },
    "simulation_params": {
        "EPS_TRANS": 0.05,
        "ROT_RATIO": 0.3,
        "K_MAX": 10,
        "sample_interval": 5,
        "sample_time": 40000,
        "sample_block": 4,
        "dz": 0.02
    },
    "Vext_params": {
        "potential_type": "custom",
        "An": [
            -3.2717822187234886,
            2.2488718142782154,
            -0.8589835617975926,
            -0.43232013586422835
        ],
        "phi_n": [
            0.14997834571078278,
            5.534037440886817,
            6.0258431184152,
            1.531961156664207
        ],
        "Vlin_par": [
            [
                0.6936538242203026,
                -0.8027584887299319,
                0.22870461023094615,
                0.6981824703263744
            ],
            [
                0.6208820849059842,
                2.489116145381261,
                0.9096943277498785,
                1.2752990721907564
            ]
        ],
        "x_tar": [
            [
                9.246628025128112,
                13.805051913268283,
                10.24542047942473,
                6.190516978726954
            ],
            [
                15.659654379991817,
                16.460602001226285,
                11.020774712819751,
                10.689326351065011
            ]
        ],
        "C": 0.2
    },
    "output_params": {
        "output_dir": "output/OUT_config_0276_M8_Trivial_H20.0_mu0.48",
        "output_prefix": "mc_sim_Trivial_H20.0_mub0.48_M8"
    }
}