{
    "input_params": {
        "polymer_type": "Ring",
        "knot_type": "Trivial",
        "configuration": "input/init_config_Z/TrivialN64M8H20.00rho0.10.dat",
        "mu_b": 2.0077123830859875,
        "M": 8,
        "init_N": 64,
        "rho_b": 0.1,
        "box_xy": 16.0,
        "H": 20.0,
        "rcut": 1.0,
        "max_N": 640,
        "external_potential": "custom"
    },
    "simulation_params": {
        "EPS_TRANS": 0.05,
        "ROT_RATIO": 0.3,
        "K_MAX": 10,
        "sample_interval": 5,
        "sample_time": 40000,
        "sample_block": 4,
        "dz": 0.02
    },
    "Vext_params": {
        "potential_type": "custom",
        "An": [
            -0.4738022216975573,
            -1.2777601445631197,
            -2.187655775514443,
            -0.445007975897769
        ],
        "phi_n": [
            0.3640550902379055,
            2.141125520336317,
            1.9502915015016502,
            1.8715348046391715
        ],
        "Vlin_par": [
            [
                1.323100161645298,
                -0.29908857730003985,
                1.6765049517824615,
                0.47993961816948333
            ],
            [
                2.3980512392888174,
                1.3072278654005853,
                2.753155639356373,
                -0.7209135539563447
            ]
        ],
        "x_tar": [
            [
                9.175038584255121,
                5.683147666803878,
                3.4423683526240834,
                9.68418096645567
            ],
            [
                9.884220437830827,
                12.330679570589531,
                19.730444406034145,
                13.758232894006412
            ]
        ],
        "C": 0.2
    },
    "output_params": {
        "output_dir": "output/OUT_config_0427_M8_Trivial_H20.0_mu2.01",
        "output_prefix": "mc_sim_Trivial_H20.0_mub2.01_M8"
    }
}