{
    "input_params": {
        "polymer_type": "Ring",
        "knot_type": "Trivial",
        "configuration": "input/init_config_Z/TrivialN64M8H20.00rho0.10.dat",
        "mu_b": -0.916932377220653,
        "M": 8,
        "init_N": 64,
        "rho_b": 0.1,
        "box_xy": 16.0,
        "H": 20.0,
        "rcut": 1.0,
        "max_N": 640,
        "external_potential": "custom"
    },
    "simulation_params": {
        "EPS_TRANS": 0.05,
        "ROT_RATIO": 0.3,
        "K_MAX": 10,
        "sample_interval": 5,
        "sample_time": 40000,
        "sample_block": 4,
        "dz": 0.02
    },
    "Vext_params": {
        "potential_type": "custom",
        "An": [
            -1.2198376088332605,
            -0.15763712561904933,
            -1.5425715587164355,
            2.6796659263357907
        ],
        "phi_n": [
            1.9670948260972554,
            6.059034547600315,
            3.4016287767274798,
            4.770029466342478
        ],
        "Vlin_par": [
            [
                -2.7137636573408592,
                1.9287969669164349,
                -1.3796590251682228,
                1.1228903748250139
            ],
            [
                -0.5456478507304436,
                -2.9349087167521706,
                -0.9660521803679086,
                1.8659978598507727
            ]
        ],
        "x_tar": [
            [
                7.4687427777221345,
                11.392766738470918,
                10.566360657169744,
                2.369282385034186
            ],
            [
                16.21289444256083,
                15.9309759231384,
                11.623985074299137,
                4.6147680952048775
            ]
        ],
        "C": 0.2
    },
    "output_params": {
        "output_dir": "output/OUT_config_0094_M8_Trivial_H20.0_mu-0.92",
        "output_prefix": "mc_sim_Trivial_H20.0_mub-0.92_M8"
    }
}