{
    "input_params": {
        "polymer_type": "Ring",
        "knot_type": "Trivial",
        "configuration": "input/init_config_Z/TrivialN64M8H20.00rho0.10.dat",
        "mu_b": 5.403991369407754,
        "M": 8,
        "init_N": 64,
        "rho_b": 0.1,
        "box_xy": 16.0,
        "H": 20.0,
        "rcut": 1.0,
        "max_N": 640,
        "external_potential": "custom"
    },
    "simulation_params": {
        "EPS_TRANS": 0.05,
        "ROT_RATIO": 0.3,
        "K_MAX": 10,
        "sample_interval": 5,
        "sample_time": 40000,
        "sample_block": 4,
        "dz": 0.02
    },
    "Vext_params": {
        "potential_type": "custom",
        "An": [
            0.10338082220182625,
            -3.249254726067028,
            2.1257840220688644,
            0.5160607605579943
        ],
        "phi_n": [
            5.8036119341997034,
            5.167952675097039,
            3.222889004758182,
            1.8699665263117697
        ],
        "Vlin_par": [
            [
                -2.720120014266077,
                1.4564250809121477,
                3.7220580454567354,
                1.3833503408804784
            ],
            [
                -0.8696680131188635,
                3.464777684973422,
                -1.2907799943859972,
                0.48825330353264984
            ]
        ],
        "x_tar": [
            [
                17.60714373843099,
                5.977085452858226,
                4.1197983235094675,
                3.606520572037304
            ],
            [
                19.076937969776843,
                13.608418373151315,
                5.508903970005505,
                13.45951402167141
            ]
        ],
        "C": 0.2
    },
    "output_params": {
        "output_dir": "output/OUT_config_0513_M8_Trivial_H20.0_mu5.40",
        "output_prefix": "mc_sim_Trivial_H20.0_mub5.40_M8"
    }
}