{
    "input_params": {
        "polymer_type": "Ring",
        "knot_type": "Trivial",
        "configuration": "input/init_config_Z/TrivialN64M8H20.00rho0.10.dat",
        "mu_b": 5.956653799231091,
        "M": 8,
        "init_N": 64,
        "rho_b": 0.1,
        "box_xy": 16.0,
        "H": 20.0,
        "rcut": 1.0,
        "max_N": 640,
        "external_potential": "custom"
    },
    "simulation_params": {
        "EPS_TRANS": 0.05,
        "ROT_RATIO": 0.3,
        "K_MAX": 10,
        "sample_interval": 5,
        "sample_time": 40000,
        "sample_block": 4,
        "dz": 0.02
    },
    "Vext_params": {
        "potential_type": "custom",
        "An": [
            3.541468158042229,
            -0.08150426011474121,
            2.882639388263696,
            -1.7972378984807063
        ],
        "phi_n": [
            6.0632343896071434,
            1.1793798016586796,
            0.6003076158485556,
            4.159709550717496
        ],
        "Vlin_par": [
            [
                -2.874269840094398,
                1.7620219825569272,
                1.7434155049664224,
                0.5630115895591371
            ],
            [
                -0.29480396257335356,
                -4.989706354238848,
                2.9499309458152827,
                -0.9118740510223884
            ]
        ],
        "x_tar": [
            [
                15.764431036575841,
                7.625643726678182,
                7.207225152455001,
                11.676878994867547
            ],
            [
                18.599912350527433,
                15.997051421834465,
                17.0710003584332,
                13.91853956900877
            ]
        ],
        "C": 0.2
    },
    "output_params": {
        "output_dir": "output/OUT_config_0243_M8_Trivial_H20.0_mu5.96",
        "output_prefix": "mc_sim_Trivial_H20.0_mub5.96_M8"
    }
}