{
    "input_params": {
        "polymer_type": "Ring",
        "knot_type": "Trivial",
        "configuration": "input/init_config_Z/TrivialN64M8H20.00rho0.10.dat",
        "mu_b": 4.936498075287075,
        "M": 8,
        "init_N": 64,
        "rho_b": 0.1,
        "box_xy": 16.0,
        "H": 20.0,
        "rcut": 1.0,
        "max_N": 640,
        "external_potential": "custom"
    },
    "simulation_params": {
        "EPS_TRANS": 0.05,
        "ROT_RATIO": 0.3,
        "K_MAX": 10,
        "sample_interval": 5,
        "sample_time": 40000,
        "sample_block": 4,
        "dz": 0.02
    },
    "Vext_params": {
        "potential_type": "custom",
        "An": [
            -0.6732704156158623,
            0.5284858746071867,
            -1.7300356576667844,
            1.629214447544131
        ],
        "phi_n": [
            2.1790681666044556,
            3.2538704077172835,
            3.976708081705853,
            3.4889854399525317
        ],
        "Vlin_par": [
            [
                -1.9748221595860616,
                1.9273905380363667,
                -0.37987189545228545,
                3.0556681425693943
            ],
            [
                0.6477494999572216,
                -4.477137663172629,
                0.4808253831860607,
                -1.0867697237954457
            ]
        ],
        "x_tar": [
            [
                6.6834394276862135,
                10.830211189070525,
                6.581669461433604,
                7.616345759679161
            ],
            [
                15.186243534879413,
                14.218574193193557,
                19.432920924946092,
                16.495125124770095
            ]
        ],
        "C": 0.2
    },
    "output_params": {
        "output_dir": "output/OUT_config_0420_M8_Trivial_H20.0_mu4.94",
        "output_prefix": "mc_sim_Trivial_H20.0_mub4.94_M8"
    }
}