{
    "input_params": {
        "polymer_type": "Ring",
        "knot_type": "Trivial",
        "configuration": "input/init_config_Z/TrivialN64M8H20.00rho0.10.dat",
        "mu_b": 2.0458050361072324,
        "M": 8,
        "init_N": 64,
        "rho_b": 0.1,
        "box_xy": 16.0,
        "H": 20.0,
        "rcut": 1.0,
        "max_N": 640,
        "external_potential": "custom"
    },
    "simulation_params": {
        "EPS_TRANS": 0.05,
        "ROT_RATIO": 0.3,
        "K_MAX": 10,
        "sample_interval": 5,
        "sample_time": 40000,
        "sample_block": 4,
        "dz": 0.02
    },
    "Vext_params": {
        "potential_type": "custom",
        "An": [
            1.1032127830168834,
            -1.9623297208277102,
            1.4937365712247068,
            -0.5541348155777476
        ],
        "phi_n": [
            0.6458439055494964,
            3.8314300418879084,
            3.768167002998928,
            2.8972094304217135
        ],
        "Vlin_par": [
            [
                1.1576091812517304,
                -1.4211857543622841,
                -5.199505876327783,
                2.311072585806479
            ],
            [
                0.8253899031749843,
                1.5498692116645805,
                -0.34198723174118206,
                -1.336728336427142
            ]
        ],
        "x_tar": [
            [
                6.158759140471661,
                2.7911554320743104,
                0.01371624027311169,
                1.1695521135606035
            ],
            [
                7.794697749769897,
                5.969935787185941,
                6.966413973121519,
                16.913066635417586
            ]
        ],
        "C": 0.2
    },
    "output_params": {
        "output_dir": "output/OUT_config_0382_M8_Trivial_H20.0_mu2.05",
        "output_prefix": "mc_sim_Trivial_H20.0_mub2.05_M8"
    }
}