{
    "input_params": {
        "polymer_type": "Ring",
        "knot_type": "Trivial",
        "configuration": "input/init_config_Z/TrivialN64M8H20.00rho0.10.dat",
        "mu_b": 1.938397590758035,
        "M": 8,
        "init_N": 64,
        "rho_b": 0.1,
        "box_xy": 16.0,
        "H": 20.0,
        "rcut": 1.0,
        "max_N": 640,
        "external_potential": "custom"
    },
    "simulation_params": {
        "EPS_TRANS": 0.05,
        "ROT_RATIO": 0.3,
        "K_MAX": 10,
        "sample_interval": 5,
        "sample_time": 40000,
        "sample_block": 4,
        "dz": 0.02
    },
    "Vext_params": {
        "potential_type": "custom",
        "An": [
            0.5131045229888751,
            0.6087320432601611,
            0.7933878065820634,
            0.6864817577448715
        ],
        "phi_n": [
            4.328283521309308,
            4.903998343084705,
            5.58185222853374,
            0.14168766371966443
        ],
        "Vlin_par": [
            [
                0.9582774422281615,
                -0.48341945130591757,
                -0.7103100642894213,
                2.5522133362390926
            ],
            [
                -1.4665207863064724,
                2.130976243109542,
                2.04749851159138,
                -1.710171757685148
            ]
        ],
        "x_tar": [
            [
                6.3309547133656485,
                3.4969408929850165,
                8.406222434421762,
                6.055365253504976
            ],
            [
                11.103313066467312,
                13.792586313079312,
                11.296453159552867,
                19.45321615694586
            ]
        ],
        "C": 0.2
    },
    "output_params": {
        "output_dir": "output/OUT_config_0406_M8_Trivial_H20.0_mu1.94",
        "output_prefix": "mc_sim_Trivial_H20.0_mub1.94_M8"
    }
}