{
    "input_params": {
        "polymer_type": "Ring",
        "knot_type": "Trivial",
        "configuration": "input/init_config_Z/TrivialN64M8H20.00rho0.10.dat",
        "mu_b": 5.353148355240596,
        "M": 8,
        "init_N": 64,
        "rho_b": 0.1,
        "box_xy": 16.0,
        "H": 20.0,
        "rcut": 1.0,
        "max_N": 640,
        "external_potential": "custom"
    },
    "simulation_params": {
        "EPS_TRANS": 0.05,
        "ROT_RATIO": 0.3,
        "K_MAX": 10,
        "sample_interval": 5,
        "sample_time": 40000,
        "sample_block": 4,
        "dz": 0.02
    },
    "Vext_params": {
        "potential_type": "custom",
        "An": [
            -0.8934244264791183,
            1.772099086038864,
            0.17792642915347745,
            -1.788577925391572
        ],
        "phi_n": [
            1.2786926157932235,
            3.7022144572023796,
            4.573906768900962,
            1.4803939325836908
        ],
        "Vlin_par": [
            [
                2.083483688824729,
                -0.30846055174615655,
                0.06122621779665844,
                -4.457997808104459
            ],
            [
                -1.0094260782577893,
                2.7676215030347406,
                0.9243810192466183,
                2.4616288990745177
            ]
        ],
        "x_tar": [
            [
                7.938419600849079,
                1.489930500456349,
                14.876410141392885,
                8.642936232441107
            ],
            [
                8.96148754369255,
                17.977973355016303,
                16.580244211165454,
                8.691387723595456
            ]
        ],
        "C": 0.2
    },
    "output_params": {
        "output_dir": "output/OUT_config_0247_M8_Trivial_H20.0_mu5.35",
        "output_prefix": "mc_sim_Trivial_H20.0_mub5.35_M8"
    }
}