{
    "input_params": {
        "polymer_type": "Ring",
        "knot_type": "Trivial",
        "configuration": "input/init_config_Z/TrivialN64M8H20.00rho0.10.dat",
        "mu_b": 4.668072791754402,
        "M": 8,
        "init_N": 64,
        "rho_b": 0.1,
        "box_xy": 16.0,
        "H": 20.0,
        "rcut": 1.0,
        "max_N": 640,
        "external_potential": "custom"
    },
    "simulation_params": {
        "EPS_TRANS": 0.05,
        "ROT_RATIO": 0.3,
        "K_MAX": 10,
        "sample_interval": 5,
        "sample_time": 40000,
        "sample_block": 4,
        "dz": 0.02
    },
    "Vext_params": {
        "potential_type": "custom",
        "An": [
            -0.10543250566008792,
            0.17528274366632832,
            -2.148589015967464,
            -0.3128947588274785
        ],
        "phi_n": [
            3.4906429589665673,
            2.0234518891812296,
            0.00032994795605839606,
            2.210138258052145
        ],
        "Vlin_par": [
            [
                -0.48072560344724113,
                -2.2952526437771468,
                -0.2844233811002219,
                2.401415759837566
            ],
            [
                -1.4013727855577696,
                -2.8463337033683414,
                -2.7354219570083576,
                1.147771303394615
            ]
        ],
        "x_tar": [
            [
                7.812312252005935,
                0.6715790596453708,
                8.825198192380153,
                13.510206956238843
            ],
            [
                11.061168596799678,
                13.876768076317521,
                18.196476414366426,
                14.327067294420656
            ]
        ],
        "C": 0.2
    },
    "output_params": {
        "output_dir": "output/OUT_config_0023_M8_Trivial_H20.0_mu4.67",
        "output_prefix": "mc_sim_Trivial_H20.0_mub4.67_M8"
    }
}