{
    "input_params": {
        "polymer_type": "Ring",
        "knot_type": "Trivial",
        "configuration": "input/init_config_Z/TrivialN64M8H20.00rho0.10.dat",
        "mu_b": 2.2933805250529202,
        "M": 8,
        "init_N": 64,
        "rho_b": 0.1,
        "box_xy": 16.0,
        "H": 20.0,
        "rcut": 1.0,
        "max_N": 640,
        "external_potential": "custom"
    },
    "simulation_params": {
        "EPS_TRANS": 0.05,
        "ROT_RATIO": 0.3,
        "K_MAX": 10,
        "sample_interval": 5,
        "sample_time": 40000,
        "sample_block": 4,
        "dz": 0.02
    },
    "Vext_params": {
        "potential_type": "custom",
        "An": [
            0.8252296027033315,
            -2.3364774812688687,
            -2.163376199743188,
            2.5678044204637605
        ],
        "phi_n": [
            6.026155609640522,
            6.059525390295244,
            2.351308384713278,
            6.028802321009087
        ],
        "Vlin_par": [
            [
                -0.3880470110948346,
                0.5933770356736631,
                -0.023843872964017326,
                -0.2840282138757455
            ],
            [
                2.917391522876501,
                1.2485154841908952,
                -0.11265572685844855,
                -0.5798365755848126
            ]
        ],
        "x_tar": [
            [
                0.1391323186510407,
                5.890684132811181,
                1.3300804501745311,
                6.184397652640589
            ],
            [
                4.533450247526956,
                19.351257638741096,
                16.31751966642146,
                7.274411616619392
            ]
        ],
        "C": 0.2
    },
    "output_params": {
        "output_dir": "output/OUT_config_0514_M8_Trivial_H20.0_mu2.29",
        "output_prefix": "mc_sim_Trivial_H20.0_mub2.29_M8"
    }
}