{
    "input_params": {
        "polymer_type": "Ring",
        "knot_type": "Trivial",
        "configuration": "input/init_config_Z/TrivialN64M8H20.00rho0.10.dat",
        "mu_b": 0.4656022832654183,
        "M": 8,
        "init_N": 64,
        "rho_b": 0.1,
        "box_xy": 16.0,
        "H": 20.0,
        "rcut": 1.0,
        "max_N": 640,
        "external_potential": "custom"
    },
    "simulation_params": {
        "EPS_TRANS": 0.05,
        "ROT_RATIO": 0.3,
        "K_MAX": 10,
        "sample_interval": 5,
        "sample_time": 40000,
        "sample_block": 4,
        "dz": 0.02
    },
    "Vext_params": {
        "potential_type": "custom",
        "An": [
            -0.809570723806905,
            -1.5915924336516958,
            0.02198353099168383,
            0.6355663523721045
        ],
        "phi_n": [
            2.4748611945428314,
            1.7060798669517039,
            1.7269944268613184,
            5.655123723181857
        ],
        "Vlin_par": [
            [
                -0.5698733278224491,
                3.060588574665718,
                0.2299204765672337,
                2.2234723771326466
            ],
            [
                -1.6395767129687526,
                -3.0659320524279123,
                -3.1590949571628366,
                -0.29243772980263255
            ]
        ],
        "x_tar": [
            [
                11.409530947870481,
                4.442064305745463,
                1.1450202504518292,
                3.2977486083601404
            ],
            [
                16.96549735712087,
                15.250307441539245,
                18.38097547954816,
                19.839997797066303
            ]
        ],
        "C": 0.2
    },
    "output_params": {
        "output_dir": "output/OUT_config_0419_M8_Trivial_H20.0_mu0.47",
        "output_prefix": "mc_sim_Trivial_H20.0_mub0.47_M8"
    }
}