{
    "input_params": {
        "polymer_type": "Ring",
        "knot_type": "Trivial",
        "configuration": "input/init_config_Z/TrivialN64M8H20.00rho0.10.dat",
        "mu_b": 4.085318266484882,
        "M": 8,
        "init_N": 64,
        "rho_b": 0.1,
        "box_xy": 16.0,
        "H": 20.0,
        "rcut": 1.0,
        "max_N": 640,
        "external_potential": "custom"
    },
    "simulation_params": {
        "EPS_TRANS": 0.05,
        "ROT_RATIO": 0.3,
        "K_MAX": 10,
        "sample_interval": 5,
        "sample_time": 40000,
        "sample_block": 4,
        "dz": 0.02
    },
    "Vext_params": {
        "potential_type": "custom",
        "An": [
            -2.7017319196879983,
            1.3396401182587,
            -1.0926263264486618,
            2.428447277090639
        ],
        "phi_n": [
            3.585387261416584,
            1.4006364399747888,
            5.190903262686386,
            2.7083984456884296
        ],
        "Vlin_par": [
            [
                -0.7684354300108158,
                0.5870390813901603,
                0.6221772606642517,
                0.6187839919969879
            ],
            [
                1.7116562064546066,
                1.6103952029567348,
                0.20558135439439665,
                -1.1644323911379404
            ]
        ],
        "x_tar": [
            [
                2.243647240927127,
                0.7828916604179326,
                18.94482936735781,
                5.676809313657147
            ],
            [
                15.495527202978046,
                12.744172135748709,
                19.323942625359763,
                7.531363201767338
            ]
        ],
        "C": 0.2
    },
    "output_params": {
        "output_dir": "output/OUT_config_0240_M8_Trivial_H20.0_mu4.09",
        "output_prefix": "mc_sim_Trivial_H20.0_mub4.09_M8"
    }
}