{
    "input_params": {
        "polymer_type": "Ring",
        "knot_type": "Trivial",
        "configuration": "input/init_config_Z/TrivialN64M8H20.00rho0.10.dat",
        "mu_b": 3.174004060258392,
        "M": 8,
        "init_N": 64,
        "rho_b": 0.1,
        "box_xy": 16.0,
        "H": 20.0,
        "rcut": 1.0,
        "max_N": 640,
        "external_potential": "custom"
    },
    "simulation_params": {
        "EPS_TRANS": 0.05,
        "ROT_RATIO": 0.3,
        "K_MAX": 10,
        "sample_interval": 5,
        "sample_time": 40000,
        "sample_block": 4,
        "dz": 0.02
    },
    "Vext_params": {
        "potential_type": "custom",
        "An": [
            -4.062889124471876,
            2.5245232737321275,
            -1.26275493669872,
            0.6257804413335477
        ],
        "phi_n": [
            4.407783140798694,
            0.10219796090346472,
            0.02114133746387916,
            3.262763187961618
        ],
        "Vlin_par": [
            [
                -3.709722150204545,
                -1.0891003438516147,
                0.9393312244022295,
                1.098089829357055
            ],
            [
                -0.8490964840782755,
                -0.006335903058654059,
                0.7289319895960286,
                -0.09883437123073567
            ]
        ],
        "x_tar": [
            [
                6.915078779064363,
                15.279867425015897,
                12.127998968807091,
                1.0234291924282113
            ],
            [
                16.89419321158941,
                15.492955022777268,
                16.125454373238096,
                1.3301662868558384
            ]
        ],
        "C": 0.2
    },
    "output_params": {
        "output_dir": "output/OUT_config_0130_M8_Trivial_H20.0_mu3.17",
        "output_prefix": "mc_sim_Trivial_H20.0_mub3.17_M8"
    }
}