{
    "input_params": {
        "polymer_type": "Ring",
        "knot_type": "Trivial",
        "configuration": "input/init_config_Z/TrivialN64M8H20.00rho0.10.dat",
        "mu_b": 0.4998454270009174,
        "M": 8,
        "init_N": 64,
        "rho_b": 0.1,
        "box_xy": 16.0,
        "H": 20.0,
        "rcut": 1.0,
        "max_N": 640,
        "external_potential": "custom"
    },
    "simulation_params": {
        "EPS_TRANS": 0.05,
        "ROT_RATIO": 0.3,
        "K_MAX": 10,
        "sample_interval": 5,
        "sample_time": 40000,
        "sample_block": 4,
        "dz": 0.02
    },
    "Vext_params": {
        "potential_type": "custom",
        "An": [
            1.2293291453109472,
            2.4639732134882193,
            -0.4915421348207926,
            1.641734121151303
        ],
        "phi_n": [
            3.4939983817592863,
            1.149403746214439,
            3.9873827468701495,
            3.455301428183637
        ],
        "Vlin_par": [
            [
                1.1661100090082908,
                -2.343015070429815,
                -2.1324465200395895,
                1.81320446743552
            ],
            [
                -1.793049692191135,
                -0.7627016089390216,
                -2.6008299036814253,
                -0.5479775270657999
            ]
        ],
        "x_tar": [
            [
                11.869163378653791,
                8.950785648141649,
                9.591199083749462,
                1.667348324240947
            ],
            [
                12.534849084868906,
                10.774495446019632,
                17.48256653048836,
                14.680489427697456
            ]
        ],
        "C": 0.2
    },
    "output_params": {
        "output_dir": "output/OUT_config_0069_M8_Trivial_H20.0_mu0.50",
        "output_prefix": "mc_sim_Trivial_H20.0_mub0.50_M8"
    }
}