{
    "input_params": {
        "polymer_type": "Ring",
        "knot_type": "Trivial",
        "configuration": "input/init_config_Z/TrivialN64M8H20.00rho0.10.dat",
        "mu_b": 5.713068614276288,
        "M": 8,
        "init_N": 64,
        "rho_b": 0.1,
        "box_xy": 16.0,
        "H": 20.0,
        "rcut": 1.0,
        "max_N": 640,
        "external_potential": "custom"
    },
    "simulation_params": {
        "EPS_TRANS": 0.05,
        "ROT_RATIO": 0.3,
        "K_MAX": 10,
        "sample_interval": 5,
        "sample_time": 40000,
        "sample_block": 4,
        "dz": 0.02
    },
    "Vext_params": {
        "potential_type": "custom",
        "An": [
            -1.3885315773766118,
            -0.4630538340503122,
            1.5559412192583397,
            -1.057232407912093
        ],
        "phi_n": [
            5.167450182118914,
            4.158358743355951,
            5.108802507705083,
            1.9495534491582656
        ],
        "Vlin_par": [
            [
                1.520805652606309,
                -1.3715526085161664,
                2.568879649552073,
                1.4181505073376388
            ],
            [
                2.0814050806820825,
                -0.6064154295095715,
                1.9034750760013186,
                2.9762442026690064
            ]
        ],
        "x_tar": [
            [
                9.96614698625647,
                11.470738914905374,
                3.7539033855504833,
                5.654547387177384
            ],
            [
                14.995008561966937,
                13.113063569858575,
                10.248339307815606,
                16.671034051513757
            ]
        ],
        "C": 0.2
    },
    "output_params": {
        "output_dir": "output/OUT_config_0034_M8_Trivial_H20.0_mu5.71",
        "output_prefix": "mc_sim_Trivial_H20.0_mub5.71_M8"
    }
}