{
    "input_params": {
        "polymer_type": "Ring",
        "knot_type": "Trivial",
        "configuration": "input/init_config_Z/TrivialN64M8H20.00rho0.10.dat",
        "mu_b": 2.921058322941394,
        "M": 8,
        "init_N": 64,
        "rho_b": 0.1,
        "box_xy": 16.0,
        "H": 20.0,
        "rcut": 1.0,
        "max_N": 640,
        "external_potential": "custom"
    },
    "simulation_params": {
        "EPS_TRANS": 0.05,
        "ROT_RATIO": 0.3,
        "K_MAX": 10,
        "sample_interval": 5,
        "sample_time": 40000,
        "sample_block": 4,
        "dz": 0.02
    },
    "Vext_params": {
        "potential_type": "custom",
        "An": [
            1.380841219932201,
            -0.6134134488853986,
            1.4196126451185005,
            -1.3718620376737307
        ],
        "phi_n": [
            2.797835671095507,
            3.8294224688316003,
            1.943156616804157,
            4.026502848706957
        ],
        "Vlin_par": [
            [
                1.3827917750036938,
                1.2198747110445323,
                -0.11058596349868383,
                2.23737024713671
            ],
            [
                -4.165857473864262,
                -0.7182218938553291,
                -2.6180755491706424,
                0.021407794703135457
            ]
        ],
        "x_tar": [
            [
                14.829984040925442,
                7.530062520298932,
                3.3292627427889276,
                7.666277102056971
            ],
            [
                19.301685371983343,
                13.622945383085145,
                11.573327219750794,
                11.674018837889964
            ]
        ],
        "C": 0.2
    },
    "output_params": {
        "output_dir": "output/OUT_config_0250_M8_Trivial_H20.0_mu2.92",
        "output_prefix": "mc_sim_Trivial_H20.0_mub2.92_M8"
    }
}