{
    "input_params": {
        "polymer_type": "Ring",
        "knot_type": "Trivial",
        "configuration": "input/init_config_Z/TrivialN64M8H20.00rho0.10.dat",
        "mu_b": 0.3832003489767932,
        "M": 8,
        "init_N": 64,
        "rho_b": 0.1,
        "box_xy": 16.0,
        "H": 20.0,
        "rcut": 1.0,
        "max_N": 640,
        "external_potential": "custom"
    },
    "simulation_params": {
        "EPS_TRANS": 0.05,
        "ROT_RATIO": 0.3,
        "K_MAX": 10,
        "sample_interval": 5,
        "sample_time": 40000,
        "sample_block": 4,
        "dz": 0.02
    },
    "Vext_params": {
        "potential_type": "custom",
        "An": [
            0.4164392082964288,
            0.8453570767074955,
            -2.3958529736592236,
            0.6799718188552293
        ],
        "phi_n": [
            5.571313628925405,
            0.6111322580376565,
            5.240638237745356,
            5.119568275899711
        ],
        "Vlin_par": [
            [
                1.6098543364620435,
                1.161819876220132,
                0.3306699815899759,
                0.8487401400947243
            ],
            [
                -0.5039769883725875,
                1.60586460510446,
                -1.1225327236226856,
                3.0253628532606722
            ]
        ],
        "x_tar": [
            [
                3.2572559354715858,
                1.6305511396406747,
                11.147873666480546,
                13.377801856672189
            ],
            [
                12.650139968573495,
                6.178450531957848,
                15.18917058013355,
                18.453903615803526
            ]
        ],
        "C": 0.2
    },
    "output_params": {
        "output_dir": "output/OUT_config_0003_M8_Trivial_H20.0_mu0.38",
        "output_prefix": "mc_sim_Trivial_H20.0_mub0.38_M8"
    }
}