{
    "input_params": {
        "polymer_type": "Ring",
        "knot_type": "Trivial",
        "configuration": "input/init_config_Z/TrivialN64M8H20.00rho0.10.dat",
        "mu_b": 2.5696169364589267,
        "M": 8,
        "init_N": 64,
        "rho_b": 0.1,
        "box_xy": 16.0,
        "H": 20.0,
        "rcut": 1.0,
        "max_N": 640,
        "external_potential": "custom"
    },
    "simulation_params": {
        "EPS_TRANS": 0.05,
        "ROT_RATIO": 0.3,
        "K_MAX": 10,
        "sample_interval": 5,
        "sample_time": 40000,
        "sample_block": 4,
        "dz": 0.02
    },
    "Vext_params": {
        "potential_type": "custom",
        "An": [
            1.5954606541061092,
            0.36949435823091364,
            0.5943401348076857,
            1.9122030606903464
        ],
        "phi_n": [
            1.3039820840551564,
            4.505166764805673,
            0.8282415632612128,
            2.2352393386969944
        ],
        "Vlin_par": [
            [
                2.7917781212234356,
                0.3812383647091369,
                3.99357532962912,
                -1.8669670628282828
            ],
            [
                0.9456080035296115,
                0.8900610380796318,
                -4.839267325929211,
                -1.2987905427020983
            ]
        ],
        "x_tar": [
            [
                8.286946787094545,
                16.8337415643397,
                9.184801443169679,
                3.4406161685830527
            ],
            [
                18.084921943842794,
                19.951033106222372,
                16.924432304773426,
                6.247901011290056
            ]
        ],
        "C": 0.2
    },
    "output_params": {
        "output_dir": "output/OUT_config_0422_M8_Trivial_H20.0_mu2.57",
        "output_prefix": "mc_sim_Trivial_H20.0_mub2.57_M8"
    }
}