{
    "input_params": {
        "polymer_type": "Ring",
        "knot_type": "Trivial",
        "configuration": "input/init_config_Z/TrivialN64M8H20.00rho0.10.dat",
        "mu_b": 2.0906223033306066,
        "M": 8,
        "init_N": 64,
        "rho_b": 0.1,
        "box_xy": 16.0,
        "H": 20.0,
        "rcut": 1.0,
        "max_N": 640,
        "external_potential": "custom"
    },
    "simulation_params": {
        "EPS_TRANS": 0.05,
        "ROT_RATIO": 0.3,
        "K_MAX": 10,
        "sample_interval": 5,
        "sample_time": 40000,
        "sample_block": 4,
        "dz": 0.02
    },
    "Vext_params": {
        "potential_type": "custom",
        "An": [
            0.004406895365498758,
            -0.8034099067517809,
            -2.0327853042986406,
            0.9530529409458754
        ],
        "phi_n": [
            3.948499838368727,
            6.085572054352895,
            0.25246308659370914,
            0.01022028194653083
        ],
        "Vlin_par": [
            [
                0.9422739393698611,
                4.109314402231464,
                -1.221745776323584,
                -1.117901273762275
            ],
            [
                -0.2024560543964432,
                0.9486749254777967,
                -0.005334496776312753,
                -0.2853230274806356
            ]
        ],
        "x_tar": [
            [
                16.93384918829707,
                7.874795669648426,
                2.5883713396987362,
                8.937039613800202
            ],
            [
                18.84988783835461,
                15.80152795267871,
                4.13659365862263,
                14.857926380045779
            ]
        ],
        "C": 0.2
    },
    "output_params": {
        "output_dir": "output/OUT_config_0192_M8_Trivial_H20.0_mu2.09",
        "output_prefix": "mc_sim_Trivial_H20.0_mub2.09_M8"
    }
}