{
    "input_params": {
        "polymer_type": "Ring",
        "knot_type": "Trivial",
        "configuration": "input/init_config_Z/TrivialN64M8H20.00rho0.10.dat",
        "mu_b": 3.0691353255108487,
        "M": 8,
        "init_N": 64,
        "rho_b": 0.1,
        "box_xy": 16.0,
        "H": 20.0,
        "rcut": 1.0,
        "max_N": 640,
        "external_potential": "custom"
    },
    "simulation_params": {
        "EPS_TRANS": 0.05,
        "ROT_RATIO": 0.3,
        "K_MAX": 10,
        "sample_interval": 5,
        "sample_time": 40000,
        "sample_block": 4,
        "dz": 0.02
    },
    "Vext_params": {
        "potential_type": "custom",
        "An": [
            -1.558412100801359,
            -0.7756964325527799,
            0.3463539952067173,
            -1.7284008486170233
        ],
        "phi_n": [
            1.4376582856391174,
            5.94550365468003,
            3.591618885899014,
            0.20598848917517712
        ],
        "Vlin_par": [
            [
                -0.5753605714110479,
                -0.37311423064522364,
                0.09211771117324143,
                0.573592890453508
            ],
            [
                1.301429945038251,
                0.7781292137239366,
                -0.1596716106620905,
                -0.03598587045667912
            ]
        ],
        "x_tar": [
            [
                13.077688113410446,
                6.09172914248653,
                16.094419718615185,
                3.4812661952112256
            ],
            [
                13.565010242086831,
                17.216518416539206,
                18.34201627316197,
                18.549270486555592
            ]
        ],
        "C": 0.2
    },
    "output_params": {
        "output_dir": "output/OUT_config_0050_M8_Trivial_H20.0_mu3.07",
        "output_prefix": "mc_sim_Trivial_H20.0_mub3.07_M8"
    }
}