{
    "input_params": {
        "polymer_type": "Ring",
        "knot_type": "Trivial",
        "configuration": "input/init_config_Z/TrivialN64M8H20.00rho0.10.dat",
        "mu_b": -0.6705847410092257,
        "M": 8,
        "init_N": 64,
        "rho_b": 0.1,
        "box_xy": 16.0,
        "H": 20.0,
        "rcut": 1.0,
        "max_N": 640,
        "external_potential": "custom"
    },
    "simulation_params": {
        "EPS_TRANS": 0.05,
        "ROT_RATIO": 0.3,
        "K_MAX": 10,
        "sample_interval": 5,
        "sample_time": 40000,
        "sample_block": 4,
        "dz": 0.02
    },
    "Vext_params": {
        "potential_type": "custom",
        "An": [
            -1.0848363279190667,
            -0.029425519789626143,
            -1.161844626976983,
            1.1162142466063087
        ],
        "phi_n": [
            0.20872974012975892,
            5.207103681344379,
            6.228742474519963,
            5.070247812432515
        ],
        "Vlin_par": [
            [
                0.16787460358215545,
                -2.3327325783926254,
                0.9213281480968006,
                2.2321419547314325
            ],
            [
                -1.1630446454422414,
                1.074786675272384,
                2.277763710120368,
                -0.5436532133236358
            ]
        ],
        "x_tar": [
            [
                5.128402341158617,
                4.312251212821212,
                3.1281011792010815,
                3.7027922510694267
            ],
            [
                12.67922549402922,
                10.718437314953341,
                18.513788468036967,
                4.335876743712708
            ]
        ],
        "C": 0.2
    },
    "output_params": {
        "output_dir": "output/OUT_config_0062_M8_Trivial_H20.0_mu-0.67",
        "output_prefix": "mc_sim_Trivial_H20.0_mub-0.67_M8"
    }
}