{
    "input_params": {
        "polymer_type": "Ring",
        "knot_type": "Trivial",
        "configuration": "input/init_config_Z/TrivialN64M8H20.00rho0.10.dat",
        "mu_b": 0.9889257741617936,
        "M": 8,
        "init_N": 64,
        "rho_b": 0.1,
        "box_xy": 16.0,
        "H": 20.0,
        "rcut": 1.0,
        "max_N": 640,
        "external_potential": "custom"
    },
    "simulation_params": {
        "EPS_TRANS": 0.05,
        "ROT_RATIO": 0.3,
        "K_MAX": 10,
        "sample_interval": 5,
        "sample_time": 40000,
        "sample_block": 4,
        "dz": 0.02
    },
    "Vext_params": {
        "potential_type": "custom",
        "An": [
            3.0524361025429094,
            1.318313572160438,
            -1.101288665109852,
            0.45924731891589277
        ],
        "phi_n": [
            0.2281529425978623,
            6.1849343731959685,
            4.3384194946685755,
            5.979593810678561
        ],
        "Vlin_par": [
            [
                1.123101153700317,
                0.22231419381085477,
                0.018989790284626683,
                -0.8039675976285428
            ],
            [
                0.0594271571177719,
                -1.0226863771025956,
                0.38733404816328687,
                1.7855464073012488
            ]
        ],
        "x_tar": [
            [
                6.92467117155598,
                3.8295699477510015,
                8.798405775731863,
                11.867096255061174
            ],
            [
                17.67782353905971,
                13.352356124754486,
                14.824244314711583,
                18.957088992163598
            ]
        ],
        "C": 0.2
    },
    "output_params": {
        "output_dir": "output/OUT_config_0000_M8_Trivial_H20.0_mu0.99",
        "output_prefix": "mc_sim_Trivial_H20.0_mub0.99_M8"
    }
}