{
    "input_params": {
        "polymer_type": "Ring",
        "knot_type": "Trivial",
        "configuration": "input/init_config_Z/TrivialN64M8H20.00rho0.10.dat",
        "mu_b": 4.577723785659358,
        "M": 8,
        "init_N": 64,
        "rho_b": 0.1,
        "box_xy": 16.0,
        "H": 20.0,
        "rcut": 1.0,
        "max_N": 640,
        "external_potential": "custom"
    },
    "simulation_params": {
        "EPS_TRANS": 0.05,
        "ROT_RATIO": 0.3,
        "K_MAX": 10,
        "sample_interval": 5,
        "sample_time": 40000,
        "sample_block": 4,
        "dz": 0.02
    },
    "Vext_params": {
        "potential_type": "custom",
        "An": [
            -0.9623667345776885,
            -1.352308428007616,
            2.5580900115349126,
            -1.8412288102928813
        ],
        "phi_n": [
            0.6441334548170901,
            4.519336713132414,
            2.3655714837716757,
            1.0293826711406184
        ],
        "Vlin_par": [
            [
                -3.766274888123686,
                5.215558824870197,
                0.43042869285541524,
                -3.9223370534385316
            ],
            [
                -1.6727532711972586,
                2.5534342194607844,
                1.0747837163063174,
                4.362739854796043
            ]
        ],
        "x_tar": [
            [
                3.4324589895793833,
                4.159906396707383,
                7.388193660177009,
                9.442629251496077
            ],
            [
                6.314531009189636,
                17.224259887394098,
                8.707744680630478,
                16.941532557439917
            ]
        ],
        "C": 0.2
    },
    "output_params": {
        "output_dir": "output/OUT_config_0352_M8_Trivial_H20.0_mu4.58",
        "output_prefix": "mc_sim_Trivial_H20.0_mub4.58_M8"
    }
}