{
    "input_params": {
        "polymer_type": "Ring",
        "knot_type": "Trivial",
        "configuration": "input/init_config_Z/TrivialN64M8H20.00rho0.10.dat",
        "mu_b": 4.8978984244468675,
        "M": 8,
        "init_N": 64,
        "rho_b": 0.1,
        "box_xy": 16.0,
        "H": 20.0,
        "rcut": 1.0,
        "max_N": 640,
        "external_potential": "custom"
    },
    "simulation_params": {
        "EPS_TRANS": 0.05,
        "ROT_RATIO": 0.3,
        "K_MAX": 10,
        "sample_interval": 5,
        "sample_time": 40000,
        "sample_block": 4,
        "dz": 0.02
    },
    "Vext_params": {
        "potential_type": "custom",
        "An": [
            -0.48616620762914753,
            -2.1998134128317113,
            1.37198496350372,
            -2.399861122200356
        ],
        "phi_n": [
            1.884911147406552,
            0.9492306903927629,
            2.667221947899569,
            5.929058633399754
        ],
        "Vlin_par": [
            [
                0.5940333331942711,
                2.448653680261861,
                1.3198634568403764,
                4.525549607710978
            ],
            [
                -1.9171208578347714,
                -3.4800116549409807,
                3.0892367252601964,
                1.779051739914652
            ]
        ],
        "x_tar": [
            [
                3.857171202614007,
                6.302618910208979,
                8.278650265267514,
                8.401039988747742
            ],
            [
                19.704426492815106,
                10.115749226124437,
                15.639541536158333,
                19.549769321715175
            ]
        ],
        "C": 0.2
    },
    "output_params": {
        "output_dir": "output/OUT_config_0301_M8_Trivial_H20.0_mu4.90",
        "output_prefix": "mc_sim_Trivial_H20.0_mub4.90_M8"
    }
}