{
    "input_params": {
        "polymer_type": "Ring",
        "knot_type": "Trivial",
        "configuration": "input/init_config_Z/TrivialN64M8H20.00rho0.10.dat",
        "mu_b": 3.1817531960908454,
        "M": 8,
        "init_N": 64,
        "rho_b": 0.1,
        "box_xy": 16.0,
        "H": 20.0,
        "rcut": 1.0,
        "max_N": 640,
        "external_potential": "custom"
    },
    "simulation_params": {
        "EPS_TRANS": 0.05,
        "ROT_RATIO": 0.3,
        "K_MAX": 10,
        "sample_interval": 5,
        "sample_time": 40000,
        "sample_block": 4,
        "dz": 0.02
    },
    "Vext_params": {
        "potential_type": "custom",
        "An": [
            -1.1566679251609449,
            -1.3303104878820804,
            -1.0333544140752406,
            -0.1772156036878436
        ],
        "phi_n": [
            1.1342281834617256,
            1.5323672816951546,
            1.27117527156884,
            4.623931941180729
        ],
        "Vlin_par": [
            [
                0.8876399646542121,
                2.9348133123827185,
                1.3701453229491016,
                3.600609583696408
            ],
            [
                -1.8741731091490916,
                -0.6023900261537326,
                2.54199785813253,
                -1.051513304602481
            ]
        ],
        "x_tar": [
            [
                3.088146935595939,
                5.089208973535914,
                5.733202994750737,
                0.2824846899091926
            ],
            [
                8.682719454893586,
                9.475277285172542,
                13.856648455208788,
                4.64440188792687
            ]
        ],
        "C": 0.2
    },
    "output_params": {
        "output_dir": "output/OUT_config_0005_M8_Trivial_H20.0_mu3.18",
        "output_prefix": "mc_sim_Trivial_H20.0_mub3.18_M8"
    }
}