{
    "input_params": {
        "polymer_type": "Ring",
        "knot_type": "Trivial",
        "configuration": "input/init_config_Z/TrivialN64M8H20.00rho0.10.dat",
        "mu_b": 5.371668116248866,
        "M": 8,
        "init_N": 64,
        "rho_b": 0.1,
        "box_xy": 16.0,
        "H": 20.0,
        "rcut": 1.0,
        "max_N": 640,
        "external_potential": "custom"
    },
    "simulation_params": {
        "EPS_TRANS": 0.05,
        "ROT_RATIO": 0.3,
        "K_MAX": 10,
        "sample_interval": 5,
        "sample_time": 40000,
        "sample_block": 4,
        "dz": 0.02
    },
    "Vext_params": {
        "potential_type": "custom",
        "An": [
            1.26915858760383,
            -2.2771214303072096,
            -1.5651175334231116,
            0.3965203756951969
        ],
        "phi_n": [
            1.9936078744517796,
            5.3058590701487365,
            0.15533655891224596,
            2.983960596541501
        ],
        "Vlin_par": [
            [
                -0.7238277955992045,
                0.22488883141045968,
                -1.863312206567648,
                -3.069578225624605
            ],
            [
                3.4389859156750826,
                0.9289885763087603,
                -0.3895991740717227,
                -0.23545642788362003
            ]
        ],
        "x_tar": [
            [
                12.745669877365328,
                10.508042111910518,
                0.8741614605473913,
                10.08196257906568
            ],
            [
                15.580079699577208,
                11.262320234865104,
                1.6435073007738255,
                13.540817868283119
            ]
        ],
        "C": 0.2
    },
    "output_params": {
        "output_dir": "output/OUT_config_0454_M8_Trivial_H20.0_mu5.37",
        "output_prefix": "mc_sim_Trivial_H20.0_mub5.37_M8"
    }
}