{
    "input_params": {
        "polymer_type": "Ring",
        "knot_type": "Trivial",
        "configuration": "input/init_config_Z/TrivialN64M8H20.00rho0.10.dat",
        "mu_b": 5.71692518755997,
        "M": 8,
        "init_N": 64,
        "rho_b": 0.1,
        "box_xy": 16.0,
        "H": 20.0,
        "rcut": 1.0,
        "max_N": 640,
        "external_potential": "custom"
    },
    "simulation_params": {
        "EPS_TRANS": 0.05,
        "ROT_RATIO": 0.3,
        "K_MAX": 10,
        "sample_interval": 5,
        "sample_time": 40000,
        "sample_block": 4,
        "dz": 0.02
    },
    "Vext_params": {
        "potential_type": "custom",
        "An": [
            -0.5810027132614947,
            0.425863197958487,
            -3.4960018007409714,
            -1.7688583558145605
        ],
        "phi_n": [
            0.35005325552443106,
            1.9213247419930428,
            4.056145690715728,
            3.6183968597160576
        ],
        "Vlin_par": [
            [
                -0.00020364095483663234,
                4.679991878905564,
                -0.4982087280617298,
                2.8988894524361695
            ],
            [
                1.213408412930114,
                -5.2000718891336986,
                2.3332070703200194,
                -5.0620405234782595
            ]
        ],
        "x_tar": [
            [
                11.936568558822282,
                4.494630763278091,
                4.250685957295309,
                1.379320733410161
            ],
            [
                15.53173158173622,
                15.10038434575733,
                16.612880316275668,
                19.96367182713417
            ]
        ],
        "C": 0.2
    },
    "output_params": {
        "output_dir": "output/OUT_config_0265_M8_Trivial_H20.0_mu5.72",
        "output_prefix": "mc_sim_Trivial_H20.0_mub5.72_M8"
    }
}